Musteri_ID,Yas,Musteri_Kidem_Ay,Aylik_Ortalama_Gelir,Aylik_Ortalama_Harcama,Urun_Sayisi,Mobil_Aktiflik,Son_3Ay_Islem_Sayisi,Son_Kampanyaya_Katilim,Son_12Ay_Kampanya_Katilim_Sayisi,Kredi_Karti_Var,Mevduat_Urunu_Var,Dijital_Kanal_Kullanim,Kampanya_Kanali
YKM00001,35,43,56824.7257853158,36078.232506998895,5,Orta,28,0,1,1,1,Orta,Mobil_Bildirim
YKM00002,66,148,63186.57772894132,17875.417582731472,2,Orta,34,0,1,1,1,Orta,SMS
YKM00003,30,55,40697.3299688019,14753.321455893516,3,Yuksek,35,0,1,1,0,Yuksek,Eposta
YKM00004,43,171,29377.94235048073,8521.925345586893,2,Dusuk,41,0,0,1,1,Dusuk,Mobil_Bildirim
YKM00005,62,124,59786.67806067304,33389.33576909798,6,Orta,17,0,2,1,1,Orta,SMS
YKM00006,31,147,50044.17539742098,23917.458120995696,6,Orta,39,0,0,1,1,Dusuk,Eposta
YKM00007,51,163,19625.51340501104,15832.108609778408,3,Orta,36,0,2,1,1,Orta,SMS
YKM00008,52,57,25330.043363602712,7691.624835757953,3,Orta,39,0,3,1,1,Yuksek,SMS
YKM00009,25,169,73122.66327800929,9219.258645777609,2,Orta,28,0,0,1,1,Yuksek,Eposta
YKM00010,28,117,19857.230307346366,28524.981014494526,2,Yuksek,40,1,1,1,0,Dusuk,Eposta
YKM00011,69,136,67297.06737798655,20785.353027509962,4,Yuksek,33,0,0,1,1,Yuksek,SMS
YKM00012,34,78,27970.279251477445,49132.101939366745,5,Yuksek,39,1,0,1,1,Yuksek,SMS
YKM00013,43,98,27515.673293102467,8985.586969236303,5,Dusuk,42,0,0,1,0,Orta,Mobil_Bildirim
YKM00014,61,113,64596.942913925894,88010.29170765588,5,Yuksek,32,0,1,1,0,Orta,Mobil_Bildirim
YKM00015,38,72,34182.40623617183,30397.835483856637,1,Yuksek,35,0,1,1,1,Yuksek,Mobil_Bildirim
YKM00016,38,164,40006.507538636106,35591.01776236871,4,Yuksek,42,0,2,1,0,Yuksek,SMS
YKM00017,65,45,26284.5509777553,16134.429149477734,5,Dusuk,36,0,1,1,1,Yuksek,Mobil_Bildirim
YKM00018,51,10,31757.472402068935,15375.884357155945,1,Yuksek,30,0,1,1,1,Yuksek,Mobil_Bildirim
YKM00019,47,114,57727.67369608076,37136.75958532855,2,Orta,30,0,0,1,0,Orta,Eposta
YKM00020,39,10,32291.540185319944,13258.205859750762,2,Orta,43,1,1,0,1,Yuksek,Mobil_Bildirim
YKM00021,42,26,59692.1567345808,40295.26752167608,1,Orta,47,0,2,1,1,Yuksek,SMS
YKM00022,45,54,45508.962471089784,6068.768296075738,4,Dusuk,40,0,0,1,0,Yuksek,Mobil_Bildirim
YKM00023,50,110,60246.167371788775,55726.089284387934,4,Dusuk,51,0,1,1,0,Yuksek,SMS
YKM00024,36,33,48233.26173632144,25164.212171517487,1,Yuksek,38,0,3,0,0,Orta,Eposta
YKM00025,65,69,44199.09390878961,18930.13379181763,4,Orta,32,0,2,1,1,Yuksek,Eposta
YKM00026,27,21,34867.52323651223,32851.93466390616,1,Yuksek,39,0,0,0,0,Dusuk,Mobil_Bildirim
YKM00027,52,34,49231.93500564608,26959.09460638276,6,Yuksek,27,0,2,0,0,Orta,Mobil_Bildirim
YKM00028,42,9,80703.7850303339,67199.37151230348,2,Yuksek,42,0,1,0,1,Dusuk,Mobil_Bildirim
YKM00029,32,115,61993.666504532746,12842.300446755784,6,Orta,37,1,1,0,1,Yuksek,Mobil_Bildirim
YKM00030,34,97,11919.626493105172,21625.6108063105,2,Yuksek,31,0,1,1,1,Orta,Mobil_Bildirim
YKM00031,44,63,94481.86487274533,7174.301917995914,4,Orta,31,1,0,1,1,Yuksek,SMS
YKM00032,47,76,41059.77902407916,29717.38253949323,5,Yuksek,49,1,0,1,1,Yuksek,SMS
YKM00033,51,56,25930.379681491086,23033.772730678866,3,Orta,33,0,0,1,1,Yuksek,Mobil_Bildirim
YKM00034,57,136,80936.07700213527,35228.92434238014,5,Yuksek,34,0,2,1,1,Yuksek,SMS
YKM00035,64,12,48329.2027753089,24182.17010080121,2,Yuksek,37,1,1,1,1,Yuksek,SMS
YKM00036,26,66,58972.88846710705,45023.75871509558,3,Orta,32,0,1,0,0,Orta,Eposta
YKM00037,22,1,52035.501362351584,11606.637601632168,1,Yuksek,41,1,0,0,1,Yuksek,Eposta
YKM00038,30,10,51184.11732471553,12494.788167336212,3,Dusuk,43,0,0,1,1,Orta,Mobil_Bildirim
YKM00039,46,69,12750.204035657163,22590.83525872103,1,Orta,35,0,0,1,0,Yuksek,Eposta
YKM00040,61,141,51607.65353659148,14778.351324501233,3,Dusuk,27,1,1,1,1,Dusuk,SMS
YKM00041,70,131,37872.39430345651,45284.72348289194,1,Dusuk,43,0,0,1,1,Orta,Mobil_Bildirim
YKM00042,49,114,32996.98457317074,67094.75528289998,4,Yuksek,34,0,1,1,0,Yuksek,Eposta
YKM00043,34,114,46908.45030890364,39789.88922074292,1,Orta,33,1,0,1,1,Orta,Mobil_Bildirim
YKM00044,42,165,94429.336769414,46698.52921726491,1,Yuksek,50,1,3,1,1,Orta,SMS
YKM00045,39,87,43800.31995688546,64760.86437628735,3,Dusuk,41,0,2,1,1,Dusuk,Mobil_Bildirim
YKM00046,41,114,71820.85294641844,16067.483400743242,2,Orta,35,1,0,1,0,Orta,SMS
YKM00047,38,149,22427.602827832245,17704.118257406073,1,Dusuk,38,1,2,1,0,Yuksek,SMS
YKM00048,21,24,51863.91998873432,20449.898567560027,4,Dusuk,51,1,1,0,1,Yuksek,Mobil_Bildirim
YKM00049,40,144,89519.01055623128,29155.788799897447,4,Yuksek,45,0,1,1,1,Yuksek,Mobil_Bildirim
YKM00050,22,170,61696.628600535456,52035.007605839884,6,Dusuk,34,0,0,0,1,Yuksek,Eposta
YKM00051,49,84,91332.29127123982,43794.18887672275,5,Dusuk,29,0,1,1,0,Dusuk,SMS
YKM00052,56,72,55874.18875564729,29932.868997208137,4,Yuksek,44,0,2,1,0,Dusuk,SMS
YKM00053,46,65,51478.48071505338,26089.90864545031,6,Orta,29,1,1,0,0,Orta,SMS
YKM00054,54,104,67857.89882814628,28462.28467309013,1,Dusuk,42,0,2,1,1,Yuksek,Mobil_Bildirim
YKM00055,68,183,86719.46196097009,14825.407312390533,3,Dusuk,39,0,2,1,0,Yuksek,Mobil_Bildirim
YKM00056,24,68,33839.34880471355,20725.025304983006,5,Orta,32,0,4,1,1,Orta,Eposta
YKM00057,46,21,23626.46680081256,46914.48466548119,4,Yuksek,43,0,2,0,0,Yuksek,SMS
YKM00058,63,11,21967.846331798042,52078.92831293453,4,Yuksek,36,0,3,1,1,Orta,Mobil_Bildirim
YKM00059,51,43,91268.44547314296,52063.15199286516,4,Orta,34,0,0,0,1,Yuksek,Eposta
YKM00060,52,67,30772.052530544766,15048.459042185348,2,Orta,30,1,2,1,1,Orta,Mobil_Bildirim
YKM00061,53,5,23411.357824690014,8852.133651128937,2,Dusuk,42,0,1,1,1,Orta,Eposta
YKM00062,41,89,26748.61651601159,19041.57528530785,2,Orta,30,0,0,1,1,Dusuk,Mobil_Bildirim
YKM00063,54,43,39128.10674344559,46720.791233580625,3,Orta,46,0,0,0,0,Yuksek,Mobil_Bildirim
YKM00064,51,104,86587.17221124093,49687.17263421797,2,Orta,38,1,2,1,1,Orta,Mobil_Bildirim
YKM00065,64,50,30195.875493778323,22151.784863913843,6,Yuksek,25,0,4,1,1,Dusuk,Mobil_Bildirim
YKM00066,34,46,54033.921134392964,52533.46959644044,6,Dusuk,38,1,0,1,1,Yuksek,Eposta
YKM00067,28,137,40508.57680695985,11619.121876235684,3,Yuksek,51,0,3,1,0,Dusuk,SMS
YKM00068,45,72,90256.08683265295,24693.63818833232,6,Orta,30,0,0,1,1,Orta,Mobil_Bildirim
YKM00069,26,121,40095.92667714991,33102.29526013869,1,Dusuk,34,1,0,0,1,Orta,Mobil_Bildirim
YKM00070,53,136,26810.471064875564,29853.064868162415,4,Dusuk,52,1,1,1,1,Orta,SMS
YKM00071,29,142,56301.36314180344,15226.992614478077,3,Yuksek,39,0,1,1,0,Orta,Mobil_Bildirim
YKM00072,60,47,54015.30934077124,34326.71764668046,2,Yuksek,35,1,3,1,1,Orta,Mobil_Bildirim
YKM00073,53,50,18230.000347889418,17586.77777002857,6,Orta,43,0,0,1,0,Orta,Eposta
YKM00074,25,62,42070.42666437982,25581.823318718634,1,Orta,34,1,1,1,1,Orta,SMS
YKM00075,67,33,43122.607719484266,8246.692951464605,4,Dusuk,52,0,2,0,1,Dusuk,Eposta
YKM00076,35,22,53353.5496160216,21825.43500351436,5,Orta,50,0,0,1,1,Orta,Eposta
YKM00077,49,161,47050.27325121769,49107.84734974139,1,Yuksek,20,0,2,1,0,Orta,SMS
YKM00078,63,59,52948.564993025764,13181.062329345572,5,Orta,37,0,2,1,1,Orta,Mobil_Bildirim
YKM00079,31,66,64367.29854008608,27911.65388304092,1,Yuksek,33,0,2,1,1,Dusuk,Eposta
YKM00080,45,46,61700.592431711324,22430.66922580339,4,Orta,35,0,3,1,0,Yuksek,Mobil_Bildirim
YKM00081,37,74,31710.285219638507,19492.283099858698,5,Orta,27,0,3,1,1,Orta,Eposta
YKM00082,67,17,38094.869908665685,15018.955751738898,2,Orta,32,0,2,1,1,Yuksek,Mobil_Bildirim
YKM00083,23,34,116780.61785595848,14668.471774706915,2,Yuksek,27,1,5,1,1,Yuksek,SMS
YKM00084,58,164,65632.02998448914,21579.07321668563,4,Dusuk,35,0,4,1,0,Orta,Mobil_Bildirim
YKM00085,22,171,65801.1548319661,13290.762247005958,6,Yuksek,43,0,0,1,0,Orta,Eposta
YKM00086,55,153,42189.40102710041,33190.12791730035,3,Orta,41,1,0,1,1,Yuksek,Eposta
YKM00087,38,150,50101.86339496773,16030.788007075198,5,Yuksek,55,0,2,0,1,Dusuk,Mobil_Bildirim
YKM00088,50,9,145213.91080992785,30024.482752957014,6,Dusuk,35,1,1,1,0,Yuksek,SMS
YKM00089,36,1,58442.91949285568,21399.056406058437,6,Orta,39,0,2,1,1,Orta,Eposta
YKM00090,33,120,39329.10330045445,29433.583371327295,2,Dusuk,32,1,2,1,0,Dusuk,SMS
YKM00091,50,163,22709.4625345507,20637.51447054476,1,Dusuk,28,0,4,0,1,Yuksek,SMS
YKM00092,25,131,38775.175029018596,25222.309573858016,5,Yuksek,32,1,3,1,0,Yuksek,SMS
YKM00093,64,99,46179.95128943645,9696.708006172834,6,Yuksek,35,1,2,1,1,Orta,Mobil_Bildirim
YKM00094,37,139,48489.39349941755,26999.764559860378,1,Orta,36,1,0,1,0,Yuksek,Mobil_Bildirim
YKM00095,31,173,36174.17892523053,26971.35251153033,2,Yuksek,30,0,0,1,1,Yuksek,Mobil_Bildirim
YKM00096,51,47,52314.51605203893,30282.099913628295,4,Yuksek,37,0,3,0,0,Orta,SMS
YKM00097,56,43,70296.27578522914,28027.053331551284,1,Orta,39,0,2,0,0,Orta,SMS
YKM00098,58,9,17913.512549366922,36734.4102860889,3,Dusuk,36,0,1,0,1,Yuksek,Mobil_Bildirim
YKM00099,52,105,39479.35297864276,27591.78991289556,1,Orta,42,0,0,1,0,Yuksek,SMS
YKM00100,63,48,58541.1738975952,50644.4229048298,4,Orta,36,0,0,1,1,Yuksek,Mobil_Bildirim
YKM00101,31,146,86590.95687387387,43764.97410617562,2,Yuksek,39,0,1,1,1,Orta,Eposta
YKM00102,63,131,35425.93675319433,25202.010648784693,1,Yuksek,35,1,1,0,1,Yuksek,SMS
YKM00103,22,76,45717.66719632869,38203.48023127378,5,Orta,18,0,1,1,1,Yuksek,SMS
YKM00104,43,9,24832.425230062898,11051.251677629858,6,Orta,45,0,1,1,1,Orta,SMS
YKM00105,24,117,18516.02403747041,81758.23046398698,3,Yuksek,40,0,1,1,1,Yuksek,Eposta
YKM00106,32,3,38259.09239677361,10953.988630566297,3,Dusuk,38,0,3,1,0,Yuksek,Mobil_Bildirim
YKM00107,38,74,48778.15486430112,23275.769969725272,6,Dusuk,39,0,3,0,1,Yuksek,SMS
YKM00108,44,85,26459.317284801695,34332.008855885106,6,Yuksek,49,0,0,1,1,Orta,SMS
YKM00109,38,100,41297.990114375825,21179.593495830406,5,Dusuk,41,0,1,0,1,Yuksek,Mobil_Bildirim
YKM00110,33,80,57682.51163992755,31996.79418910925,5,Orta,54,0,1,1,1,Dusuk,Mobil_Bildirim
YKM00111,49,156,40242.36922230485,37756.125550525045,3,Yuksek,38,0,0,1,0,Orta,Mobil_Bildirim
YKM00112,53,6,37007.647523397245,31805.354488618843,3,Dusuk,39,0,1,0,1,Orta,Eposta
YKM00113,53,168,59013.36751391406,23818.190646852185,6,Yuksek,30,0,1,1,0,Orta,Mobil_Bildirim
YKM00114,45,12,28648.901729425645,12512.100672531238,1,Yuksek,34,0,0,0,1,Orta,SMS
YKM00115,55,32,85195.34330366681,23750.039222629814,2,Orta,43,1,2,1,0,Orta,SMS
YKM00116,46,100,20349.98050571063,25623.739509032166,3,Orta,38,0,4,1,0,Orta,Eposta
YKM00117,51,121,71254.29476991648,9548.270705327792,6,Yuksek,41,0,2,1,0,Orta,SMS
YKM00118,24,43,52672.691471636484,23100.821597857175,2,Orta,32,0,2,1,0,Dusuk,Mobil_Bildirim
YKM00119,60,105,30759.98589217997,21957.372720692463,1,Yuksek,32,0,1,1,1,Dusuk,SMS
YKM00120,54,115,41266.089457139555,36903.78246150341,4,Orta,41,1,0,0,1,Orta,Eposta
YKM00121,26,1,42740.19604703901,42017.16311185826,2,Dusuk,33,0,2,1,1,Yuksek,SMS
YKM00122,54,167,46744.484104766816,18186.735495221143,4,Yuksek,35,1,0,0,1,Yuksek,Mobil_Bildirim
YKM00123,42,159,40468.050474462485,19052.972818265123,6,Yuksek,47,0,1,1,0,Dusuk,Eposta
YKM00124,35,130,15813.888110151453,29956.391231875157,3,Dusuk,30,0,0,1,0,Yuksek,Eposta
YKM00125,29,67,78749.81748895628,23802.099998295565,3,Orta,30,1,1,1,1,Yuksek,Eposta
YKM00126,58,34,84601.99321071658,18733.248446417056,6,Orta,42,1,1,1,1,Yuksek,Mobil_Bildirim
YKM00127,43,35,44631.46540779079,29835.891484801446,2,Yuksek,33,0,0,1,0,Dusuk,SMS
YKM00128,39,148,155275.44533542072,12154.69506355208,4,Orta,35,0,2,0,0,Yuksek,Mobil_Bildirim
YKM00129,38,94,40872.12592173189,31903.221373933084,3,Orta,33,0,2,0,0,Yuksek,SMS
YKM00130,34,146,59492.10211173532,8053.601264477695,2,Yuksek,32,0,1,1,0,Yuksek,Eposta
YKM00131,61,69,33865.76696303272,37677.191453241554,1,Yuksek,31,0,2,1,1,Orta,Mobil_Bildirim
YKM00132,65,173,36229.36950241738,26493.700480767293,2,Orta,42,1,2,1,1,Dusuk,Mobil_Bildirim
YKM00133,40,112,66376.79431990102,12932.427283688829,5,Dusuk,33,0,0,1,1,Orta,Mobil_Bildirim
YKM00134,42,152,37958.471400730945,20347.391973055874,1,Dusuk,42,0,2,0,0,Orta,Eposta
YKM00135,51,41,50691.16999560676,36794.059071553536,2,Dusuk,40,1,2,0,1,Orta,SMS
YKM00136,63,36,107312.00145166271,19029.53834579987,2,Yuksek,39,1,3,1,1,Yuksek,Mobil_Bildirim
YKM00137,40,32,37617.79658410176,23377.677335798293,3,Dusuk,33,1,1,1,0,Orta,SMS
YKM00138,30,106,20519.58633893542,17884.02787767844,1,Orta,54,1,1,0,1,Yuksek,Mobil_Bildirim
YKM00139,36,45,44856.32844616022,7893.108330790024,6,Orta,34,1,1,1,1,Yuksek,Mobil_Bildirim
YKM00140,44,133,24963.412826013526,12620.669147992436,4,Yuksek,23,0,0,0,1,Dusuk,Mobil_Bildirim
YKM00141,28,118,80923.02589735918,18392.391258049018,4,Dusuk,55,0,1,0,1,Yuksek,SMS
YKM00142,42,151,44879.78189486222,17716.795279336504,4,Dusuk,43,1,1,0,0,Yuksek,Eposta
YKM00143,24,127,70220.33670331116,53916.51547661311,5,Yuksek,41,0,2,1,1,Yuksek,Mobil_Bildirim
YKM00144,29,168,20477.066576228077,38369.54188979196,3,Yuksek,26,0,1,1,1,Yuksek,Mobil_Bildirim
YKM00145,49,166,88202.1853002956,28764.42289300276,1,Orta,33,1,3,1,0,Yuksek,SMS
YKM00146,28,81,59294.47240399567,53646.90588399715,1,Yuksek,36,0,1,1,1,Dusuk,SMS
YKM00147,33,70,38569.758285580356,42101.783740619496,2,Orta,27,0,2,1,0,Dusuk,Eposta
YKM00148,22,179,21508.945557749554,8613.286958147875,6,Yuksek,46,0,2,1,1,Yuksek,Eposta
YKM00149,68,179,75070.60135080466,24412.524744125454,5,Orta,43,0,3,1,0,Yuksek,Mobil_Bildirim
YKM00150,43,44,25837.910878462768,21298.39121335674,3,Orta,40,0,2,0,1,Yuksek,Mobil_Bildirim
YKM00151,23,82,42329.40063380036,27478.643062378465,4,Yuksek,37,0,3,0,1,Yuksek,Mobil_Bildirim
YKM00152,53,10,33391.26137786331,25428.518019467774,2,Orta,38,0,2,1,0,Dusuk,SMS
YKM00153,30,87,61943.54970094634,20901.525179330332,5,Dusuk,35,1,1,1,0,Yuksek,Eposta
YKM00154,23,57,35343.10696315006,22376.153688086426,5,Orta,36,1,0,0,1,Dusuk,Mobil_Bildirim
YKM00155,61,123,43163.78398744506,43954.45207846228,3,Dusuk,33,0,1,1,1,Yuksek,Mobil_Bildirim
YKM00156,66,50,40093.50833879317,34750.688820697294,3,Orta,42,0,1,1,1,Orta,Mobil_Bildirim
YKM00157,48,120,62163.16352111958,14849.884878531899,6,Orta,41,0,0,1,1,Yuksek,Mobil_Bildirim
YKM00158,32,73,49731.00946799086,25118.635357576004,6,Orta,44,0,1,1,0,Orta,Mobil_Bildirim
YKM00159,63,174,66959.29461156524,13162.993048039978,3,Yuksek,37,0,0,1,1,Orta,SMS
YKM00160,44,91,51654.220767422725,20813.89740154893,5,Yuksek,37,0,0,1,1,Orta,SMS
YKM00161,48,172,90971.90097591624,20409.171888301975,5,Yuksek,42,0,2,1,1,Orta,SMS
YKM00162,37,131,41958.91792740607,22168.586499628116,5,Orta,34,0,0,1,1,Dusuk,Mobil_Bildirim
YKM00163,45,164,36813.75921096965,79042.1093995565,6,Yuksek,28,0,0,1,1,Dusuk,Mobil_Bildirim
YKM00164,65,1,52871.191829049276,36520.06671064559,6,Orta,24,1,0,1,1,Dusuk,Mobil_Bildirim
YKM00165,68,156,77171.41397832427,64587.73558163418,4,Orta,28,0,0,0,1,Orta,Mobil_Bildirim
YKM00166,38,142,15752.923752243158,39334.321336296714,5,Yuksek,54,0,2,1,1,Orta,Eposta
YKM00167,37,113,46619.89567121108,15424.969172203892,5,Orta,40,0,1,0,1,Orta,Mobil_Bildirim
YKM00168,42,96,15216.997977203197,22582.60623385277,3,Orta,42,1,2,1,0,Orta,Mobil_Bildirim
YKM00169,39,11,42292.41588261339,32040.82104806733,4,Orta,32,0,1,0,0,Orta,Mobil_Bildirim
YKM00170,63,10,47200.55494940931,25453.945856477207,6,Yuksek,35,0,1,1,1,Dusuk,SMS
YKM00171,47,41,108858.14799935026,16093.459819797861,3,Dusuk,36,0,1,1,1,Yuksek,SMS
YKM00172,26,119,62344.17979969403,18465.730287018054,2,Orta,46,1,1,0,0,Yuksek,Eposta
YKM00173,67,141,47589.24928638005,37642.79715672506,4,Orta,34,1,1,1,1,Yuksek,Mobil_Bildirim
YKM00174,50,152,49076.97678740731,53119.96893399979,4,Yuksek,38,0,3,1,1,Dusuk,Eposta
YKM00175,62,136,54232.91597624524,25971.658984603375,3,Orta,22,0,2,1,0,Yuksek,Mobil_Bildirim
YKM00176,52,62,36370.03632254965,39205.71970476007,6,Yuksek,29,0,1,1,0,Yuksek,Eposta
YKM00177,61,72,37798.37551500368,25757.873191818602,6,Orta,44,0,4,1,1,Dusuk,Eposta
YKM00178,53,132,81619.0710892564,30423.34655717991,3,Orta,39,0,1,1,0,Orta,Mobil_Bildirim
YKM00179,58,79,45873.56409942664,36052.49952428283,4,Dusuk,30,0,2,1,1,Orta,SMS
YKM00180,56,40,48184.45827702181,20237.808512086227,6,Dusuk,37,0,1,1,1,Yuksek,Mobil_Bildirim
YKM00181,30,176,34669.34788100073,37229.20101454108,3,Yuksek,37,0,4,1,1,Dusuk,Mobil_Bildirim
YKM00182,44,148,21433.617787026917,10630.183747351286,2,Dusuk,49,1,1,0,1,Yuksek,Eposta
YKM00183,28,79,23996.11873472736,18611.491810796928,5,Orta,50,0,0,1,1,Dusuk,Eposta
YKM00184,43,34,15497.244034477155,29571.7421626542,1,Orta,42,1,1,1,1,Orta,SMS
YKM00185,26,121,42623.148208921026,17203.414723586786,2,Orta,30,0,0,0,0,Orta,Eposta
YKM00186,60,98,51480.427531346424,14723.071564075677,6,Yuksek,28,0,1,1,1,Orta,Eposta
YKM00187,66,100,40387.85880093196,51651.36468330295,6,Dusuk,43,0,0,1,0,Yuksek,Mobil_Bildirim
YKM00188,45,58,43239.20853393626,48507.29272691864,2,Yuksek,34,1,3,0,1,Yuksek,SMS
YKM00189,28,8,74616.62287530894,27524.93738220394,2,Dusuk,29,1,1,0,1,Orta,SMS
YKM00190,35,137,69425.58165377167,11539.525890117333,5,Yuksek,33,1,1,1,1,Orta,SMS
YKM00191,30,122,74271.59520199466,19860.768510869653,3,Yuksek,45,0,0,1,0,Yuksek,SMS
YKM00192,57,157,63895.67649650185,15179.99935190678,5,Orta,53,0,0,1,0,Yuksek,Mobil_Bildirim
YKM00193,49,72,74633.50986844322,19674.94486539805,5,Orta,50,1,0,1,0,Yuksek,Mobil_Bildirim
YKM00194,62,125,66540.5274941717,21624.29162863921,5,Orta,33,0,0,1,0,Orta,Mobil_Bildirim
YKM00195,44,138,70927.85191523212,21183.65783650236,2,Yuksek,32,0,1,1,0,Yuksek,Eposta
YKM00196,27,128,25142.834734407872,40344.25207820614,1,Yuksek,29,1,0,1,1,Orta,Mobil_Bildirim
YKM00197,23,123,39877.10391135102,73353.95541176475,6,Orta,45,0,2,1,0,Yuksek,Mobil_Bildirim
YKM00198,65,70,42569.66557855923,52077.38976059916,6,Orta,35,0,1,0,0,Orta,SMS
YKM00199,64,44,29140.99414514866,16445.221717342978,6,Orta,40,0,2,1,1,Yuksek,SMS
YKM00200,61,103,46503.73939816002,32634.07913475492,5,Yuksek,34,0,2,1,0,Yuksek,SMS
YKM00201,37,100,51145.97022082766,20799.4122838089,1,Orta,34,0,1,1,0,Yuksek,Eposta
YKM00202,45,117,41117.36883561457,24520.926574136127,1,Yuksek,35,0,1,1,1,Orta,Mobil_Bildirim
YKM00203,68,78,97554.58850750253,11945.157725600557,6,Yuksek,37,0,1,0,1,Yuksek,Mobil_Bildirim
YKM00204,47,158,61459.11568059897,9463.485763094062,4,Orta,34,0,2,1,1,Dusuk,SMS
YKM00205,34,12,29117.696705213544,20543.59513608206,1,Orta,28,0,2,1,1,Yuksek,SMS
YKM00206,69,1,40959.37751940533,64375.16441801054,4,Orta,52,0,2,1,1,Yuksek,Mobil_Bildirim
YKM00207,20,31,31302.73872592645,57007.465442963476,3,Yuksek,53,0,2,1,1,Orta,Mobil_Bildirim
YKM00208,30,67,59177.729205969306,44545.50415091288,5,Orta,46,0,0,1,1,Orta,SMS
YKM00209,53,26,32432.50605096357,62505.85443949355,1,Orta,37,0,0,1,1,Yuksek,Eposta
YKM00210,57,45,39213.30579384399,25691.95136685545,2,Yuksek,58,0,2,1,0,Orta,SMS
YKM00211,55,6,46971.27939054217,30642.364867644672,2,Orta,33,0,1,1,1,Yuksek,Mobil_Bildirim
YKM00212,35,144,28955.940506468956,22344.59596298328,4,Yuksek,49,0,2,1,1,Yuksek,Mobil_Bildirim
YKM00213,41,145,58489.091646407025,36943.27889523658,2,Dusuk,37,0,0,1,1,Yuksek,Mobil_Bildirim
YKM00214,32,152,98103.5577429411,24221.098890905767,5,Orta,26,1,1,1,1,Yuksek,Mobil_Bildirim
YKM00215,62,142,41355.104707560495,31977.520394865747,4,Yuksek,39,0,0,0,1,Yuksek,Mobil_Bildirim
YKM00216,50,117,63574.751156600636,13729.16479189341,2,Orta,41,1,1,1,0,Orta,SMS
YKM00217,33,103,54117.55924651546,13359.740711897633,1,Orta,49,1,2,1,1,Dusuk,Eposta
YKM00218,27,109,40822.974913468264,31634.64737875864,1,Dusuk,38,1,0,0,1,Orta,Mobil_Bildirim
YKM00219,59,14,20192.82487478746,37104.268271874585,3,Dusuk,41,0,1,0,1,Yuksek,Mobil_Bildirim
YKM00220,32,82,33187.220168530126,26928.059809969607,6,Orta,29,0,0,0,0,Yuksek,SMS
YKM00221,48,128,24333.639789068817,11842.968679037267,6,Yuksek,42,1,0,1,1,Orta,Eposta
YKM00222,45,10,46777.29271499662,38808.19576997939,5,Yuksek,31,1,4,1,1,Dusuk,Mobil_Bildirim
YKM00223,22,167,12669.109235164035,22849.535686850035,2,Orta,38,0,0,1,1,Yuksek,SMS
YKM00224,44,84,59192.591332827185,72597.47056536867,4,Orta,45,1,2,0,0,Orta,SMS
YKM00225,66,8,22773.68267621289,26248.03642509385,4,Yuksek,47,0,1,0,1,Yuksek,Mobil_Bildirim
YKM00226,40,31,52037.10452823824,17401.408043588523,6,Orta,39,0,1,1,0,Dusuk,Mobil_Bildirim
YKM00227,38,10,52635.31050356756,20474.767366101583,5,Orta,44,0,0,1,1,Yuksek,Eposta
YKM00228,52,153,30556.324476530557,29339.542152505743,4,Yuksek,35,0,1,1,1,Yuksek,SMS
YKM00229,32,67,48370.711104445996,20931.4900244352,4,Orta,37,0,1,1,0,Yuksek,Eposta
YKM00230,33,96,44259.86797940969,24465.648592885846,4,Dusuk,49,0,0,0,1,Orta,Eposta
YKM00231,23,174,69593.75536603574,17444.974951171665,3,Yuksek,37,0,1,0,0,Yuksek,Mobil_Bildirim
YKM00232,45,26,83959.38000440516,22779.321535942727,2,Orta,31,1,0,1,1,Orta,Mobil_Bildirim
YKM00233,41,139,34389.44984381577,33987.01112149748,6,Yuksek,50,0,3,0,0,Dusuk,Mobil_Bildirim
YKM00234,55,68,17546.24147974122,24282.13135004443,6,Orta,36,0,1,0,1,Dusuk,Mobil_Bildirim
YKM00235,64,115,80540.13567936972,12538.680429536105,6,Orta,51,1,2,1,1,Dusuk,Mobil_Bildirim
YKM00236,29,122,107345.25444889585,12759.804452155293,6,Yuksek,44,0,3,1,0,Yuksek,Mobil_Bildirim
YKM00237,33,12,40876.63957737317,12878.002114897361,4,Yuksek,44,1,1,1,0,Orta,SMS
YKM00238,62,161,40608.39374850238,9259.619066940817,6,Orta,34,0,2,1,0,Yuksek,SMS
YKM00239,45,164,35108.555987602595,33101.37841107302,1,Orta,33,1,1,0,0,Yuksek,SMS
YKM00240,48,147,63216.641874493864,12707.29233020444,6,Dusuk,51,0,2,1,1,Yuksek,SMS
YKM00241,50,10,34308.539086094286,18719.2605187355,3,Yuksek,44,0,1,1,1,Yuksek,Mobil_Bildirim
YKM00242,56,135,69336.6194031955,28173.973273915093,3,Orta,28,0,0,1,1,Dusuk,Mobil_Bildirim
YKM00243,63,97,36989.007364676785,121418.67255460528,5,Dusuk,44,1,3,1,0,Yuksek,Mobil_Bildirim
YKM00244,41,159,32352.407617694163,35013.557699855606,3,Yuksek,40,1,2,0,0,Orta,SMS
YKM00245,67,75,41769.64872345026,42666.493149512666,1,Orta,35,0,1,1,1,Yuksek,Mobil_Bildirim
YKM00246,28,110,58300.99217415766,26665.076942253432,6,Dusuk,47,0,1,1,1,Yuksek,Mobil_Bildirim
YKM00247,32,66,36151.102222165246,35815.185471348406,1,Yuksek,51,0,1,0,0,Dusuk,Mobil_Bildirim
YKM00248,65,85,53419.19363624652,92547.47618868605,5,Dusuk,32,0,1,1,1,Dusuk,Mobil_Bildirim
YKM00249,42,129,36129.2403131782,25169.739839614747,3,Orta,38,0,1,1,1,Dusuk,Mobil_Bildirim
YKM00250,33,137,58113.94291606406,31011.895728156618,4,Orta,47,0,3,0,1,Orta,Mobil_Bildirim
YKM00251,64,62,21483.637005183336,36859.33523904183,1,Dusuk,32,0,1,1,0,Yuksek,Mobil_Bildirim
YKM00252,43,12,30779.92826836189,29477.12344567926,2,Orta,40,0,0,1,0,Orta,Mobil_Bildirim
YKM00253,29,136,59614.23386060379,19574.322243665574,6,Dusuk,33,1,0,1,0,Orta,Eposta
YKM00254,51,82,66635.19252849014,33489.83505480471,6,Dusuk,36,0,2,1,1,Dusuk,Mobil_Bildirim
YKM00255,35,120,58122.8790598279,33197.74069045127,6,Yuksek,40,0,0,1,0,Yuksek,SMS
YKM00256,29,145,47359.816517516345,15419.56193299848,6,Orta,39,0,1,0,0,Yuksek,Mobil_Bildirim
YKM00257,25,40,28507.965675077023,22721.9317451096,3,Yuksek,35,0,0,1,0,Yuksek,Mobil_Bildirim
YKM00258,48,107,36593.12840164447,51415.75308845864,1,Orta,29,1,0,1,0,Dusuk,SMS
YKM00259,22,98,28299.6582160641,58202.82707736452,1,Dusuk,51,1,2,1,1,Orta,SMS
YKM00260,61,102,142605.10637726414,36115.24652130369,5,Yuksek,32,0,2,1,0,Yuksek,SMS
YKM00261,58,65,48162.05145183061,26910.00840733824,2,Orta,40,0,2,1,1,Yuksek,Mobil_Bildirim
YKM00262,38,122,40513.10258842785,32773.199159161995,4,Yuksek,46,0,1,1,1,Yuksek,Mobil_Bildirim
YKM00263,51,94,25817.897504375538,30144.026587727614,5,Orta,42,0,1,1,0,Orta,Mobil_Bildirim
YKM00264,51,130,29700.767813790255,18882.0251420418,4,Yuksek,40,1,2,1,1,Yuksek,Eposta
YKM00265,30,137,9637.720840299535,10140.227633988618,6,Dusuk,42,1,3,1,1,Orta,Eposta
YKM00266,38,174,45181.14816843823,25824.13965988313,1,Orta,37,0,0,1,1,Yuksek,Mobil_Bildirim
YKM00267,52,100,50511.02173677254,19723.993874221596,4,Orta,46,0,3,1,1,Dusuk,Mobil_Bildirim
YKM00268,55,56,52720.18476070087,24121.505050618543,3,Dusuk,43,0,0,1,1,Yuksek,SMS
YKM00269,23,4,42563.93955823069,21261.39090537496,1,Dusuk,40,0,5,1,1,Yuksek,SMS
YKM00270,33,79,55430.1158433939,62710.411141112425,3,Yuksek,37,0,1,1,0,Orta,SMS
YKM00271,49,39,57084.62527833324,11005.310190470209,6,Orta,35,1,0,1,1,Yuksek,Eposta
YKM00272,38,27,40411.35410206242,22100.51019725423,4,Dusuk,41,0,0,1,1,Orta,Mobil_Bildirim
YKM00273,53,42,48684.238190532116,15375.573126765434,1,Orta,41,0,1,0,1,Yuksek,Eposta
YKM00274,27,74,49545.406092013734,66012.31996114769,5,Orta,52,0,0,1,0,Dusuk,Mobil_Bildirim
YKM00275,37,129,25495.596174376988,19841.850466878714,5,Yuksek,42,0,0,1,1,Yuksek,Eposta
YKM00276,36,186,49071.39283832365,18965.392841531244,6,Orta,36,1,1,1,1,Yuksek,Mobil_Bildirim
YKM00277,48,153,52881.051716629874,34500.9117401399,1,Orta,28,1,1,1,1,Orta,SMS
YKM00278,32,6,54660.90714345509,23480.551838240382,5,Orta,43,0,0,1,1,Yuksek,Eposta
YKM00279,64,1,100806.00283448261,42082.33918794141,1,Yuksek,36,0,0,1,0,Dusuk,Mobil_Bildirim
YKM00280,37,60,20954.536784260094,11951.562953429398,3,Yuksek,35,0,0,0,1,Yuksek,SMS
YKM00281,49,71,26009.61422385899,12774.132896841837,5,Orta,41,0,1,1,1,Yuksek,SMS
YKM00282,45,25,87394.91900014813,31702.57370479683,1,Orta,40,0,1,1,1,Dusuk,Mobil_Bildirim
YKM00283,64,95,63683.389946462514,50114.68663394891,1,Orta,38,0,0,1,0,Yuksek,Mobil_Bildirim
YKM00284,66,34,25743.5947368981,17225.196147827526,3,Orta,24,0,0,1,1,Yuksek,SMS
YKM00285,62,79,57307.291439740475,43369.42921360351,5,Dusuk,38,0,3,1,1,Orta,Mobil_Bildirim
YKM00286,24,81,47258.48472342815,14789.882934266103,4,Yuksek,40,1,0,0,1,Yuksek,SMS
YKM00287,44,31,44303.9011099994,16949.407264197343,1,Orta,34,1,1,1,0,Orta,Mobil_Bildirim
YKM00288,54,56,63432.47736849101,23592.736707695873,5,Dusuk,41,0,1,1,0,Dusuk,SMS
YKM00289,31,23,35145.091538597706,19962.102058940745,3,Orta,43,0,0,0,0,Dusuk,Mobil_Bildirim
YKM00290,56,1,51109.76523691398,15984.470237851227,6,Yuksek,36,0,1,1,0,Yuksek,Mobil_Bildirim
YKM00291,68,39,142716.99705856916,15411.180779800436,4,Yuksek,41,0,1,1,1,Yuksek,SMS
YKM00292,45,24,46116.60717252675,16448.396998078322,2,Yuksek,37,1,3,1,0,Yuksek,Mobil_Bildirim
YKM00293,66,45,54753.25614083574,9260.772296951955,4,Dusuk,26,1,2,1,1,Dusuk,Mobil_Bildirim
YKM00294,42,35,29109.39599137307,35718.80941895826,4,Yuksek,41,0,0,1,1,Orta,Mobil_Bildirim
YKM00295,41,93,38670.62025062973,34287.849020868176,3,Orta,29,0,1,1,1,Orta,Eposta
YKM00296,41,120,20366.70595404325,58427.978440177445,1,Dusuk,50,1,1,1,0,Orta,Eposta
YKM00297,50,97,91441.60370423226,29647.958505131668,2,Dusuk,39,1,1,1,1,Orta,SMS
YKM00298,28,160,51926.85110069141,16858.499667445067,6,Orta,54,0,0,1,1,Orta,Mobil_Bildirim
YKM00299,64,175,102656.34392832688,52330.75956830626,4,Orta,38,0,1,1,1,Dusuk,SMS
YKM00300,53,30,82029.99218925033,35077.22728629437,1,Dusuk,47,0,1,1,1,Orta,Mobil_Bildirim
YKM00301,69,35,26918.147795854005,35561.363304825565,4,Orta,46,0,0,1,0,Orta,Eposta
YKM00302,24,81,36627.68665052232,17607.04124854447,3,Yuksek,41,0,1,1,0,Yuksek,Eposta
YKM00303,66,34,68413.19580342251,12867.42016389653,5,Yuksek,41,0,1,1,0,Orta,Eposta
YKM00304,25,101,35654.64262613462,39823.88473308531,3,Orta,41,1,1,1,1,Orta,Mobil_Bildirim
YKM00305,44,172,73469.13465513095,80960.4005101776,5,Orta,44,0,3,1,0,Yuksek,SMS
YKM00306,22,181,40705.025997184464,23082.77782573709,4,Yuksek,44,0,2,1,0,Dusuk,SMS
YKM00307,53,89,39746.2567426772,24389.23206555962,2,Orta,38,0,1,1,1,Yuksek,Eposta
YKM00308,29,131,123658.40359452202,16757.176339605903,1,Yuksek,41,0,1,0,0,Orta,Mobil_Bildirim
YKM00309,35,103,24857.367961130807,34373.57007831778,1,Orta,35,0,4,1,1,Yuksek,Mobil_Bildirim
YKM00310,32,36,45110.89201415784,15687.033312284366,2,Orta,36,0,1,1,1,Yuksek,Mobil_Bildirim
YKM00311,60,1,25465.137648762993,17158.73489267421,6,Orta,33,0,3,0,0,Yuksek,SMS
YKM00312,63,39,33055.0567797993,34624.80997722459,3,Dusuk,36,0,2,1,1,Orta,Eposta
YKM00313,48,161,54925.4881991909,28326.38399695337,6,Yuksek,46,0,2,1,0,Orta,Mobil_Bildirim
YKM00314,36,41,14740.03649884077,26369.292625235816,6,Orta,32,0,0,1,1,Orta,Mobil_Bildirim
YKM00315,36,38,37205.70245871599,17020.780699166673,5,Dusuk,45,0,1,1,0,Orta,Mobil_Bildirim
YKM00316,32,122,21406.751432629433,18213.0871323507,5,Yuksek,43,1,2,0,0,Yuksek,SMS
YKM00317,21,103,62511.50987547639,115927.32779422918,1,Yuksek,35,0,1,1,1,Yuksek,SMS
YKM00318,53,157,54451.53017370776,24662.008305256797,2,Orta,33,0,1,1,0,Yuksek,SMS
YKM00319,37,12,36842.08399432206,21135.412771278217,5,Orta,34,0,1,1,1,Yuksek,Eposta
YKM00320,59,3,33790.223717106725,24751.812390405124,2,Dusuk,31,0,0,1,1,Yuksek,Eposta
YKM00321,33,26,61474.08631881125,39250.667959608196,5,Dusuk,33,1,0,0,0,Dusuk,Mobil_Bildirim
YKM00322,52,100,23832.005182871846,10080.61949679201,2,Orta,31,0,5,1,1,Orta,Mobil_Bildirim
YKM00323,43,81,37161.97996302061,35609.78553653546,4,Orta,46,1,1,1,1,Orta,Mobil_Bildirim
YKM00324,26,74,61912.98761169183,13276.958611739316,4,Dusuk,27,0,1,1,1,Orta,Eposta
YKM00325,66,63,71834.4723508166,24893.66230401738,2,Orta,29,0,3,1,1,Orta,SMS
YKM00326,63,145,28503.67819057517,30380.312494468268,5,Orta,34,0,0,1,1,Orta,SMS
YKM00327,62,117,56378.46603988828,42433.09116876451,3,Orta,38,0,0,1,1,Dusuk,SMS
YKM00328,45,11,24100.210013548116,49886.12587504014,5,Orta,39,0,0,1,0,Dusuk,SMS
YKM00329,28,141,40847.13510388718,55496.26211637646,3,Orta,29,0,0,1,0,Yuksek,SMS
YKM00330,20,2,48305.36865251538,32155.804811968304,6,Dusuk,37,0,2,1,0,Yuksek,Eposta
YKM00331,29,75,32508.543482084246,36809.211481027334,6,Dusuk,41,0,1,1,1,Orta,Eposta
YKM00332,64,6,31725.834004358352,30291.426547237403,6,Yuksek,31,0,1,1,1,Orta,Mobil_Bildirim
YKM00333,63,42,29953.927422472305,15501.231018830882,5,Dusuk,38,0,1,1,1,Yuksek,Mobil_Bildirim
YKM00334,22,65,114134.59830187939,15403.054063841519,1,Dusuk,42,1,5,1,1,Dusuk,Mobil_Bildirim
YKM00335,43,112,49066.34549719036,24622.092479030485,6,Orta,27,0,0,1,0,Dusuk,SMS
YKM00336,47,37,71406.09669377781,18547.757227560054,4,Yuksek,37,0,1,0,1,Yuksek,SMS
YKM00337,43,50,68604.33228476468,26523.807147137,5,Orta,24,0,2,1,1,Yuksek,Eposta
YKM00338,44,103,39793.60032768265,15098.402227519071,3,Orta,43,1,3,1,1,Orta,Mobil_Bildirim
YKM00339,64,129,79540.37306038328,26733.271649367372,3,Orta,37,0,2,1,1,Orta,SMS
YKM00340,54,47,41452.11527344534,31129.264506548334,6,Yuksek,47,0,1,1,1,Dusuk,Eposta
YKM00341,22,47,144649.98510347813,39254.27008440095,5,Dusuk,49,0,2,1,1,Orta,SMS
YKM00342,22,95,51682.00486972399,55793.77936281161,2,Orta,23,0,1,1,0,Orta,Mobil_Bildirim
YKM00343,69,66,62756.228993269266,30071.200275184172,6,Dusuk,36,1,1,1,0,Dusuk,Eposta
YKM00344,38,132,35886.079593969596,45300.00945121448,1,Orta,38,0,2,0,0,Orta,Mobil_Bildirim
YKM00345,37,102,23017.61929758264,21722.976221680183,1,Dusuk,44,0,3,1,1,Yuksek,SMS
YKM00346,54,174,40962.21516446041,23823.521502503965,4,Yuksek,50,0,3,1,1,Orta,Mobil_Bildirim
YKM00347,23,170,43501.962873214805,22220.805757798964,4,Yuksek,43,0,2,1,0,Dusuk,SMS
YKM00348,48,9,22636.403152344,14901.78228828387,3,Yuksek,52,0,0,1,1,Orta,Mobil_Bildirim
YKM00349,37,158,80723.88721414006,50380.80451424599,4,Orta,35,0,1,1,1,Orta,Mobil_Bildirim
YKM00350,40,36,49463.40450627752,34442.09254293872,5,Yuksek,34,0,0,1,1,Orta,Eposta
YKM00351,60,67,84305.8758411075,29763.542619914806,3,Yuksek,42,0,1,1,1,Dusuk,Mobil_Bildirim
YKM00352,38,143,24549.567649777047,44556.6812836356,6,Orta,44,0,1,1,1,Orta,SMS
YKM00353,52,15,91911.70568771257,17545.325116981032,2,Orta,32,1,2,1,0,Yuksek,SMS
YKM00354,34,73,49061.25443125554,26122.2081144164,1,Orta,36,0,3,1,0,Orta,SMS
YKM00355,54,71,49913.58942031904,39636.065030005244,6,Dusuk,35,1,0,1,0,Orta,Mobil_Bildirim
YKM00356,24,143,19599.083922563786,13143.306335469582,2,Dusuk,46,0,1,0,0,Dusuk,Eposta
YKM00357,46,69,29864.304338809106,38113.327851049,1,Orta,46,0,0,1,1,Yuksek,SMS
YKM00358,65,49,39574.40154217652,29547.975714963988,5,Orta,27,0,7,1,1,Yuksek,Mobil_Bildirim
YKM00359,67,87,98879.49533021038,10670.816341824906,6,Yuksek,35,0,1,0,1,Yuksek,Mobil_Bildirim
YKM00360,57,67,94703.70218621413,15156.309384553517,1,Orta,51,0,1,1,0,Yuksek,Mobil_Bildirim
YKM00361,28,112,43590.552068909725,20804.048504957136,1,Orta,30,0,2,1,1,Yuksek,Mobil_Bildirim
YKM00362,61,50,66657.36986164105,17266.824589434967,6,Yuksek,28,0,1,1,1,Orta,Mobil_Bildirim
YKM00363,58,155,110376.38160862146,18003.51918176077,6,Orta,56,0,3,0,1,Yuksek,Mobil_Bildirim
YKM00364,49,4,74989.3610133303,9744.738475033884,6,Orta,24,0,0,1,1,Orta,SMS
YKM00365,63,136,45612.12683433217,18839.149916556915,1,Dusuk,45,0,0,0,1,Yuksek,Eposta
YKM00366,56,174,59466.59296310543,48546.87779101204,5,Dusuk,48,0,0,0,0,Orta,Mobil_Bildirim
YKM00367,34,146,57274.55094297767,63600.355533656446,2,Orta,42,1,1,1,0,Dusuk,Mobil_Bildirim
YKM00368,36,23,41775.5808757445,21358.646154914786,3,Orta,53,0,2,1,0,Yuksek,SMS
YKM00369,55,157,117879.47408119067,11704.507094762901,3,Yuksek,40,0,1,0,1,Orta,Mobil_Bildirim
YKM00370,34,13,35598.72168759916,15950.557064602057,6,Dusuk,39,0,2,1,0,Yuksek,Mobil_Bildirim
YKM00371,26,179,34655.570467148355,20126.19219627699,4,Dusuk,55,0,0,1,0,Yuksek,SMS
YKM00372,68,17,54509.47145077088,23269.72022567066,5,Dusuk,41,0,0,0,0,Orta,Mobil_Bildirim
YKM00373,27,111,25066.35738243595,33357.67599798242,4,Dusuk,43,0,1,1,0,Orta,SMS
YKM00374,57,67,24194.171040818055,27358.958814594847,6,Yuksek,48,0,5,1,0,Yuksek,SMS
YKM00375,64,101,34929.12512958768,16704.41212249135,6,Yuksek,38,1,1,1,1,Yuksek,SMS
YKM00376,71,92,47111.50946317437,60307.330312408325,5,Orta,33,1,1,0,1,Yuksek,SMS
YKM00377,69,43,40517.95136107067,18888.926754836073,4,Orta,37,0,0,1,1,Orta,SMS
YKM00378,44,79,47167.91216320445,14893.392569763804,3,Yuksek,45,0,1,0,1,Orta,Mobil_Bildirim
YKM00379,34,103,35940.76948544407,14717.241778342173,1,Yuksek,25,0,4,0,1,Orta,Mobil_Bildirim
YKM00380,47,171,44385.188360857836,18624.566740703925,1,Orta,45,0,0,1,1,Yuksek,Mobil_Bildirim
YKM00381,37,98,65490.834247995546,17356.083526017555,4,Orta,40,1,2,1,1,Orta,Mobil_Bildirim
YKM00382,32,15,39457.603422709406,25314.069626385917,3,Orta,29,1,2,1,1,Orta,Mobil_Bildirim
YKM00383,61,168,97062.96359971818,46920.24609847586,2,Orta,33,1,1,1,1,Orta,Eposta
YKM00384,44,95,53923.1630444063,72013.29512852707,4,Orta,43,1,2,0,0,Orta,SMS
YKM00385,50,119,45849.98352434406,48218.857051180785,2,Orta,39,0,1,1,1,Dusuk,Mobil_Bildirim
YKM00386,37,152,26922.5526877032,21215.710341196434,2,Dusuk,36,0,1,1,1,Orta,Mobil_Bildirim
YKM00387,30,49,47478.10670184033,32698.218980899543,6,Yuksek,48,0,1,1,0,Yuksek,Mobil_Bildirim
YKM00388,42,96,63771.58587040274,27653.146572225087,6,Orta,41,0,2,1,1,Orta,Mobil_Bildirim
YKM00389,24,168,50804.36327433723,62886.84667289917,4,Yuksek,42,0,6,1,1,Dusuk,SMS
YKM00390,56,155,34490.25633093641,18179.603963804962,6,Dusuk,33,0,1,1,1,Dusuk,Mobil_Bildirim
YKM00391,23,53,35005.05673368653,54451.5093985001,1,Yuksek,41,1,0,1,0,Orta,SMS
YKM00392,53,70,35356.194981432476,12865.718075605153,4,Orta,42,0,2,1,0,Dusuk,SMS
YKM00393,30,149,30553.826322847453,11437.161740777272,2,Orta,30,0,2,1,1,Orta,Eposta
YKM00394,69,115,49223.82149139767,29318.86455036308,5,Yuksek,36,0,0,1,1,Dusuk,Mobil_Bildirim
YKM00395,55,144,40056.406805976236,31863.599360326527,5,Orta,32,1,1,0,1,Orta,SMS
YKM00396,40,72,74087.4185685496,16271.286850876473,6,Yuksek,53,1,1,1,0,Yuksek,Mobil_Bildirim
YKM00397,64,47,16675.76019012332,11375.584074676775,5,Orta,30,0,1,1,1,Yuksek,SMS
YKM00398,26,85,67512.0535093706,32850.64830639369,2,Yuksek,31,0,0,1,0,Yuksek,Mobil_Bildirim
YKM00399,38,69,34548.18913118979,13357.633457323069,5,Yuksek,39,0,2,1,0,Yuksek,SMS
YKM00400,38,155,33699.65787844075,15526.743488944221,4,Dusuk,56,1,0,0,1,Dusuk,Mobil_Bildirim
YKM00401,59,131,32552.329971778177,19387.291240931463,4,Yuksek,42,1,3,0,1,Orta,Mobil_Bildirim
YKM00402,33,114,28366.784800269354,15908.265850353495,2,Yuksek,35,0,1,1,1,Yuksek,SMS
YKM00403,47,57,47927.68292000385,20971.903457452496,6,Orta,33,0,3,1,1,Orta,Mobil_Bildirim
YKM00404,46,77,38755.834094149264,38488.10067123758,3,Orta,36,0,1,1,0,Dusuk,SMS
YKM00405,25,105,58381.470509828694,40506.50076597211,2,Yuksek,35,1,3,0,0,Orta,SMS
YKM00406,34,177,46503.641477473844,34252.76602500382,5,Dusuk,40,0,2,1,0,Yuksek,Mobil_Bildirim
YKM00407,26,24,63385.865380679985,25122.17916827622,4,Dusuk,29,0,1,1,1,Yuksek,SMS
YKM00408,40,137,63991.50435198227,17030.39582551998,1,Yuksek,26,0,0,1,1,Dusuk,SMS
YKM00409,21,48,49346.02045617774,13673.88232110198,5,Yuksek,39,1,2,1,1,Yuksek,SMS
YKM00410,58,68,42434.388876853,22856.757065054513,2,Orta,27,0,0,1,0,Yuksek,Mobil_Bildirim
YKM00411,35,72,52010.19982362212,11755.629336558675,3,Orta,43,1,1,1,0,Yuksek,Mobil_Bildirim
YKM00412,37,143,38729.17070409827,77459.90054714232,2,Dusuk,49,0,0,1,1,Orta,Eposta
YKM00413,68,131,36059.20202153191,30389.1090665408,3,Dusuk,29,0,2,0,0,Orta,Eposta
YKM00414,58,146,26830.69308524075,26605.2469496631,3,Dusuk,39,0,1,1,1,Yuksek,SMS
YKM00415,31,118,62274.94971629122,10462.054262567966,6,Orta,42,1,1,0,1,Yuksek,Mobil_Bildirim
YKM00416,55,141,66082.52611071225,42195.208463351635,5,Yuksek,37,1,2,1,1,Dusuk,SMS
YKM00417,35,1,50940.02485076529,21364.63502187319,2,Yuksek,37,0,1,1,1,Orta,Mobil_Bildirim
YKM00418,37,139,62172.30755427644,47535.168295287534,4,Dusuk,43,1,1,0,0,Orta,Mobil_Bildirim
YKM00419,36,1,20460.705418670674,30016.871997177688,4,Orta,28,1,2,1,0,Dusuk,Eposta
YKM00420,30,182,29250.418955385005,27206.711460158902,2,Dusuk,35,1,1,0,0,Yuksek,Eposta
YKM00421,54,177,23927.152710986036,9741.129001943309,6,Dusuk,24,0,0,1,1,Yuksek,Eposta
YKM00422,39,109,54872.91297953878,23303.272348467373,5,Orta,34,0,0,1,1,Orta,Mobil_Bildirim
YKM00423,32,34,45794.792374666235,35917.4666306016,1,Yuksek,33,0,2,1,1,Dusuk,Mobil_Bildirim
YKM00424,26,110,68411.4872264146,19631.13484184339,1,Orta,56,0,0,1,1,Orta,Eposta
YKM00425,34,1,68734.93249202815,21287.944043832376,1,Yuksek,38,0,2,1,1,Yuksek,Mobil_Bildirim
YKM00426,55,27,48454.365198739375,91945.56781287605,4,Orta,34,0,0,0,0,Dusuk,Eposta
YKM00427,62,86,22158.986997351818,20453.330581070273,1,Orta,32,0,2,1,1,Orta,Mobil_Bildirim
YKM00428,63,17,58813.75852834968,42866.89915011091,5,Dusuk,36,0,1,1,1,Dusuk,Mobil_Bildirim
YKM00429,66,13,62562.65863168107,22993.378453056586,5,Orta,38,0,1,1,0,Dusuk,Mobil_Bildirim
YKM00430,63,62,39731.9239804451,9949.994917849504,4,Orta,45,0,0,0,1,Orta,SMS
YKM00431,33,127,35151.306659505055,25297.990409910562,5,Orta,33,0,3,1,1,Orta,Mobil_Bildirim
YKM00432,24,148,70447.69159092709,50306.2956760892,5,Orta,33,1,2,1,1,Orta,SMS
YKM00433,40,8,29981.50008131788,23931.504560947727,4,Yuksek,44,0,1,1,1,Yuksek,SMS
YKM00434,47,100,57395.18231540464,16513.134903466715,6,Yuksek,44,0,2,0,1,Dusuk,SMS
YKM00435,31,169,76617.70795162738,25400.49105545901,4,Orta,50,1,2,1,0,Yuksek,SMS
YKM00436,36,143,47187.65957887337,89756.95831140895,6,Orta,29,1,2,1,0,Orta,SMS
YKM00437,42,32,50507.4152118515,16256.212064438152,1,Yuksek,47,1,2,1,1,Orta,Mobil_Bildirim
YKM00438,33,19,67879.57794449686,13228.551617875275,3,Dusuk,40,1,0,1,0,Yuksek,SMS
YKM00439,55,44,65508.16018137137,27247.089001609085,3,Orta,28,0,2,1,1,Orta,Mobil_Bildirim
YKM00440,44,176,120772.0025095311,8520.714444591635,6,Dusuk,30,0,3,0,1,Orta,SMS
YKM00441,54,51,74787.14946114518,15476.874834329525,1,Orta,29,1,3,1,1,Dusuk,SMS
YKM00442,52,43,59833.268898220595,35238.08550294512,4,Dusuk,34,0,1,1,0,Orta,SMS
YKM00443,68,159,48780.00729179156,82169.4103556999,1,Orta,50,1,0,1,1,Yuksek,Eposta
YKM00444,36,35,133071.8685328029,40681.50839102123,5,Dusuk,44,1,3,1,1,Orta,SMS
YKM00445,54,80,37856.215358954585,15756.32371799511,6,Yuksek,33,0,1,1,1,Yuksek,Mobil_Bildirim
YKM00446,32,45,66606.83427472241,21611.18731325257,1,Yuksek,46,1,1,1,1,Orta,Mobil_Bildirim
YKM00447,38,114,52319.096078451235,17806.61104984529,5,Dusuk,49,1,0,1,1,Yuksek,SMS
YKM00448,49,138,47725.18397667933,40600.95823360311,5,Yuksek,34,1,1,0,1,Orta,SMS
YKM00449,51,66,41688.373489372854,11880.821891838239,5,Orta,38,0,1,1,1,Orta,SMS
YKM00450,61,60,79390.47528659702,35584.96325029346,2,Orta,34,0,4,0,1,Yuksek,SMS
YKM00451,52,153,73295.01239533865,48830.03185192049,4,Yuksek,39,0,2,1,1,Orta,Mobil_Bildirim
YKM00452,22,1,73501.01472871413,18251.152088644732,4,Orta,42,0,0,0,1,Yuksek,Eposta
YKM00453,68,16,57344.42444342285,38524.292649139774,1,Yuksek,32,0,2,1,1,Orta,Mobil_Bildirim
YKM00454,34,117,36539.873797531145,13061.649491784163,4,Yuksek,43,0,2,1,0,Orta,Mobil_Bildirim
YKM00455,64,174,73232.06357948667,12123.183989655738,3,Yuksek,29,0,0,1,1,Orta,SMS
YKM00456,53,49,56521.727279819715,24658.26791438711,2,Orta,40,1,4,1,1,Orta,Mobil_Bildirim
YKM00457,60,9,56966.497681250105,26626.036955106323,4,Dusuk,40,0,2,1,1,Yuksek,Eposta
YKM00458,28,168,54663.229666657404,12521.189978397368,6,Orta,44,0,0,1,1,Orta,Mobil_Bildirim
YKM00459,46,8,43177.97989887888,18222.778800754444,2,Dusuk,45,0,0,1,1,Dusuk,Mobil_Bildirim
YKM00460,42,131,111087.58838169204,36503.04654521062,3,Yuksek,34,0,1,1,0,Yuksek,SMS
YKM00461,61,151,20995.974393387958,34638.749694737184,6,Orta,36,0,1,1,1,Orta,SMS
YKM00462,41,67,49865.50723775383,24857.873951565372,6,Yuksek,32,0,1,1,1,Yuksek,Mobil_Bildirim
YKM00463,34,132,15565.865040521201,33531.121026377914,4,Orta,48,1,0,1,0,Orta,Eposta
YKM00464,48,6,77408.7496624309,9285.133849845079,6,Orta,28,0,0,1,1,Orta,SMS
YKM00465,23,143,17133.01072933549,23399.98441644924,6,Yuksek,44,1,1,1,0,Yuksek,SMS
YKM00466,26,22,64413.585567840426,23721.615913612382,6,Orta,34,0,1,0,1,Orta,Eposta
YKM00467,41,19,61330.30104689489,44709.3902984072,1,Orta,30,0,3,1,1,Orta,SMS
YKM00468,57,173,26099.34313319197,35038.247180666054,1,Yuksek,39,0,1,1,1,Orta,SMS
YKM00469,25,125,30328.93768852951,50140.75223592376,4,Yuksek,34,0,1,1,1,Yuksek,Mobil_Bildirim
YKM00470,48,32,56750.579445561125,37921.40573098468,2,Dusuk,50,0,1,0,1,Orta,SMS
YKM00471,44,178,42188.61261821306,11807.160797317132,4,Orta,43,1,1,1,1,Orta,Eposta
YKM00472,43,39,54044.8947164953,28421.953976187076,5,Dusuk,43,0,0,1,1,Orta,SMS
YKM00473,41,26,79688.8418637956,68310.34634467834,2,Yuksek,43,0,1,0,1,Dusuk,Mobil_Bildirim
YKM00474,31,107,37563.12355686709,10206.90047486217,2,Yuksek,42,1,1,1,0,Orta,Mobil_Bildirim
YKM00475,38,48,64565.33289496489,43836.6692073967,1,Orta,49,0,1,1,0,Orta,Eposta
YKM00476,30,177,60211.61628577327,40564.84680283366,2,Yuksek,38,1,1,1,1,Orta,Eposta
YKM00477,67,43,58758.05666634401,40679.17791535181,2,Yuksek,46,0,3,1,1,Orta,Eposta
YKM00478,30,166,30289.237468480358,20578.02572776124,3,Yuksek,38,1,1,1,1,Orta,Mobil_Bildirim
YKM00479,41,107,15924.961140005966,29164.85264785511,5,Orta,47,0,0,0,1,Yuksek,Eposta
YKM00480,49,168,17479.16337297056,40582.55117580469,1,Dusuk,46,0,1,1,1,Orta,Mobil_Bildirim
YKM00481,48,71,22617.426454555243,28269.19180057292,1,Dusuk,36,0,3,1,1,Orta,Mobil_Bildirim
YKM00482,68,49,52322.96163583751,21016.917266582703,6,Orta,39,0,1,1,0,Yuksek,Eposta
YKM00483,62,122,89031.38115314109,26783.80563839406,6,Yuksek,35,0,1,1,0,Yuksek,Mobil_Bildirim
YKM00484,32,12,47963.386193490136,37152.201990208334,4,Dusuk,29,0,2,1,0,Orta,SMS
YKM00485,50,32,32646.63718618613,25571.36784051014,3,Dusuk,45,0,2,1,1,Orta,Mobil_Bildirim
YKM00486,44,51,51570.478253911184,40326.10101935737,3,Orta,57,1,4,1,0,Yuksek,Mobil_Bildirim
YKM00487,32,131,55948.63622021457,23283.565086172945,1,Dusuk,34,0,0,0,0,Yuksek,Eposta
YKM00488,35,132,30383.301867431233,22520.98570550533,4,Yuksek,19,0,0,1,1,Yuksek,SMS
YKM00489,67,121,21856.485541288144,29896.528263424723,5,Orta,45,0,2,1,0,Yuksek,SMS
YKM00490,42,165,40268.667980200924,47129.37275056279,2,Orta,40,0,1,1,0,Yuksek,SMS
YKM00491,62,5,44759.08884304674,26463.312039154123,3,Dusuk,32,0,2,1,1,Orta,Eposta
YKM00492,33,54,53022.318973333124,47240.84831510991,6,Orta,26,1,1,1,0,Orta,Eposta
YKM00493,42,111,44089.846327830695,29431.156001242016,1,Dusuk,36,1,1,1,1,Yuksek,Mobil_Bildirim
YKM00494,65,110,39777.36729677167,63849.059836991015,4,Yuksek,31,0,2,0,1,Orta,SMS
YKM00495,34,59,66140.79810906922,40147.28116192164,2,Yuksek,47,0,1,1,1,Orta,Mobil_Bildirim
YKM00496,25,6,122937.91241470864,27280.942673123394,6,Orta,39,0,2,1,0,Yuksek,Eposta
YKM00497,41,75,53694.590109378616,29970.121226931224,6,Dusuk,35,0,0,1,1,Dusuk,Mobil_Bildirim
YKM00498,48,33,66999.31190787486,59647.15746558083,4,Yuksek,45,0,2,1,1,Yuksek,Mobil_Bildirim
YKM00499,34,85,43711.088307966595,19158.67223547295,5,Orta,43,0,3,1,1,Orta,Eposta
YKM00500,51,125,43893.57619188141,17343.74866686189,4,Dusuk,30,0,0,0,0,Orta,Mobil_Bildirim
YKM00501,26,123,30335.654013623498,11817.300264070525,4,Orta,34,1,0,1,0,Yuksek,Eposta
YKM00502,51,126,63096.53140478617,31892.877386400793,3,Yuksek,30,0,0,1,0,Dusuk,Mobil_Bildirim
YKM00503,68,157,59324.8804844026,30867.224812836495,1,Yuksek,28,0,1,1,0,Yuksek,SMS
YKM00504,45,48,34484.74324241849,25515.91353148797,3,Yuksek,29,0,2,1,1,Orta,Eposta
YKM00505,35,171,80478.43230294775,34336.51307584761,5,Orta,39,0,0,0,1,Dusuk,Mobil_Bildirim
YKM00506,34,130,37697.75067995686,39422.97707476464,1,Orta,41,0,3,1,0,Yuksek,Eposta
YKM00507,30,177,36120.22776822699,21461.98712841795,1,Yuksek,35,1,0,1,1,Orta,SMS
YKM00508,66,126,14174.377636234352,36650.04264097819,2,Yuksek,36,1,2,1,1,Orta,SMS
YKM00509,24,59,39356.73025388022,21494.37407734815,1,Orta,31,0,2,1,0,Orta,Mobil_Bildirim
YKM00510,62,96,57605.22011903607,70076.90726109632,2,Orta,33,1,2,1,0,Orta,Eposta
YKM00511,21,113,32055.655604417498,35736.42869311369,3,Orta,35,0,1,1,0,Orta,Mobil_Bildirim
YKM00512,55,72,26720.126864556845,63400.473586938075,5,Dusuk,44,1,0,1,1,Yuksek,Mobil_Bildirim
YKM00513,57,43,56496.9017947181,18099.961382291498,1,Orta,26,0,1,1,1,Dusuk,Mobil_Bildirim
YKM00514,54,99,15146.627987207068,25456.877255398813,6,Yuksek,32,0,3,1,0,Yuksek,Mobil_Bildirim
YKM00515,23,129,65587.95341483738,41226.42174124005,3,Orta,35,0,1,1,0,Yuksek,Mobil_Bildirim
YKM00516,54,165,101891.79217734053,5739.916713754958,2,Orta,28,0,1,1,0,Yuksek,Eposta
YKM00517,49,100,68483.2069284777,66218.87767753874,4,Yuksek,45,0,0,1,1,Orta,Eposta
YKM00518,61,30,20643.836829333624,33808.46787777123,6,Dusuk,41,0,1,1,1,Yuksek,Mobil_Bildirim
YKM00519,35,62,68315.69748565921,16641.313147704583,3,Yuksek,44,0,0,1,1,Orta,Mobil_Bildirim
YKM00520,30,87,50048.7169003348,78584.9821123344,3,Dusuk,40,0,1,1,0,Yuksek,Eposta
YKM00521,66,105,59429.457261671305,13096.63270570828,1,Yuksek,34,1,3,1,1,Orta,Mobil_Bildirim
YKM00522,61,103,44453.74727595585,21103.625838746753,4,Orta,34,0,3,1,1,Yuksek,Mobil_Bildirim
YKM00523,49,142,60576.11307385436,18416.38739965706,6,Dusuk,45,0,1,1,0,Yuksek,SMS
YKM00524,51,155,72854.5570042846,19310.46147340508,4,Orta,30,0,2,1,1,Yuksek,Mobil_Bildirim
YKM00525,63,52,59664.7045065132,27455.70142186642,5,Orta,49,0,1,1,1,Yuksek,Eposta
YKM00526,58,162,34735.16444969068,17812.144677641627,2,Dusuk,47,0,1,1,1,Yuksek,Mobil_Bildirim
YKM00527,54,125,46412.23761683594,8884.330625416347,5,Orta,49,1,2,1,1,Orta,Mobil_Bildirim
YKM00528,31,53,24302.533087268628,28055.474663542485,6,Orta,38,0,1,0,1,Orta,Mobil_Bildirim
YKM00529,59,100,20094.108893699933,41926.57286576712,5,Yuksek,34,1,0,1,1,Yuksek,SMS
YKM00530,53,159,35716.21346242958,25765.471342826106,4,Yuksek,46,0,1,1,1,Orta,Mobil_Bildirim
YKM00531,42,35,40294.51553908861,15261.068754282453,6,Orta,38,0,1,1,0,Orta,Mobil_Bildirim
YKM00532,64,111,87872.32981020892,14287.643252294727,2,Orta,48,0,1,1,0,Orta,Mobil_Bildirim
YKM00533,65,171,66855.17452882612,16653.054483596454,2,Yuksek,31,1,1,1,1,Yuksek,SMS
YKM00534,70,63,21739.150461391273,43120.390560250715,4,Dusuk,45,0,0,1,0,Yuksek,Mobil_Bildirim
YKM00535,30,35,53328.95051764886,21290.60222169854,3,Orta,32,0,1,1,0,Orta,SMS
YKM00536,42,57,33091.725704006734,19076.7312023497,1,Orta,42,0,3,0,1,Orta,SMS
YKM00537,67,47,24747.25794854961,47533.36791782937,6,Orta,35,0,1,1,1,Yuksek,Mobil_Bildirim
YKM00538,39,86,45379.73896244611,34122.50183173083,2,Yuksek,28,0,1,1,1,Orta,SMS
YKM00539,18,164,44326.37587350363,20758.55375760686,2,Orta,42,0,1,1,1,Orta,SMS
YKM00540,51,111,34692.72992396131,14689.475804228756,1,Orta,31,0,1,1,0,Yuksek,SMS
YKM00541,51,145,37164.59425368474,35543.029036421634,3,Dusuk,46,0,1,1,1,Yuksek,SMS
YKM00542,56,82,38204.26204199754,20706.373252201614,5,Yuksek,42,0,2,1,1,Orta,Eposta
YKM00543,52,139,56556.58197528887,49962.4201889836,6,Orta,43,0,2,1,1,Orta,Mobil_Bildirim
YKM00544,41,86,80073.36319316241,20090.686123117823,1,Orta,28,1,1,1,0,Dusuk,Mobil_Bildirim
YKM00545,43,85,72374.65324615665,16664.89132129341,5,Yuksek,54,0,2,0,1,Orta,Mobil_Bildirim
YKM00546,30,144,89839.61808406917,37504.92663157789,5,Dusuk,39,0,2,1,1,Yuksek,Mobil_Bildirim
YKM00547,69,134,102067.01049720368,16916.065286285208,5,Orta,32,0,1,1,0,Yuksek,Mobil_Bildirim
YKM00548,55,12,58273.99556264705,26106.787009998385,1,Orta,19,0,1,1,0,Yuksek,SMS
YKM00549,27,130,28318.16845275757,33994.25567163071,1,Dusuk,42,0,2,1,0,Orta,Mobil_Bildirim
YKM00550,45,36,62536.36794861374,17355.107807893946,5,Orta,40,0,1,1,1,Orta,SMS
YKM00551,51,97,45704.7292651333,60736.83370795293,3,Orta,47,0,1,1,1,Yuksek,Mobil_Bildirim
YKM00552,34,76,47698.70578620971,20543.646908014398,1,Orta,43,0,1,0,1,Orta,Mobil_Bildirim
YKM00553,66,162,38185.65002583797,9433.035868953646,5,Yuksek,28,1,2,1,1,Yuksek,Eposta
YKM00554,55,114,61191.95241290433,17043.975505817805,1,Orta,34,1,1,1,0,Dusuk,SMS
YKM00555,42,87,36093.88357984997,54511.61333544331,3,Yuksek,52,0,0,1,1,Orta,Mobil_Bildirim
YKM00556,49,145,117593.18183384242,31366.14132567548,1,Yuksek,40,1,1,1,1,Orta,Mobil_Bildirim
YKM00557,28,101,62330.126019037234,24663.030783691393,4,Orta,28,1,2,1,1,Yuksek,Mobil_Bildirim
YKM00558,40,100,98587.19985882669,27809.115236314316,5,Orta,34,1,0,1,1,Orta,Eposta
YKM00559,64,80,93203.479784436,7638.485349545663,6,Orta,34,0,2,1,1,Orta,SMS
YKM00560,47,134,81960.59253886084,27635.685900434553,6,Orta,42,0,0,1,0,Orta,Mobil_Bildirim
YKM00561,55,155,45074.93581897192,37235.760504409154,3,Orta,38,0,1,1,0,Dusuk,SMS
YKM00562,48,14,22638.28072185645,20389.31120132582,3,Orta,37,1,2,1,0,Dusuk,Mobil_Bildirim
YKM00563,45,39,48576.55167873563,22661.707035829113,5,Yuksek,44,0,1,0,1,Dusuk,Mobil_Bildirim
YKM00564,67,57,81501.83269129218,18403.048377642262,5,Yuksek,39,0,1,1,1,Yuksek,Mobil_Bildirim
YKM00565,30,1,47871.25520387801,60700.09259024707,6,Yuksek,52,0,1,1,0,Orta,Eposta
YKM00566,66,127,61502.716147849176,54432.54633391749,6,Orta,37,0,1,1,1,Orta,Mobil_Bildirim
YKM00567,35,152,48166.71644565626,13726.438505149195,4,Yuksek,43,0,4,1,0,Orta,Eposta
YKM00568,35,41,46596.3603398721,29671.931414710536,4,Orta,35,0,1,1,1,Orta,SMS
YKM00569,53,12,66755.85646112637,19102.534504578427,5,Yuksek,40,0,0,1,1,Orta,Mobil_Bildirim
YKM00570,30,59,50937.246928585286,25307.907237960335,5,Yuksek,43,1,1,1,0,Orta,SMS
YKM00571,23,185,66551.06009489307,46625.12350748334,2,Dusuk,43,0,3,1,1,Dusuk,SMS
YKM00572,54,115,60806.38935118169,17233.603227172563,5,Orta,45,0,1,1,1,Orta,Eposta
YKM00573,50,7,141769.7578356932,31327.096486065868,6,Dusuk,32,1,1,1,0,Yuksek,SMS
YKM00574,39,114,52026.24262536049,20877.039944435546,5,Orta,34,0,0,1,1,Orta,Mobil_Bildirim
YKM00575,63,134,42174.937312969276,17462.61025946733,1,Dusuk,49,0,0,0,1,Yuksek,Eposta
YKM00576,58,25,25947.375335370372,28010.09878830686,1,Orta,45,0,3,1,1,Yuksek,Mobil_Bildirim
YKM00577,23,116,30993.845439068402,13328.662442773144,3,Orta,38,0,2,0,1,Dusuk,Mobil_Bildirim
YKM00578,35,144,39656.27099865337,18545.819356599342,5,Dusuk,39,0,0,1,0,Orta,SMS
YKM00579,44,77,43141.05829996191,20312.585367512373,6,Orta,45,0,0,1,1,Orta,Mobil_Bildirim
YKM00580,34,124,48761.287873080066,25355.74569590629,1,Yuksek,47,0,3,1,1,Yuksek,Eposta
YKM00581,39,33,78249.68114642847,17028.70353874967,4,Dusuk,47,1,2,0,1,Orta,Mobil_Bildirim
YKM00582,40,151,31444.35485059282,13189.694533072405,6,Dusuk,35,0,1,1,1,Orta,SMS
YKM00583,36,5,38726.96555587065,22917.907088354128,5,Orta,34,0,1,1,1,Yuksek,Eposta
YKM00584,48,180,44658.97291248611,15059.591466293288,6,Yuksek,45,0,1,1,1,Yuksek,Eposta
YKM00585,57,148,53430.40164772506,23941.307694635125,1,Yuksek,51,0,1,1,0,Yuksek,SMS
YKM00586,48,76,90056.94581958516,46204.81288730642,5,Orta,48,0,1,1,0,Dusuk,Mobil_Bildirim
YKM00587,29,158,93647.32782445668,13224.056993037739,2,Yuksek,49,0,2,1,0,Dusuk,SMS
YKM00588,38,12,57314.33435634726,17538.451542084724,5,Orta,35,1,3,1,1,Yuksek,SMS
YKM00589,53,134,50621.3413522483,15950.55034264648,4,Dusuk,30,0,0,0,0,Orta,Mobil_Bildirim
YKM00590,46,91,113803.21449302502,50517.25433579111,3,Yuksek,34,0,2,1,1,Orta,Mobil_Bildirim
YKM00591,50,150,24079.347506709757,21868.862387584293,5,Dusuk,33,0,1,1,0,Dusuk,Mobil_Bildirim
YKM00592,46,176,36668.86914404981,18797.891601011077,6,Orta,46,0,1,1,1,Yuksek,Mobil_Bildirim
YKM00593,72,39,53093.45036655914,17386.736356749087,2,Orta,41,1,0,1,0,Dusuk,Eposta
YKM00594,30,171,34748.2622475693,36491.48652629313,5,Dusuk,27,0,4,1,1,Yuksek,Eposta
YKM00595,60,102,54342.837000731866,26784.796410654537,5,Orta,37,0,2,1,1,Dusuk,SMS
YKM00596,41,156,86857.98170951243,44979.83524433427,6,Orta,33,0,0,0,1,Orta,Mobil_Bildirim
YKM00597,25,133,51713.66966327391,15752.663711529378,4,Dusuk,45,0,2,1,1,Yuksek,SMS
YKM00598,56,29,95172.13054071263,51471.90870868932,4,Orta,44,0,1,0,1,Orta,Eposta
YKM00599,61,85,83378.00220079577,16456.95506009428,3,Yuksek,35,0,1,1,0,Orta,SMS
YKM00600,59,132,61671.63520161254,38505.54739985988,5,Orta,49,0,0,0,0,Yuksek,Eposta
YKM00601,50,83,74563.13195584406,25764.57772316793,3,Yuksek,36,0,2,1,0,Orta,Mobil_Bildirim
YKM00602,26,155,99611.29390233134,40183.95988629663,5,Dusuk,45,0,1,1,1,Yuksek,Mobil_Bildirim
YKM00603,43,155,51385.58335423248,32034.30539717224,1,Yuksek,38,0,0,1,1,Orta,Mobil_Bildirim
YKM00604,39,67,54800.968225516095,55864.760151210605,3,Dusuk,39,0,1,1,0,Orta,Mobil_Bildirim
YKM00605,50,121,34178.06411932898,40369.82561629596,6,Yuksek,38,0,2,1,1,Yuksek,SMS
YKM00606,31,24,35667.487266808035,18936.52007051285,5,Dusuk,42,1,0,1,0,Orta,Eposta
YKM00607,26,157,33299.933781360174,21265.776599656434,6,Orta,30,1,1,0,1,Yuksek,Mobil_Bildirim
YKM00608,22,53,31532.829494675418,18794.179398063694,1,Dusuk,38,0,4,1,1,Orta,Mobil_Bildirim
YKM00609,22,55,47771.9912061734,23072.53294813281,3,Orta,40,1,2,1,0,Yuksek,Mobil_Bildirim
YKM00610,26,65,101311.63552179771,61107.259571745555,5,Dusuk,33,0,0,0,1,Yuksek,Mobil_Bildirim
YKM00611,37,128,43979.39027672514,29254.20366272013,4,Yuksek,39,0,1,1,1,Orta,Mobil_Bildirim
YKM00612,65,103,35817.94629378266,27380.590296484355,2,Orta,36,0,1,0,1,Orta,SMS
YKM00613,25,133,65235.10213019848,82699.79903293384,1,Yuksek,41,0,2,1,0,Yuksek,SMS
YKM00614,62,120,16608.02813740171,104327.87557862663,5,Orta,37,0,3,1,0,Orta,Mobil_Bildirim
YKM00615,38,145,55651.432791428364,51981.499495398595,1,Orta,41,0,3,1,0,Orta,Mobil_Bildirim
YKM00616,44,137,43523.590301472206,46406.41812915289,6,Dusuk,37,0,1,1,0,Yuksek,SMS
YKM00617,63,155,61184.262702705506,31125.411599395557,3,Dusuk,34,0,1,1,1,Orta,SMS
YKM00618,50,165,64549.87626604004,29658.047840259314,5,Orta,37,1,1,1,1,Dusuk,Mobil_Bildirim
YKM00619,63,73,37639.7703385114,16320.235148600132,5,Dusuk,22,1,1,1,0,Yuksek,SMS
YKM00620,32,54,41126.810104775184,19393.9442708767,5,Orta,38,0,2,1,1,Yuksek,Mobil_Bildirim
YKM00621,35,37,68579.61398869778,26767.243455302247,3,Dusuk,40,0,6,1,1,Yuksek,Mobil_Bildirim
YKM00622,63,1,45984.03007959792,32823.26432859213,1,Orta,51,0,0,1,1,Dusuk,Mobil_Bildirim
YKM00623,49,69,38465.253415554966,11595.515769086627,5,Orta,35,0,1,1,1,Orta,SMS
YKM00624,60,27,19354.550834363003,16048.844141367383,5,Orta,26,0,2,0,1,Yuksek,Eposta
YKM00625,69,65,23682.847649728083,15325.17935003219,6,Yuksek,33,0,1,1,1,Orta,Mobil_Bildirim
YKM00626,65,151,89034.29319663146,38957.76300808268,1,Dusuk,38,1,0,1,1,Orta,Mobil_Bildirim
YKM00627,62,120,39690.1964366555,49624.9777721609,1,Orta,29,1,2,1,0,Yuksek,Eposta
YKM00628,23,38,31866.18727278814,23549.618217931755,2,Dusuk,35,0,4,1,1,Dusuk,SMS
YKM00629,19,66,23483.87163870031,24876.236721601323,6,Dusuk,35,0,3,1,1,Dusuk,SMS
YKM00630,46,42,51614.38456509079,76200.2083825917,6,Dusuk,48,0,1,1,1,Yuksek,Mobil_Bildirim
YKM00631,45,40,40505.03704322164,17362.935183155125,1,Yuksek,49,1,2,1,1,Orta,Mobil_Bildirim
YKM00632,68,74,61594.97878001943,12329.600412880052,1,Dusuk,46,0,1,1,0,Yuksek,Eposta
YKM00633,26,156,70560.3249198652,68689.8052157854,3,Orta,31,0,3,1,1,Orta,Eposta
YKM00634,27,98,84118.27001398946,32770.647654715016,6,Dusuk,41,0,0,1,0,Yuksek,SMS
YKM00635,50,42,67834.33112944885,123704.57048671397,6,Yuksek,35,0,0,1,1,Orta,Mobil_Bildirim
YKM00636,27,112,35769.891947262935,15595.224264389171,3,Orta,35,0,1,1,0,Orta,SMS
YKM00637,55,100,48952.05630806582,15194.64983831418,1,Dusuk,30,0,0,1,0,Dusuk,SMS
YKM00638,49,12,64259.15458370604,14501.032230483039,5,Yuksek,34,0,1,1,1,Orta,Eposta
YKM00639,68,176,113113.7232904141,45250.980000372336,2,Dusuk,36,0,2,1,1,Orta,Eposta
YKM00640,45,98,49817.921104553774,63724.537112228965,1,Dusuk,35,0,0,0,1,Yuksek,SMS
YKM00641,61,112,41536.37790767663,27761.026757392305,3,Yuksek,34,1,1,0,1,Yuksek,Eposta
YKM00642,50,116,48007.12681995958,19212.296412391832,3,Orta,35,0,1,1,1,Yuksek,Eposta
YKM00643,47,7,32146.212471856823,41525.64059042632,6,Orta,39,0,1,1,1,Yuksek,Mobil_Bildirim
YKM00644,66,118,42336.88363879165,27145.378183620775,2,Yuksek,39,0,0,1,0,Orta,Mobil_Bildirim
YKM00645,68,57,18261.24593190162,41299.63639162632,3,Orta,40,0,0,1,1,Dusuk,Mobil_Bildirim
YKM00646,22,65,23534.19107107421,18206.65131342529,6,Dusuk,33,0,1,0,0,Dusuk,Mobil_Bildirim
YKM00647,30,167,35831.86902725579,46264.517956871976,2,Orta,36,0,2,1,0,Orta,Mobil_Bildirim
YKM00648,35,76,25427.615800273616,44289.430075621036,1,Dusuk,38,0,2,1,1,Orta,Mobil_Bildirim
YKM00649,24,121,62589.13577478186,37407.73847905454,5,Orta,36,1,0,1,1,Dusuk,Mobil_Bildirim
YKM00650,68,18,48800.94382934984,29364.349000514252,1,Dusuk,47,1,3,1,1,Orta,SMS
YKM00651,24,52,44982.224679493105,8886.352038579853,3,Orta,30,0,0,1,1,Orta,Mobil_Bildirim
YKM00652,24,31,23717.115843062173,35265.23488041154,6,Yuksek,34,1,2,1,0,Yuksek,Eposta
YKM00653,41,101,60883.8770312586,10218.263893061023,2,Dusuk,45,0,1,1,1,Yuksek,Mobil_Bildirim
YKM00654,41,139,56548.34412174409,27806.808289207464,1,Dusuk,47,0,2,1,0,Orta,SMS
YKM00655,38,178,39628.90648967462,12307.917872419684,6,Dusuk,29,0,0,1,1,Orta,Eposta
YKM00656,52,117,49923.017951806374,13678.830697711295,6,Orta,39,0,1,1,0,Orta,Mobil_Bildirim
YKM00657,22,135,37123.90776241353,26773.34476071106,4,Orta,39,1,1,0,1,Orta,Eposta
YKM00658,36,169,20492.76995480813,16295.907824037511,2,Dusuk,49,0,2,1,1,Dusuk,Eposta
YKM00659,50,152,38935.31649671184,59633.90797610211,4,Orta,45,1,2,1,1,Yuksek,Mobil_Bildirim
YKM00660,68,137,35609.991026005264,22110.40365896247,6,Orta,43,1,3,1,0,Orta,Mobil_Bildirim
YKM00661,58,28,37328.6949946175,23345.894722651992,6,Yuksek,40,0,1,1,0,Orta,Mobil_Bildirim
YKM00662,53,163,67354.07197401556,23015.792026832067,3,Orta,38,0,2,1,1,Orta,Mobil_Bildirim
YKM00663,53,93,14273.228492521213,36922.29383471869,5,Orta,41,1,2,1,0,Orta,Mobil_Bildirim
YKM00664,68,61,55604.99400411494,28073.518335684883,1,Orta,40,0,1,0,1,Orta,SMS
YKM00665,45,6,50873.9029498997,14315.936394828615,1,Orta,35,1,2,1,1,Dusuk,Mobil_Bildirim
YKM00666,47,80,20713.21346420997,26234.641997690516,6,Yuksek,29,1,0,0,0,Yuksek,Mobil_Bildirim
YKM00667,29,99,35603.60598660654,22323.040163927257,4,Yuksek,36,0,2,0,1,Dusuk,SMS
YKM00668,61,32,36639.82436034755,45481.42940388037,3,Yuksek,42,0,3,1,0,Orta,Eposta
YKM00669,39,75,30396.656811349112,15814.400056185792,3,Dusuk,35,1,0,1,1,Orta,Mobil_Bildirim
YKM00670,24,69,73737.52022561815,24143.81051985415,3,Yuksek,55,0,0,0,0,Orta,Mobil_Bildirim
YKM00671,52,73,84189.77442870423,24144.206754787767,1,Orta,33,0,4,1,0,Yuksek,Mobil_Bildirim
YKM00672,50,151,51782.983470377054,17039.793342664416,6,Dusuk,31,1,1,1,1,Yuksek,SMS
YKM00673,38,121,48126.10740577268,24443.807901667762,1,Yuksek,40,0,4,1,1,Orta,Eposta
YKM00674,48,16,54349.1016915771,40517.47531922615,6,Dusuk,49,0,1,1,1,Yuksek,Eposta
YKM00675,37,80,29571.300244982696,44768.910095215724,2,Orta,42,0,2,1,1,Dusuk,Mobil_Bildirim
YKM00676,69,19,49161.09627264534,12932.381049903064,2,Dusuk,40,0,3,1,1,Yuksek,Mobil_Bildirim
YKM00677,49,91,101613.5622397507,18124.644828501026,4,Orta,35,1,1,1,1,Orta,Mobil_Bildirim
YKM00678,27,168,63004.71938952805,18104.48518764095,6,Orta,44,0,3,1,1,Dusuk,Eposta
YKM00679,63,168,24767.08950866086,18397.11572926468,3,Yuksek,27,0,2,1,1,Dusuk,Mobil_Bildirim
YKM00680,69,85,72293.38376838015,24755.34446598118,5,Yuksek,46,0,1,1,0,Yuksek,Mobil_Bildirim
YKM00681,35,127,57553.1931204806,48871.61192854663,6,Dusuk,43,0,0,1,1,Orta,Mobil_Bildirim
YKM00682,24,106,27247.603842684082,18873.1832142325,2,Orta,35,0,1,0,0,Orta,SMS
YKM00683,39,2,53879.521846285024,13311.813913677255,6,Orta,50,1,0,1,1,Orta,Mobil_Bildirim
YKM00684,46,41,95737.24653371998,10425.92420636028,6,Yuksek,37,0,0,1,1,Orta,Mobil_Bildirim
YKM00685,65,142,58943.21100154532,29117.390122715442,6,Yuksek,41,1,2,1,1,Yuksek,Mobil_Bildirim
YKM00686,21,87,92088.13011152735,20967.463978872885,2,Yuksek,46,1,1,1,0,Dusuk,SMS
YKM00687,68,2,52539.532210214194,10588.350919782919,5,Dusuk,39,0,1,1,1,Yuksek,Eposta
YKM00688,24,136,38851.29610445905,12632.569421855102,6,Orta,36,1,2,1,1,Orta,SMS
YKM00689,61,12,50648.6515398223,11648.003521374194,3,Yuksek,53,1,1,1,1,Yuksek,Eposta
YKM00690,45,137,24035.369911350157,12511.649025934794,1,Orta,45,0,1,1,1,Dusuk,SMS
YKM00691,45,143,95498.2798546777,90277.10776693976,5,Dusuk,26,0,1,1,1,Yuksek,Mobil_Bildirim
YKM00692,30,63,13335.138102933552,23146.323611286505,4,Yuksek,32,1,2,1,1,Orta,Mobil_Bildirim
YKM00693,23,92,64435.54466635022,29472.92482034298,1,Orta,38,0,5,1,1,Orta,Mobil_Bildirim
YKM00694,49,179,63969.28066715447,52991.917880529036,2,Yuksek,41,0,2,1,1,Yuksek,Mobil_Bildirim
YKM00695,35,103,54384.73465606553,24705.943628728754,2,Orta,45,1,2,1,1,Orta,Eposta
YKM00696,65,167,70455.22243063725,18321.81484425308,2,Yuksek,31,1,1,1,1,Yuksek,SMS
YKM00697,20,76,26350.389208718996,75030.45537270035,1,Orta,46,0,1,1,1,Orta,Eposta
YKM00698,50,72,57273.41189595612,48860.27246326792,6,Dusuk,49,0,1,1,1,Orta,SMS
YKM00699,31,41,69379.48740247474,44661.901396379115,5,Yuksek,44,0,2,1,1,Orta,Mobil_Bildirim
YKM00700,38,123,99376.56569862003,22141.311525536377,1,Yuksek,36,0,2,1,1,Orta,Eposta
YKM00701,56,113,163847.92558672352,23173.81665408687,5,Orta,36,1,1,1,0,Dusuk,SMS
YKM00702,41,112,43215.50572064049,31501.320545501934,3,Yuksek,47,0,2,1,1,Yuksek,Eposta
YKM00703,24,62,70370.75987107436,25805.430991427398,3,Orta,41,0,1,1,1,Orta,Mobil_Bildirim
YKM00704,44,45,58429.45453033315,27975.2572602222,1,Orta,14,0,0,1,0,Orta,SMS
YKM00705,60,186,39960.98798374315,8478.76621871415,6,Dusuk,55,0,0,1,0,Orta,Mobil_Bildirim
YKM00706,24,12,44419.61998777828,42500.71235710546,4,Yuksek,37,0,3,1,0,Orta,SMS
YKM00707,53,93,20151.182822932813,27161.849444638734,4,Orta,35,0,1,1,0,Dusuk,SMS
YKM00708,26,70,14826.679552888254,28999.881953658907,2,Orta,43,0,0,1,1,Dusuk,Mobil_Bildirim
YKM00709,34,33,93485.72042178008,14337.404809307576,5,Dusuk,33,0,1,1,1,Orta,Eposta
YKM00710,22,21,80258.265306561,18879.33391268874,5,Yuksek,43,0,0,1,1,Orta,Eposta
YKM00711,63,71,32750.228273604265,41216.996654712464,3,Yuksek,32,0,2,1,0,Dusuk,Mobil_Bildirim
YKM00712,55,123,27514.099956363472,31220.532390424367,4,Yuksek,31,0,1,1,1,Yuksek,Mobil_Bildirim
YKM00713,32,42,28984.194941723756,28347.640747076228,3,Yuksek,39,0,2,1,1,Orta,Mobil_Bildirim
YKM00714,68,60,52180.710479089175,12966.723917765226,2,Orta,41,0,0,1,0,Orta,Eposta
YKM00715,28,104,16799.23100607357,16952.69772933896,2,Orta,42,0,1,0,0,Orta,Mobil_Bildirim
YKM00716,42,18,59797.599399069804,14121.410266467594,2,Yuksek,36,0,1,1,1,Orta,Mobil_Bildirim
YKM00717,58,130,58385.83641963795,48860.87392804424,6,Dusuk,35,0,1,1,1,Orta,SMS
YKM00718,52,130,64915.60993470385,71874.33372434428,6,Yuksek,31,0,0,1,1,Yuksek,Eposta
YKM00719,61,37,66890.79187137692,44637.60927656268,5,Orta,33,0,2,1,0,Orta,Eposta
YKM00720,37,117,58194.72629309266,16161.546276260287,6,Orta,49,0,1,1,1,Orta,Mobil_Bildirim
YKM00721,46,17,46544.81877750845,25874.804277579937,4,Dusuk,50,0,4,1,0,Yuksek,SMS
YKM00722,65,154,42835.589847801646,20444.71711797806,3,Orta,39,0,1,1,1,Yuksek,Mobil_Bildirim
YKM00723,20,147,68279.32101436504,20253.756079426723,2,Dusuk,35,0,3,1,0,Yuksek,Mobil_Bildirim
YKM00724,30,143,40187.85665918106,19394.603766699573,5,Yuksek,33,0,0,1,0,Yuksek,Mobil_Bildirim
YKM00725,21,36,74022.66170039604,13879.864630638533,4,Orta,43,0,2,0,0,Orta,SMS
YKM00726,36,37,57479.923106977796,11563.231010072406,1,Orta,43,0,2,1,1,Dusuk,Mobil_Bildirim
YKM00727,34,30,41075.87260934672,22920.834676555478,3,Yuksek,24,0,1,0,1,Orta,Mobil_Bildirim
YKM00728,59,15,63408.54938055301,25150.592895519516,3,Yuksek,56,1,1,1,1,Dusuk,SMS
YKM00729,36,24,39225.861599873555,14318.652401659212,2,Yuksek,25,1,2,1,1,Orta,SMS
YKM00730,57,155,14059.748715261845,94813.72844835016,1,Orta,31,0,1,1,0,Dusuk,Mobil_Bildirim
YKM00731,27,45,40216.071820236044,38728.20440445267,3,Orta,35,1,1,1,1,Yuksek,Mobil_Bildirim
YKM00732,50,151,97768.260314764,22300.332604739884,1,Dusuk,36,0,3,1,1,Orta,Mobil_Bildirim
YKM00733,31,74,22707.61033851291,11517.928717828567,5,Yuksek,38,0,1,1,1,Yuksek,SMS
YKM00734,45,81,38134.431127093194,17521.01363062202,4,Yuksek,32,1,3,1,0,Dusuk,SMS
YKM00735,34,177,29277.379688509016,28530.627638099006,4,Dusuk,41,0,2,1,1,Yuksek,Mobil_Bildirim
YKM00736,66,169,64401.744156708235,24236.521009669927,5,Yuksek,39,0,1,0,1,Yuksek,Mobil_Bildirim
YKM00737,65,152,49352.13924203749,21270.219964340948,4,Orta,37,0,3,1,0,Dusuk,SMS
YKM00738,68,16,61502.982506775435,15570.504761027745,4,Dusuk,37,0,2,1,1,Orta,SMS
YKM00739,52,77,66817.65792386985,23098.942796476502,4,Orta,28,0,3,1,1,Orta,Eposta
YKM00740,47,151,68639.36991704654,18596.872097078594,1,Orta,42,1,2,1,1,Yuksek,Eposta
YKM00741,48,110,76305.91941348591,44684.95557927554,6,Dusuk,39,1,3,1,0,Yuksek,Mobil_Bildirim
YKM00742,26,45,51169.80253288458,24482.43031188553,2,Orta,28,0,2,1,0,Dusuk,Mobil_Bildirim
YKM00743,38,141,25377.373400962657,13376.535770103366,5,Orta,30,0,0,1,1,Yuksek,Eposta
YKM00744,19,182,50436.92319985403,21935.876782676,6,Orta,29,0,3,1,1,Yuksek,Eposta
YKM00745,33,70,35644.81143216173,23656.18242804942,5,Orta,35,0,3,1,1,Yuksek,Mobil_Bildirim
YKM00746,25,71,63169.24912756438,5527.077549705509,2,Yuksek,50,0,0,0,1,Orta,SMS
YKM00747,44,61,35065.38565579573,25053.833284352637,4,Yuksek,31,0,0,0,1,Yuksek,Eposta
YKM00748,56,76,38073.77667156037,13723.30813301431,4,Yuksek,35,0,1,1,0,Yuksek,Mobil_Bildirim
YKM00749,52,135,29611.51857007572,9575.34696494326,2,Orta,39,0,2,1,0,Yuksek,SMS
YKM00750,32,122,34807.57050789211,48109.01860240911,2,Orta,33,0,3,1,0,Orta,Eposta
YKM00751,44,15,57099.43417503094,12570.997234707225,2,Yuksek,38,0,1,1,1,Orta,Mobil_Bildirim
YKM00752,21,81,50009.13669948382,20443.071528364857,4,Yuksek,36,1,0,1,1,Orta,Mobil_Bildirim
YKM00753,53,44,40127.56633882171,20125.904305514337,1,Orta,35,0,2,1,1,Yuksek,SMS
YKM00754,26,1,41642.60816866176,23387.030909636145,1,Dusuk,36,0,5,1,1,Yuksek,SMS
YKM00755,47,183,46402.35133931019,56679.5315618774,3,Dusuk,34,0,2,1,1,Orta,Mobil_Bildirim
YKM00756,38,8,55224.99510039384,89698.53324867817,4,Dusuk,62,0,0,1,1,Yuksek,SMS
YKM00757,28,114,62128.88084253477,11787.57312651488,4,Dusuk,44,0,0,1,1,Yuksek,SMS
YKM00758,64,157,75664.47961632183,54144.88170816616,6,Yuksek,54,0,1,1,0,Orta,Eposta
YKM00759,66,165,65434.849006410186,17903.493456364944,6,Orta,39,0,1,1,1,Yuksek,SMS
YKM00760,58,160,110030.69593910116,16635.521194215456,6,Orta,52,0,3,0,1,Yuksek,Mobil_Bildirim
YKM00761,48,121,35338.48230232597,19596.259438546338,4,Yuksek,30,0,2,1,1,Dusuk,SMS
YKM00762,34,155,41382.608714099755,31485.811695296314,6,Orta,38,0,1,0,1,Yuksek,SMS
YKM00763,22,100,65906.39354868585,32819.27409011317,5,Orta,38,0,3,1,1,Yuksek,Mobil_Bildirim
YKM00764,58,74,71224.95204166908,16474.249232295304,6,Dusuk,38,0,1,1,1,Dusuk,Mobil_Bildirim
YKM00765,43,12,149895.6109924585,24620.68587849491,4,Yuksek,39,1,1,1,0,Orta,SMS
YKM00766,42,149,95585.07770091442,29990.55501487612,4,Orta,45,0,4,0,1,Yuksek,Mobil_Bildirim
YKM00767,58,17,46291.28709762143,24435.142157607603,1,Dusuk,37,0,1,1,1,Orta,Mobil_Bildirim
YKM00768,38,111,47783.6452398165,39918.39442178888,1,Orta,35,1,1,1,1,Orta,SMS
YKM00769,43,123,29347.404678094914,32096.258122935153,6,Dusuk,45,1,6,1,1,Yuksek,Eposta
YKM00770,34,140,55003.57861424907,14723.913121355721,3,Yuksek,41,0,1,1,0,Orta,Mobil_Bildirim
YKM00771,43,165,35512.41645083865,26365.248359843063,3,Orta,46,1,0,1,1,Dusuk,Eposta
YKM00772,67,76,60777.77546021598,25182.682792457083,1,Orta,40,0,0,0,1,Yuksek,SMS
YKM00773,67,142,72098.66148187719,12517.060356906311,6,Orta,39,0,1,1,1,Orta,Mobil_Bildirim
YKM00774,60,43,57473.87411079825,12748.77359511745,1,Orta,39,1,0,1,1,Orta,SMS
YKM00775,30,144,11882.767763424183,14850.410093141727,3,Dusuk,27,1,0,1,1,Orta,SMS
YKM00776,48,60,59734.56759205389,41050.60378357044,3,Yuksek,38,0,0,1,1,Dusuk,SMS
YKM00777,56,2,22106.578041474815,26232.03222387599,1,Dusuk,34,0,2,1,0,Yuksek,Mobil_Bildirim
YKM00778,61,140,29752.61253411591,34281.99098010435,1,Yuksek,35,1,0,1,1,Orta,SMS
YKM00779,47,65,28002.720009032153,27449.30143111969,3,Orta,31,0,2,1,1,Dusuk,Mobil_Bildirim
YKM00780,45,170,47464.13317285772,28381.441818234605,3,Yuksek,41,0,0,1,1,Orta,Mobil_Bildirim
YKM00781,42,94,18266.84282849412,23210.1956149018,4,Orta,36,0,2,1,0,Dusuk,SMS
YKM00782,40,107,43901.06604755164,22514.039356023866,3,Orta,41,0,3,1,0,Dusuk,Mobil_Bildirim
YKM00783,29,151,76442.63288264189,27242.222012426868,5,Dusuk,36,1,1,0,1,Yuksek,Mobil_Bildirim
YKM00784,29,115,24069.35348271707,21966.751718490574,2,Yuksek,38,0,1,1,1,Dusuk,Eposta
YKM00785,42,57,41407.8435527736,20079.662229640857,4,Orta,32,0,3,0,1,Orta,Eposta
YKM00786,52,94,30359.276827983955,37357.98144121921,6,Orta,42,0,5,1,1,Yuksek,SMS
YKM00787,22,91,60408.85818472519,26826.972684228145,5,Yuksek,47,0,0,1,1,Yuksek,Mobil_Bildirim
YKM00788,60,19,46769.47307453426,19797.10850180685,6,Orta,34,1,0,1,0,Dusuk,SMS
YKM00789,22,10,49315.108908134665,27651.343344244007,5,Orta,42,1,2,0,1,Yuksek,Eposta
YKM00790,68,8,69545.21499588393,30445.606287115505,3,Yuksek,38,0,3,1,1,Orta,SMS
YKM00791,35,20,60071.22352891029,25818.429231791568,5,Dusuk,43,0,0,1,0,Orta,Mobil_Bildirim
YKM00792,51,1,29175.05869323764,87553.83653653655,1,Yuksek,30,0,3,0,0,Dusuk,SMS
YKM00793,23,34,29941.475417882983,25474.8642353986,1,Yuksek,43,0,2,1,0,Orta,SMS
YKM00794,34,152,57412.352217630105,20487.16265370001,5,Yuksek,48,0,0,1,0,Orta,SMS
YKM00795,47,95,35997.23539829157,14423.920433973568,4,Yuksek,51,0,1,1,1,Dusuk,SMS
YKM00796,38,1,96596.5194076539,50203.62874993817,6,Orta,46,1,1,1,0,Yuksek,Mobil_Bildirim
YKM00797,31,153,37152.39660749449,29495.205246213438,4,Yuksek,37,0,0,1,1,Dusuk,Mobil_Bildirim
YKM00798,50,35,69210.82120187666,16883.064021474944,5,Yuksek,42,0,1,1,0,Orta,SMS
YKM00799,26,24,50266.628369814716,25671.169493870315,1,Orta,34,0,1,1,1,Orta,Mobil_Bildirim
YKM00800,62,137,66025.71702616326,17889.18850400954,1,Orta,39,0,1,1,1,Dusuk,Mobil_Bildirim
YKM00801,36,49,37405.469750068674,10689.96677583255,4,Orta,49,1,0,1,1,Orta,Mobil_Bildirim
YKM00802,49,160,59543.593404433705,25685.062479057713,2,Yuksek,45,1,3,1,1,Yuksek,Eposta
YKM00803,42,148,26594.027121354484,24332.258011659378,5,Dusuk,44,0,2,1,1,Yuksek,Eposta
YKM00804,46,12,43164.888812811405,6031.24264210412,4,Orta,48,1,2,1,1,Dusuk,SMS
YKM00805,41,61,41876.88746369456,13406.932180094262,4,Orta,38,0,0,1,1,Yuksek,Eposta
YKM00806,44,24,38386.732963479975,13468.292620344773,6,Yuksek,37,0,1,1,1,Yuksek,SMS
YKM00807,29,172,39489.8841458377,13223.042759219346,5,Orta,39,0,1,0,0,Yuksek,Eposta
YKM00808,23,68,45435.74429772457,23689.05569806608,5,Dusuk,42,0,3,1,1,Yuksek,SMS
YKM00809,56,1,39463.647351638494,17759.155101591994,6,Yuksek,41,0,3,1,1,Orta,SMS
YKM00810,48,40,46831.84015795224,21442.54389964965,2,Orta,38,0,0,1,1,Orta,Mobil_Bildirim
YKM00811,34,156,41805.35391110423,17898.415312873884,1,Dusuk,45,1,2,1,0,Orta,Mobil_Bildirim
YKM00812,23,123,33871.13132041476,80050.1332341604,4,Yuksek,30,0,5,1,1,Yuksek,Mobil_Bildirim
YKM00813,49,106,32520.106412608002,22991.7914887967,5,Yuksek,43,1,0,1,0,Orta,SMS
YKM00814,48,102,33746.51163451549,22270.799669929882,6,Yuksek,44,1,1,1,0,Orta,Eposta
YKM00815,58,86,36037.15460148484,26731.23855533751,6,Orta,50,0,4,1,1,Dusuk,Eposta
YKM00816,25,27,40821.413450310145,17928.478415567588,3,Yuksek,35,0,0,0,1,Orta,SMS
YKM00817,26,89,97090.46066865558,30916.465418238542,1,Orta,33,0,4,1,1,Orta,Eposta
YKM00818,44,150,62151.21670344887,43661.26451032941,4,Yuksek,38,0,5,0,0,Orta,Mobil_Bildirim
YKM00819,66,32,57745.80344862604,28439.535360080845,4,Yuksek,37,0,2,0,0,Yuksek,Eposta
YKM00820,50,30,33473.51798163422,28643.02079838005,6,Orta,37,1,4,0,0,Orta,SMS
YKM00821,27,127,43760.58626247637,53372.01259460289,6,Yuksek,27,1,1,1,1,Dusuk,SMS
YKM00822,47,18,190643.18102338415,34026.860264370014,3,Yuksek,40,1,0,1,1,Orta,SMS
YKM00823,50,103,35653.37452956538,25830.10315834179,5,Yuksek,41,1,1,1,1,Yuksek,SMS
YKM00824,33,137,54414.75852581886,72763.06755060548,6,Orta,46,0,2,1,1,Yuksek,Mobil_Bildirim
YKM00825,40,71,53646.97863963247,11798.003663052621,5,Dusuk,42,0,4,1,1,Yuksek,SMS
YKM00826,36,47,27652.460229773424,39224.75084397358,5,Yuksek,34,0,3,1,1,Dusuk,Eposta
YKM00827,21,98,50957.517619239836,18031.514342977433,4,Yuksek,29,1,0,1,1,Orta,Mobil_Bildirim
YKM00828,67,82,37398.86918955461,29054.459215136336,2,Yuksek,25,0,2,1,1,Orta,Mobil_Bildirim
YKM00829,61,179,41328.65439196445,25220.467401170445,2,Orta,37,0,1,1,1,Orta,Mobil_Bildirim
YKM00830,65,55,63031.352688999854,44706.210885468674,2,Orta,32,1,1,1,1,Dusuk,Eposta
YKM00831,64,151,13891.522243311934,6237.1835784717805,3,Orta,32,1,2,1,1,Orta,Mobil_Bildirim
YKM00832,40,8,21161.213892289852,42808.51307317194,1,Dusuk,50,1,2,1,1,Dusuk,Mobil_Bildirim
YKM00833,61,30,46949.08680031749,16309.492989531247,3,Orta,21,0,4,1,1,Yuksek,SMS
YKM00834,33,97,64096.01045619335,19121.912389447214,3,Orta,40,0,1,1,0,Orta,Mobil_Bildirim
YKM00835,39,108,30372.713311081614,17146.585796880532,2,Dusuk,27,0,2,1,1,Orta,SMS
YKM00836,39,38,32882.51086917282,19672.845160994388,3,Orta,37,1,0,1,1,Orta,Mobil_Bildirim
YKM00837,56,21,26104.545917668605,21287.953867484648,2,Yuksek,36,0,2,1,1,Yuksek,Mobil_Bildirim
YKM00838,39,143,93264.79235488833,44404.731099215904,4,Yuksek,44,0,2,1,0,Dusuk,Mobil_Bildirim
YKM00839,35,179,46377.19047760916,38003.94159219016,4,Orta,37,1,4,0,0,Orta,Eposta
YKM00840,31,22,20845.539922079668,33748.68390132685,3,Yuksek,31,0,0,0,0,Orta,SMS
YKM00841,50,65,58140.21722689417,32470.622379799657,3,Dusuk,42,0,1,1,1,Orta,SMS
YKM00842,69,85,47143.289402139264,69459.703295998,3,Yuksek,39,1,1,0,0,Yuksek,Mobil_Bildirim
YKM00843,38,89,45753.52766605381,17285.430931027673,4,Dusuk,43,0,2,1,0,Yuksek,Mobil_Bildirim
YKM00844,34,49,50110.85620395019,24985.258737503755,5,Orta,52,0,3,1,1,Dusuk,Mobil_Bildirim
YKM00845,53,11,39323.79303050136,53279.42162875193,4,Orta,46,0,3,1,1,Yuksek,Mobil_Bildirim
YKM00846,29,172,34180.195925385044,40409.325890741835,3,Yuksek,37,0,4,1,1,Dusuk,Mobil_Bildirim
YKM00847,32,79,99397.89972135454,16823.97751421816,1,Yuksek,34,1,2,1,1,Yuksek,Eposta
YKM00848,31,38,34974.16990726686,21436.566443070416,1,Yuksek,32,0,4,1,0,Orta,SMS
YKM00849,52,52,69387.02458278288,21199.153562853367,1,Orta,47,1,3,1,1,Dusuk,SMS
YKM00850,24,68,40768.15810429727,70062.45514589212,4,Orta,36,0,3,0,1,Dusuk,Mobil_Bildirim
YKM00851,62,135,95479.27273137102,28985.9187099693,3,Yuksek,50,0,0,0,1,Yuksek,SMS
YKM00852,64,32,78161.50867298838,16924.756978309317,3,Dusuk,45,0,2,1,1,Dusuk,Mobil_Bildirim
YKM00853,50,62,38036.6150562137,14074.988906642217,5,Orta,38,0,1,1,1,Orta,SMS
YKM00854,62,122,50995.11992692771,30487.669576768178,3,Orta,30,0,0,1,1,Yuksek,SMS
YKM00855,37,79,79922.56411766904,32295.590116063366,1,Dusuk,33,0,2,1,1,Orta,Mobil_Bildirim
YKM00856,51,126,122576.31314053024,20873.48735014129,5,Dusuk,26,1,3,0,1,Orta,SMS
YKM00857,25,170,82839.2366691067,27767.395022405155,1,Orta,34,0,1,0,1,Orta,Mobil_Bildirim
YKM00858,24,122,39663.387610210775,50487.276231654105,3,Orta,42,0,1,0,1,Yuksek,SMS
YKM00859,46,37,17693.524052572488,22645.345023281086,3,Yuksek,31,0,2,1,0,Yuksek,Eposta
YKM00860,55,60,39431.1006833038,14444.692963987742,1,Orta,57,0,2,1,1,Dusuk,Eposta
YKM00861,37,21,59488.775723721985,43999.575309389285,3,Orta,43,1,2,0,1,Dusuk,Mobil_Bildirim
YKM00862,49,80,32272.486016287778,17990.128930468636,3,Orta,41,1,2,1,0,Orta,SMS
YKM00863,32,96,67472.43259716324,22705.50308864485,4,Yuksek,41,1,1,1,1,Yuksek,Mobil_Bildirim
YKM00864,24,28,37522.91501579074,55586.23572263686,6,Orta,51,1,2,1,1,Yuksek,Mobil_Bildirim
YKM00865,25,169,38055.25497155774,23229.80247972159,2,Orta,43,1,0,1,1,Orta,Eposta
YKM00866,35,68,32055.18168788345,9983.211628802908,2,Dusuk,47,0,2,1,1,Dusuk,Mobil_Bildirim
YKM00867,60,175,64025.84574646752,20453.351219926706,1,Yuksek,44,0,0,0,1,Dusuk,Mobil_Bildirim
YKM00868,33,19,81740.29906943755,14221.896338368744,6,Orta,42,0,2,0,1,Orta,Mobil_Bildirim
YKM00869,23,176,51348.31206980753,28277.012450959053,3,Dusuk,48,0,1,1,1,Orta,Eposta
YKM00870,21,163,41651.198241864186,14778.597732404853,4,Orta,47,0,2,1,1,Orta,SMS
YKM00871,33,136,59782.842909155974,29747.630032868714,6,Orta,35,0,1,1,1,Yuksek,Eposta
YKM00872,64,157,41816.23194309799,21216.621669781507,1,Orta,32,1,0,1,1,Orta,Mobil_Bildirim
YKM00873,53,25,80949.4898385768,21643.957008854053,4,Dusuk,39,0,2,1,1,Dusuk,Mobil_Bildirim
YKM00874,41,93,28766.203601562578,36511.14773144067,4,Orta,39,0,3,1,1,Orta,Eposta
YKM00875,29,158,71150.4345299699,18879.352521355886,5,Yuksek,37,1,2,1,1,Orta,Mobil_Bildirim
YKM00876,19,111,27962.011936074472,13437.466543830296,5,Dusuk,35,0,4,1,1,Dusuk,Eposta
YKM00877,48,4,37178.172198661036,23781.676932051163,5,Yuksek,40,1,1,1,1,Yuksek,Eposta
YKM00878,34,153,24247.05225983156,31970.365918334002,5,Orta,40,0,0,1,1,Yuksek,Eposta
YKM00879,32,106,56252.83655305304,11143.63223146083,1,Orta,45,1,2,1,1,Dusuk,Eposta
YKM00880,65,79,36131.87598784832,18532.927606981328,5,Orta,38,1,2,0,0,Dusuk,Eposta
YKM00881,59,127,57019.24771653011,21407.003943537686,1,Yuksek,48,0,0,1,1,Yuksek,Mobil_Bildirim
YKM00882,44,104,49655.563553033215,22602.94039681724,5,Orta,40,0,2,0,1,Yuksek,SMS
YKM00883,65,116,24193.568143461805,34532.89384155585,1,Yuksek,36,1,2,1,1,Yuksek,SMS
YKM00884,51,142,29949.943042488427,30657.066951988207,5,Orta,38,0,1,1,1,Yuksek,Eposta
YKM00885,36,94,40078.13915526043,16977.712888273574,4,Dusuk,37,0,2,1,1,Orta,Mobil_Bildirim
YKM00886,25,106,39030.366944322304,10230.982430383283,2,Dusuk,42,0,0,0,0,Yuksek,Eposta
YKM00887,26,47,51520.12261299406,69221.64582370514,6,Yuksek,33,1,2,1,0,Orta,Eposta
YKM00888,44,130,51248.568971871326,19412.75851880444,3,Orta,35,1,1,1,0,Yuksek,Eposta
YKM00889,41,123,69235.01154026637,25137.68454805965,2,Yuksek,35,0,1,1,0,Yuksek,Mobil_Bildirim
YKM00890,33,52,59523.9515954581,15108.702215030915,6,Yuksek,40,1,2,1,0,Orta,Mobil_Bildirim
YKM00891,45,159,33142.54834161068,17822.959879448546,3,Orta,44,0,3,1,0,Orta,Mobil_Bildirim
YKM00892,29,61,32180.324722470712,16390.594297706746,6,Orta,26,0,1,0,1,Orta,Mobil_Bildirim
YKM00893,68,63,28078.46963947558,40358.42035811001,4,Dusuk,35,0,3,1,1,Yuksek,SMS
YKM00894,59,115,41532.07536941628,35911.57179653204,3,Orta,40,0,1,1,1,Yuksek,Mobil_Bildirim
YKM00895,25,134,20226.890088631368,25668.57239708401,3,Yuksek,42,0,3,1,1,Orta,Mobil_Bildirim
YKM00896,67,19,57922.762626106385,35572.55897876776,2,Orta,37,0,1,0,0,Yuksek,Eposta
YKM00897,30,35,25566.409004229234,34913.13341870493,4,Yuksek,37,1,0,0,1,Orta,SMS
YKM00898,44,68,24908.314739833488,60594.79705334465,6,Dusuk,48,0,2,1,1,Yuksek,Mobil_Bildirim
YKM00899,24,41,28179.97469728135,53979.817396271756,3,Yuksek,30,0,1,1,1,Orta,Mobil_Bildirim
YKM00900,31,130,20068.3994507724,11465.333801300074,4,Orta,48,0,1,0,1,Yuksek,SMS
YKM00901,38,137,92941.23944215149,43858.94638834623,4,Yuksek,46,0,2,1,0,Dusuk,Mobil_Bildirim
YKM00902,57,150,34853.60703585988,41357.71105964414,1,Orta,39,0,1,1,0,Yuksek,Mobil_Bildirim
YKM00903,45,25,45742.71108149282,22682.573457531886,1,Yuksek,46,0,4,0,1,Yuksek,Mobil_Bildirim
YKM00904,35,43,38812.06554586092,19641.308236514727,2,Orta,31,0,2,1,1,Orta,Eposta
YKM00905,51,18,64763.46712538057,64482.34022206289,5,Yuksek,47,1,2,1,1,Yuksek,Mobil_Bildirim
YKM00906,54,34,37219.96675450771,15549.449296813656,1,Dusuk,35,1,1,1,1,Orta,Mobil_Bildirim
YKM00907,62,34,35460.06352301024,22335.605152772663,1,Yuksek,53,0,0,1,1,Orta,SMS
YKM00908,50,170,23546.133311989768,36972.60245243871,1,Orta,37,0,2,1,1,Yuksek,Mobil_Bildirim
YKM00909,44,53,71069.79465142076,25068.800491879614,5,Orta,27,0,2,1,1,Yuksek,Eposta
YKM00910,45,3,38830.19531334174,20615.450258076715,5,Yuksek,42,1,2,1,0,Dusuk,SMS
YKM00911,63,111,96122.20947008547,21871.69414757988,2,Yuksek,33,0,1,1,1,Orta,Mobil_Bildirim
YKM00912,66,115,33907.30512887137,31947.1108326318,4,Dusuk,42,0,1,1,1,Orta,Mobil_Bildirim
YKM00913,29,17,30589.707707896825,38330.62698525831,1,Orta,28,0,0,1,1,Orta,SMS
YKM00914,46,112,47032.828249060425,45714.96286331368,3,Orta,29,1,0,1,0,Orta,Mobil_Bildirim
YKM00915,53,143,63698.39499111226,22029.470757295654,4,Orta,37,0,4,1,0,Orta,SMS
YKM00916,33,34,47293.18823425553,39829.0410045115,2,Yuksek,40,0,0,1,1,Dusuk,Eposta
YKM00917,50,134,51060.59373123909,39937.309418937075,4,Orta,33,0,0,1,1,Yuksek,Mobil_Bildirim
YKM00918,28,175,26579.62155557784,26243.114053265777,2,Yuksek,48,1,1,1,0,Yuksek,Eposta
YKM00919,65,120,31221.65661026352,27514.03652054799,5,Dusuk,40,0,1,1,0,Yuksek,Mobil_Bildirim
YKM00920,61,7,58457.15111249565,17124.306768868937,2,Yuksek,30,0,0,1,1,Dusuk,SMS
YKM00921,41,175,46768.7488011114,13463.081934189093,1,Orta,32,0,4,1,1,Orta,SMS
YKM00922,62,52,21002.215522373746,13446.680408979271,6,Yuksek,32,1,2,0,0,Orta,SMS
YKM00923,57,34,26502.949283669994,16364.313203140333,6,Yuksek,38,0,2,0,0,Dusuk,SMS
YKM00924,24,162,33254.0194086363,97016.53622820534,1,Yuksek,30,0,1,0,0,Orta,SMS
YKM00925,51,82,54837.72120326516,51025.95107490976,6,Dusuk,52,0,1,1,1,Orta,SMS
YKM00926,36,17,28018.543253274744,11380.686414832855,5,Yuksek,30,0,2,1,0,Yuksek,Mobil_Bildirim
YKM00927,40,5,71876.14541752612,24604.492969508872,4,Orta,35,1,1,1,0,Yuksek,Mobil_Bildirim
YKM00928,31,13,28497.633521380394,33025.4622543589,3,Orta,36,1,5,1,1,Orta,SMS
YKM00929,22,125,11839.22713576429,26740.174336320055,5,Orta,35,0,2,0,0,Yuksek,SMS
YKM00930,65,126,50385.935028904714,34259.04208071767,4,Orta,36,0,2,0,1,Orta,SMS
YKM00931,67,67,24844.660047968362,14709.425633437206,1,Yuksek,49,1,1,1,1,Orta,Mobil_Bildirim
YKM00932,35,182,28337.51960225903,26457.829692659034,3,Yuksek,27,1,1,1,0,Yuksek,SMS
YKM00933,48,70,22761.658481764513,17094.79359975719,3,Orta,45,0,2,1,0,Dusuk,Eposta
YKM00934,32,139,46223.96113007835,8657.297354484337,5,Orta,33,0,4,1,0,Orta,Mobil_Bildirim
YKM00935,38,114,47269.57169963977,24164.11568173188,6,Dusuk,39,1,1,1,1,Yuksek,SMS
YKM00936,44,138,63780.52361826244,34931.40933532028,1,Yuksek,37,0,4,1,1,Yuksek,Eposta
YKM00937,50,9,40827.10369660284,12987.515814740449,4,Yuksek,41,0,1,1,1,Yuksek,SMS
YKM00938,45,149,46977.63792438273,24832.197731705248,5,Yuksek,49,0,2,1,0,Yuksek,Eposta
YKM00939,37,28,116338.526975462,8880.226010493172,3,Dusuk,34,0,1,1,1,Orta,Eposta
YKM00940,48,44,63687.39506548022,51533.82760061704,1,Yuksek,42,0,0,1,1,Dusuk,Mobil_Bildirim
YKM00941,65,140,72943.61947951185,38949.65765609223,2,Dusuk,39,0,1,1,0,Yuksek,Eposta
YKM00942,65,19,43974.22509418649,22252.221126123764,3,Dusuk,35,0,1,1,1,Orta,Mobil_Bildirim
YKM00943,45,125,129510.99011337402,10859.386950734292,5,Yuksek,30,0,1,1,1,Yuksek,SMS
YKM00944,25,9,20132.97290517503,47888.191310363756,1,Orta,57,0,1,1,1,Orta,Eposta
YKM00945,33,43,52897.039575834286,85019.81332117657,5,Orta,33,0,2,1,1,Yuksek,Eposta
YKM00946,61,47,29649.432174409212,28190.153715574088,4,Yuksek,30,0,1,0,1,Yuksek,SMS
YKM00947,32,134,26783.60485997148,73571.8791157556,4,Orta,45,0,4,1,1,Dusuk,Mobil_Bildirim
YKM00948,24,87,46841.16018989277,34281.76077605952,2,Yuksek,44,0,0,1,1,Yuksek,Eposta
YKM00949,43,1,38848.793720873924,31509.069873479322,5,Orta,36,0,1,1,0,Yuksek,Mobil_Bildirim
YKM00950,23,92,50750.83763734979,22827.058065657853,3,Orta,37,0,2,1,1,Orta,SMS
YKM00951,50,93,44469.1868419355,18557.92830908002,2,Orta,46,0,1,1,0,Dusuk,Mobil_Bildirim
YKM00952,33,140,34310.61249896071,12367.163033633204,4,Orta,33,0,1,1,1,Dusuk,Mobil_Bildirim
YKM00953,29,170,21898.28736766505,19888.572867414947,4,Dusuk,43,1,1,1,1,Yuksek,Eposta
YKM00954,52,115,84438.91563623847,27489.1136381981,1,Orta,43,1,1,1,1,Dusuk,Mobil_Bildirim
YKM00955,30,7,64665.051792399674,38370.552538964024,1,Dusuk,23,1,1,1,0,Yuksek,SMS
YKM00956,41,80,67167.4357670553,16564.142214724863,1,Orta,40,1,4,0,0,Yuksek,Mobil_Bildirim
YKM00957,30,31,27322.701138807148,11175.907506536298,2,Yuksek,36,0,2,0,1,Orta,Mobil_Bildirim
YKM00958,28,96,60895.140028874324,14549.154344149296,5,Orta,33,0,3,1,0,Orta,Mobil_Bildirim
YKM00959,68,174,71790.43516943057,17554.599620223977,4,Yuksek,29,0,1,0,0,Orta,SMS
YKM00960,35,26,47211.5793309701,22643.117543881403,5,Dusuk,40,0,1,1,0,Yuksek,Mobil_Bildirim
YKM00961,25,6,27644.106011260024,39415.36348587767,5,Orta,36,0,2,1,1,Yuksek,SMS
YKM00962,64,174,24224.981033588465,17438.114154685707,4,Yuksek,35,0,1,0,0,Orta,SMS
YKM00963,48,117,145780.49033767887,28516.15718276621,3,Dusuk,40,0,1,0,0,Orta,Mobil_Bildirim
YKM00964,26,182,30509.36081090504,35469.182057035665,1,Orta,41,0,1,0,1,Dusuk,Mobil_Bildirim
YKM00965,62,157,68542.02335315678,20887.05767621266,6,Yuksek,43,1,2,1,0,Dusuk,Mobil_Bildirim
YKM00966,60,64,36380.72457051186,48977.58765470355,5,Yuksek,34,0,2,1,1,Orta,SMS
YKM00967,42,41,22589.57224707247,10867.50256714789,4,Yuksek,38,0,2,1,1,Orta,Eposta
YKM00968,22,9,27421.469962920768,14147.315294350467,2,Orta,25,0,0,0,1,Orta,Mobil_Bildirim
YKM00969,32,115,67962.3049163953,15098.240023893188,4,Orta,40,0,3,1,1,Dusuk,Mobil_Bildirim
YKM00970,24,27,31501.20403332419,24158.30657848084,3,Orta,35,0,1,1,1,Yuksek,Mobil_Bildirim
YKM00971,46,160,76176.70980481512,32882.486287167245,2,Dusuk,48,1,3,1,0,Yuksek,Eposta
YKM00972,36,1,49601.105823088525,88009.36654167566,4,Dusuk,55,0,0,1,1,Yuksek,SMS
YKM00973,69,186,81045.47588283828,29519.797758329703,4,Orta,45,1,1,1,0,Dusuk,SMS
YKM00974,36,93,52883.096631724984,28746.64278436867,6,Dusuk,31,1,3,1,1,Yuksek,SMS
YKM00975,60,28,67842.11888178781,19197.33752002021,5,Orta,41,0,2,0,1,Orta,SMS
YKM00976,28,116,53844.961657310836,33437.35564504076,6,Orta,34,0,4,1,1,Yuksek,Eposta
YKM00977,55,80,40097.55321340936,7526.597474080765,5,Orta,36,0,0,1,0,Orta,Mobil_Bildirim
YKM00978,48,50,29015.29017003298,48117.32763337708,3,Orta,46,1,2,1,1,Yuksek,Mobil_Bildirim
YKM00979,28,150,102105.66849911143,14898.715907909695,4,Yuksek,38,0,1,1,1,Yuksek,Mobil_Bildirim
YKM00980,60,73,36347.54870556215,25281.920892279126,6,Orta,44,0,4,1,1,Dusuk,Eposta
YKM00981,63,6,31831.53164687225,21468.046877476118,1,Yuksek,38,1,0,1,0,Orta,Eposta
YKM00982,62,138,55030.2098249189,37632.62721824377,2,Yuksek,42,0,2,1,0,Yuksek,Mobil_Bildirim
YKM00983,36,80,32302.834908029286,45980.99699161002,2,Orta,43,0,2,1,1,Dusuk,Mobil_Bildirim
YKM00984,65,160,23617.04819227285,11186.314136027193,2,Yuksek,39,0,1,1,1,Yuksek,Mobil_Bildirim
YKM00985,56,57,40582.68142322215,19891.176836005623,6,Orta,48,1,1,1,0,Yuksek,SMS
YKM00986,59,54,57516.112582882975,12311.741634531476,1,Orta,32,1,0,1,1,Orta,SMS
YKM00987,67,70,62373.72925609069,41080.742694367684,2,Orta,28,1,1,1,1,Dusuk,Eposta
YKM00988,22,92,40373.9409761515,27974.77846702482,4,Yuksek,47,0,0,1,1,Yuksek,Mobil_Bildirim
YKM00989,45,181,46329.576737476855,37162.77670786086,5,Orta,38,1,0,1,1,Yuksek,Mobil_Bildirim
YKM00990,50,34,31886.408798390534,31596.05116719579,5,Orta,40,0,3,0,0,Yuksek,Mobil_Bildirim
YKM00991,22,121,51838.12642632851,9572.01194639528,2,Yuksek,44,0,0,1,1,Orta,SMS
YKM00992,65,47,38613.04747918145,23422.176495377626,4,Orta,46,1,3,1,1,Yuksek,Mobil_Bildirim
YKM00993,67,157,32054.825842897502,34666.127070652794,2,Orta,43,0,2,1,1,Orta,Mobil_Bildirim
YKM00994,67,148,73605.82912001533,23834.814292922703,4,Yuksek,26,0,2,0,1,Yuksek,SMS
YKM00995,46,14,30557.287696743224,34434.61889556117,5,Orta,35,0,1,1,0,Dusuk,SMS
YKM00996,49,166,34960.44547520485,41996.38074138872,3,Orta,37,0,0,1,0,Yuksek,SMS
YKM00997,60,37,61977.39097745388,31930.30806262064,1,Yuksek,38,0,0,1,1,Orta,SMS
YKM00998,44,179,87103.39222439611,26725.677446692815,3,Yuksek,40,0,0,1,1,Orta,SMS
YKM00999,29,136,34125.4167095633,13891.238261390276,1,Dusuk,46,0,0,1,0,Orta,Mobil_Bildirim
YKM01000,48,175,48008.90154554002,27770.516550890745,3,Yuksek,39,0,0,1,1,Orta,Mobil_Bildirim
YKM01001,42,150,36368.00065643573,12660.280037781036,6,Orta,31,0,1,0,1,Yuksek,Eposta
YKM01002,59,104,38607.51057797922,15037.522973587065,2,Orta,45,0,2,1,1,Orta,SMS
YKM01003,42,182,46513.40987453687,23897.896016794606,4,Yuksek,45,0,1,1,1,Dusuk,Mobil_Bildirim
YKM01004,29,159,88006.22118867509,31135.8180796904,3,Yuksek,32,0,2,0,0,Orta,Eposta
YKM01005,43,123,96347.29539822807,17304.36042750823,5,Orta,38,1,4,1,0,Orta,SMS
YKM01006,28,6,41800.556843064085,29227.284113392812,1,Dusuk,37,1,0,0,1,Dusuk,SMS
YKM01007,69,116,56826.80209870653,19934.45082384202,3,Yuksek,27,0,3,1,1,Yuksek,Mobil_Bildirim
YKM01008,56,63,114885.92198177316,20339.162372492934,3,Dusuk,43,0,0,1,0,Yuksek,Mobil_Bildirim
YKM01009,22,3,68200.11354386622,39436.44993430672,6,Dusuk,30,1,1,1,1,Orta,SMS
YKM01010,63,30,17086.714277083967,36392.97144041038,6,Dusuk,43,0,1,1,1,Yuksek,Mobil_Bildirim
YKM01011,44,137,27986.88756018203,10826.175641981396,4,Yuksek,28,0,0,1,0,Yuksek,SMS
YKM01012,30,143,18362.440975529524,11061.239214094065,6,Orta,32,0,0,0,1,Yuksek,Eposta
YKM01013,51,74,66465.79688904877,17766.761140835533,1,Yuksek,29,0,0,1,0,Yuksek,Eposta
YKM01014,40,12,28346.436123612246,17904.726168110104,3,Dusuk,49,0,2,1,1,Yuksek,Eposta
YKM01015,47,125,65976.19458469911,15736.783978133853,2,Orta,43,1,1,1,1,Yuksek,SMS
YKM01016,25,161,100326.91922084347,40086.7260972922,5,Dusuk,43,0,1,1,1,Yuksek,Mobil_Bildirim
YKM01017,52,92,119492.31813102552,12296.426018151986,5,Orta,29,1,0,1,1,Yuksek,Mobil_Bildirim
YKM01018,23,1,22014.04210926865,13169.66948211681,4,Dusuk,44,0,0,1,1,Orta,Mobil_Bildirim
YKM01019,33,142,18355.338168150476,38014.29534593847,2,Yuksek,30,0,1,0,0,Yuksek,Eposta
YKM01020,64,139,73071.6998324441,12361.686827641508,5,Dusuk,40,1,1,1,0,Orta,Mobil_Bildirim
YKM01021,69,128,43607.051686990686,53877.390435016154,2,Orta,49,1,1,1,0,Orta,SMS
YKM01022,38,179,43784.15922031267,54111.35443361129,5,Orta,32,0,4,0,0,Yuksek,Mobil_Bildirim
YKM01023,44,164,29618.372621824794,15380.371270298774,4,Yuksek,23,0,0,1,0,Orta,Mobil_Bildirim
YKM01024,24,88,31055.399354652902,26173.562966780642,2,Dusuk,46,1,1,1,1,Yuksek,Mobil_Bildirim
YKM01025,58,31,26060.843264021943,15913.808254656393,1,Dusuk,57,0,1,1,1,Yuksek,Mobil_Bildirim
YKM01026,45,78,41008.678737861745,35299.01925219722,4,Orta,36,0,4,1,1,Yuksek,Eposta
YKM01027,42,51,36353.51338247552,13344.422206236417,5,Dusuk,36,0,1,1,1,Yuksek,Mobil_Bildirim
YKM01028,52,116,31694.051104162787,32170.627789837043,6,Orta,39,0,0,1,0,Yuksek,Mobil_Bildirim
YKM01029,53,17,37242.95537104932,31326.148846360353,5,Yuksek,34,1,1,1,0,Dusuk,SMS
YKM01030,70,15,91125.35985056666,37034.28048566813,3,Orta,41,0,2,1,1,Yuksek,Eposta
YKM01031,59,67,118427.57751632786,15167.206260941559,4,Dusuk,35,0,0,1,0,Dusuk,Mobil_Bildirim
YKM01032,29,19,62995.33534655669,11630.629404966072,4,Dusuk,35,0,0,0,0,Yuksek,Mobil_Bildirim
YKM01033,25,69,82897.25038392865,17265.74937254549,1,Orta,33,1,1,1,1,Yuksek,SMS
YKM01034,31,98,46060.19639702091,11460.919595013362,5,Dusuk,43,0,0,1,1,Yuksek,Mobil_Bildirim
YKM01035,50,15,67869.13565023438,52758.62925979196,6,Yuksek,41,0,0,1,0,Yuksek,Eposta
YKM01036,41,160,61342.85109834718,40854.38789512156,4,Yuksek,29,1,1,1,1,Orta,Eposta
YKM01037,34,84,47611.97287590515,33670.97171626191,2,Orta,39,0,1,1,0,Yuksek,Mobil_Bildirim
YKM01038,49,169,20508.644754955894,17618.870983826837,5,Orta,37,0,1,1,0,Yuksek,Mobil_Bildirim
YKM01039,30,33,55536.69489189377,19258.494379112683,6,Dusuk,38,1,1,1,1,Dusuk,SMS
YKM01040,29,91,29435.718882673802,18324.520317708735,4,Dusuk,54,1,2,1,0,Yuksek,Mobil_Bildirim
YKM01041,29,9,22650.381151174875,19729.6922858993,6,Orta,39,0,4,1,1,Orta,SMS
YKM01042,54,142,22957.4199942188,33754.44189674367,6,Yuksek,47,0,2,1,1,Orta,Eposta
YKM01043,45,171,24372.944414988066,17249.457907008597,6,Orta,42,0,3,1,0,Dusuk,Mobil_Bildirim
YKM01044,24,76,38733.79036787228,48014.32969961004,2,Orta,44,1,1,0,0,Orta,Mobil_Bildirim
YKM01045,36,1,56847.15636617235,27318.52238860849,5,Dusuk,37,0,1,0,1,Yuksek,Eposta
YKM01046,44,85,41123.978981265296,10656.859733440888,4,Yuksek,43,1,0,1,1,Orta,Mobil_Bildirim
YKM01047,62,31,52349.781371400735,36552.63929867869,2,Yuksek,31,0,0,1,0,Dusuk,Mobil_Bildirim
YKM01048,47,22,30089.961961635126,36008.89847939851,5,Yuksek,38,0,0,1,1,Orta,Mobil_Bildirim
YKM01049,21,18,16206.837415723256,54640.06808896982,2,Orta,42,0,1,1,1,Yuksek,Eposta
YKM01050,63,95,66020.09728360322,22453.89845229546,1,Yuksek,33,1,1,1,1,Orta,Eposta
YKM01051,67,59,50725.09760608791,26671.196881330885,5,Yuksek,36,0,1,1,0,Orta,SMS
YKM01052,33,116,56759.62462689961,18757.227056366442,1,Dusuk,27,0,2,1,1,Dusuk,Mobil_Bildirim
YKM01053,48,111,50427.18456185672,55448.38254221322,4,Dusuk,45,0,1,1,0,Yuksek,SMS
YKM01054,49,83,78883.47729238594,17517.68409479299,4,Dusuk,34,1,3,1,0,Orta,SMS
YKM01055,26,96,53221.77609551554,49372.66478223392,3,Orta,42,0,2,0,1,Yuksek,Mobil_Bildirim
YKM01056,30,166,75909.17810727253,16146.312714706582,5,Yuksek,34,0,2,1,0,Orta,Mobil_Bildirim
YKM01057,42,101,12767.946946645317,37569.06457845866,2,Yuksek,35,0,0,1,0,Orta,Mobil_Bildirim
YKM01058,60,77,62008.573751551536,20964.78064296332,1,Yuksek,50,0,3,0,0,Yuksek,Mobil_Bildirim
YKM01059,68,95,49375.69796187934,32554.731865234222,2,Yuksek,44,1,2,1,1,Dusuk,SMS
YKM01060,57,119,72217.9006412719,28338.098061249268,5,Dusuk,39,0,3,1,1,Orta,SMS
YKM01061,32,63,39183.88411027033,34205.25657490911,3,Orta,48,0,1,0,1,Orta,SMS
YKM01062,63,37,43923.80854556509,33953.58266705543,3,Dusuk,21,1,1,0,0,Yuksek,SMS
YKM01063,55,139,29602.89487312208,13816.517100519019,6,Orta,42,0,3,1,0,Orta,Mobil_Bildirim
YKM01064,46,160,44887.745871658175,19772.45740910244,6,Orta,28,0,0,0,0,Yuksek,Mobil_Bildirim
YKM01065,29,138,168098.56503776056,25124.71530700047,3,Yuksek,38,0,1,1,0,Yuksek,Mobil_Bildirim
YKM01066,47,121,14563.140043045256,22146.062823275977,4,Yuksek,44,0,1,1,0,Orta,Mobil_Bildirim
YKM01067,57,69,65085.435712954844,19326.096852827555,1,Yuksek,43,0,3,0,0,Yuksek,Mobil_Bildirim
YKM01068,34,64,121046.89740166732,21812.851470362915,3,Yuksek,50,0,1,1,1,Yuksek,Mobil_Bildirim
YKM01069,47,85,59777.726263510885,56519.555824448034,2,Yuksek,26,0,1,1,1,Orta,Mobil_Bildirim
YKM01070,23,132,28117.335510161975,32906.74973097104,2,Orta,28,0,1,0,1,Dusuk,SMS
YKM01071,35,97,77474.3603613932,24342.638371052486,4,Orta,40,0,0,1,1,Yuksek,SMS
YKM01072,46,121,68480.07573456514,8642.265721139593,3,Orta,43,1,2,1,1,Orta,Mobil_Bildirim
YKM01073,68,35,32224.372470304606,25622.714970362,4,Orta,36,0,1,1,1,Yuksek,SMS
YKM01074,53,14,20636.34294732211,19921.832126134614,2,Orta,30,0,1,1,1,Yuksek,Eposta
YKM01075,22,137,59653.251675005595,11450.719508658185,1,Yuksek,29,1,3,1,1,Yuksek,SMS
YKM01076,63,151,62448.50630440805,43316.21697748288,5,Yuksek,40,0,2,0,0,Dusuk,Eposta
YKM01077,24,179,49633.74500078203,21118.762955162838,6,Yuksek,29,1,1,1,1,Yuksek,Eposta
YKM01078,60,142,46784.6568271521,16633.97302658522,5,Dusuk,52,1,4,1,0,Yuksek,SMS
YKM01079,56,64,44013.850266275345,17258.41333260937,1,Yuksek,37,0,1,1,1,Orta,SMS
YKM01080,31,141,39609.26479531872,10113.07309602946,2,Orta,42,1,0,1,0,Yuksek,Mobil_Bildirim
YKM01081,35,130,61661.99687377075,50210.27130319012,1,Orta,32,0,2,1,1,Dusuk,SMS
YKM01082,24,19,41866.94616575117,49645.93359113117,1,Dusuk,39,0,0,1,0,Orta,Mobil_Bildirim
YKM01083,33,112,32244.15188634712,26521.734046932677,3,Orta,36,0,6,1,1,Orta,Mobil_Bildirim
YKM01084,55,11,34006.42132070765,13001.707865150202,1,Orta,32,0,2,1,1,Orta,Mobil_Bildirim
YKM01085,56,175,37643.259654595415,18265.444137073828,2,Orta,32,0,1,1,1,Orta,SMS
YKM01086,67,59,24973.974503937654,37206.17097962474,5,Dusuk,34,0,1,0,1,Orta,Eposta
YKM01087,65,68,25068.36124142118,39238.069849109954,2,Dusuk,35,0,1,1,0,Yuksek,Mobil_Bildirim
YKM01088,38,152,60382.79838653552,19865.78787213211,4,Orta,34,0,2,1,1,Orta,Mobil_Bildirim
YKM01089,32,43,14651.847448877868,17551.739064659036,2,Orta,42,0,1,0,0,Orta,SMS
YKM01090,34,6,34902.754377024336,51705.1900709311,4,Dusuk,27,0,0,1,1,Yuksek,SMS
YKM01091,55,113,64155.25702054532,24518.1760091393,5,Yuksek,32,0,0,1,0,Orta,SMS
YKM01092,51,160,20658.74543060714,25464.255342791377,1,Yuksek,41,0,1,1,1,Yuksek,Eposta
YKM01093,63,101,24660.320393792284,32148.829032959813,4,Dusuk,39,1,1,1,0,Yuksek,Mobil_Bildirim
YKM01094,62,132,32988.53561735583,32348.517123674344,5,Orta,36,0,1,1,1,Orta,Mobil_Bildirim
YKM01095,52,70,28822.54540197375,11005.285170836658,6,Yuksek,51,1,1,1,1,Orta,Mobil_Bildirim
YKM01096,37,50,61209.487102445586,26358.888378237934,3,Yuksek,34,1,0,1,1,Yuksek,Mobil_Bildirim
YKM01097,35,133,41888.07098778536,36067.82530484997,4,Orta,28,0,0,1,1,Yuksek,SMS
YKM01098,30,30,17009.065319924855,25738.357036213332,5,Orta,38,0,0,1,1,Orta,SMS
YKM01099,30,55,46872.03226407662,33881.41586777989,2,Yuksek,36,0,2,1,1,Dusuk,Eposta
YKM01100,61,70,53784.69095895451,13577.967423089553,4,Dusuk,32,0,0,1,1,Orta,Mobil_Bildirim
YKM01101,71,7,35379.30925234069,22969.931471277396,3,Yuksek,40,0,0,1,0,Orta,Eposta
YKM01102,32,147,13911.522104524076,16874.813594190975,4,Yuksek,35,1,1,1,0,Orta,Eposta
YKM01103,39,133,37348.91399222002,22648.836628813817,3,Orta,37,0,1,1,1,Dusuk,Mobil_Bildirim
YKM01104,56,31,40427.72225750969,41125.26712124398,5,Yuksek,38,0,2,1,1,Orta,Eposta
YKM01105,48,40,30212.700523490264,36382.727610661816,3,Yuksek,35,0,0,1,0,Yuksek,Mobil_Bildirim
YKM01106,35,132,123434.54566569574,7954.176573201792,3,Orta,31,0,1,1,1,Orta,SMS
YKM01107,24,157,29948.522274208284,25702.85178041234,4,Orta,45,1,2,1,0,Orta,SMS
YKM01108,63,112,62363.23816524891,14955.863987271716,2,Orta,32,0,4,1,1,Orta,Mobil_Bildirim
YKM01109,34,163,53519.727653507,22395.361659453876,1,Dusuk,47,0,2,0,1,Orta,Mobil_Bildirim
YKM01110,45,10,36274.53220526665,14020.795317987277,5,Orta,39,0,0,1,1,Orta,Mobil_Bildirim
YKM01111,38,22,74475.30240209473,37265.27418225592,4,Yuksek,37,0,3,0,1,Yuksek,Mobil_Bildirim
YKM01112,41,75,38307.787271133304,19241.871333113722,3,Yuksek,46,0,4,0,1,Orta,SMS
YKM01113,55,17,52499.200281483485,8815.361687904071,6,Dusuk,51,1,0,1,1,Yuksek,SMS
YKM01114,45,70,53916.258126260655,44596.196868172934,3,Dusuk,39,0,1,1,1,Orta,Mobil_Bildirim
YKM01115,23,167,14157.109590599695,22232.417840406655,5,Dusuk,53,1,1,1,1,Dusuk,Mobil_Bildirim
YKM01116,51,63,83584.53566140767,21939.16966475487,1,Yuksek,44,0,2,1,1,Orta,SMS
YKM01117,31,32,33763.32904579965,58893.19328597189,5,Orta,33,0,1,1,1,Yuksek,SMS
YKM01118,58,47,41968.32076855898,12683.179873505364,4,Orta,34,0,0,1,1,Yuksek,Mobil_Bildirim
YKM01119,43,65,53005.76021104755,21034.473347845567,3,Orta,33,0,0,1,0,Orta,Mobil_Bildirim
YKM01120,58,83,43696.207651172874,22653.739711246584,3,Yuksek,45,0,3,1,1,Orta,SMS
YKM01121,55,133,49720.17700409022,49166.27755417836,2,Yuksek,39,1,4,0,1,Yuksek,Mobil_Bildirim
YKM01122,54,128,47154.94469169627,40364.321147973365,1,Yuksek,44,0,2,1,1,Yuksek,Mobil_Bildirim
YKM01123,25,170,27636.371086997286,36603.62139850734,1,Orta,42,0,1,0,1,Dusuk,Mobil_Bildirim
YKM01124,57,149,40674.08431921696,20341.76606195073,1,Yuksek,48,1,2,1,0,Orta,SMS
YKM01125,28,143,29946.9764301178,22722.623219606267,3,Yuksek,20,0,2,1,1,Yuksek,Mobil_Bildirim
YKM01126,57,10,55379.824802040785,21963.172387677354,1,Orta,21,0,1,1,0,Yuksek,SMS
YKM01127,49,32,64835.128044972305,24501.348457372944,1,Yuksek,44,1,1,1,1,Dusuk,Mobil_Bildirim
YKM01128,35,21,46736.17424410579,52681.75637984017,1,Orta,40,0,1,1,0,Orta,Eposta
YKM01129,50,25,53305.37996792821,31502.00866738052,4,Orta,45,0,1,1,1,Orta,SMS
YKM01130,46,105,34396.3982738362,41500.32848146062,5,Orta,38,0,3,1,0,Orta,Mobil_Bildirim
YKM01131,29,109,52101.66432727488,35122.80417555405,2,Orta,38,0,2,1,0,Orta,SMS
YKM01132,28,118,43769.49336340178,11925.858244717881,6,Orta,33,0,1,1,0,Yuksek,SMS
YKM01133,60,167,83786.50469620196,18043.201931661548,6,Yuksek,28,0,0,1,1,Dusuk,Mobil_Bildirim
YKM01134,33,19,31426.89376439778,17387.51086584181,4,Orta,40,0,0,1,1,Orta,Mobil_Bildirim
YKM01135,35,162,32728.78798565456,35506.11263781778,3,Orta,37,1,1,1,0,Yuksek,Eposta
YKM01136,27,96,17487.71325103387,22011.440100603,1,Orta,41,1,1,0,1,Dusuk,Eposta
YKM01137,62,170,110268.75382214022,49454.828759572294,4,Dusuk,34,1,3,1,1,Orta,Mobil_Bildirim
YKM01138,43,161,45570.93270271664,31881.217664139116,3,Dusuk,37,1,2,1,0,Yuksek,Mobil_Bildirim
YKM01139,36,52,27144.57094302542,20969.490898148648,1,Yuksek,44,0,0,1,0,Orta,Eposta
YKM01140,24,127,58973.57498522205,17949.491630637272,3,Yuksek,41,0,3,1,1,Orta,Mobil_Bildirim
YKM01141,48,113,21105.145818731788,4699.654738347631,5,Dusuk,35,1,1,1,0,Dusuk,Eposta
YKM01142,33,108,70453.12588652644,23824.925002987955,3,Yuksek,38,1,3,0,1,Orta,SMS
YKM01143,66,158,65781.47546046095,34446.92237537273,3,Dusuk,34,0,4,1,1,Orta,SMS
YKM01144,64,22,52328.741013057006,36756.92100338465,2,Orta,35,0,1,0,0,Yuksek,Eposta
YKM01145,38,1,59859.5397676409,31725.79751702569,1,Dusuk,46,0,2,0,0,Yuksek,Mobil_Bildirim
YKM01146,28,152,32440.306904873567,31764.98785822672,5,Yuksek,42,1,2,1,0,Dusuk,SMS
YKM01147,53,125,44619.31877765104,38717.182811263745,1,Yuksek,39,0,1,1,1,Orta,Eposta
YKM01148,60,59,74684.21426971121,64991.391586838254,4,Orta,42,0,0,1,0,Orta,Mobil_Bildirim
YKM01149,39,82,74633.6530163287,16458.954517549995,4,Yuksek,40,1,2,0,1,Yuksek,Mobil_Bildirim
YKM01150,52,117,32207.410268023534,19393.55536125015,1,Orta,37,0,0,0,1,Yuksek,Eposta
YKM01151,63,50,57285.727424118464,50728.51795559541,5,Yuksek,37,0,0,1,1,Dusuk,Eposta
YKM01152,43,124,34389.445565966715,35662.949768230465,1,Orta,48,0,4,1,1,Yuksek,SMS
YKM01153,67,76,44929.36472859584,43126.235407326996,1,Orta,35,0,2,1,1,Orta,SMS
YKM01154,64,46,33338.216419261225,11231.795775465627,6,Orta,41,1,3,1,1,Yuksek,Mobil_Bildirim
YKM01155,31,88,29321.910234886916,29609.80385005874,1,Yuksek,27,0,1,1,1,Dusuk,Mobil_Bildirim
YKM01156,49,181,75075.15892404824,17158.638333625313,4,Orta,30,0,1,1,0,Orta,Mobil_Bildirim
YKM01157,48,99,41594.496099505835,12383.67495239679,4,Orta,30,1,1,1,1,Dusuk,Mobil_Bildirim
YKM01158,59,145,42770.60442500725,34096.50930937161,2,Yuksek,37,0,2,1,1,Orta,Mobil_Bildirim
YKM01159,64,37,29022.909220528098,21565.167096720306,6,Orta,33,1,2,0,1,Orta,Eposta
YKM01160,51,85,18323.263510323606,32242.45154243049,2,Dusuk,23,0,0,1,1,Dusuk,SMS
YKM01161,50,36,39154.19685232804,26611.23964626534,4,Yuksek,30,0,2,1,1,Orta,Mobil_Bildirim
YKM01162,52,41,67001.98079977209,26907.191641359488,6,Yuksek,38,0,0,1,1,Orta,Mobil_Bildirim
YKM01163,21,147,31406.968060255735,77550.28777499025,6,Yuksek,30,0,3,1,1,Orta,SMS
YKM01164,57,130,54753.09929827957,68263.12242589777,3,Orta,32,0,1,1,1,Yuksek,Mobil_Bildirim
YKM01165,22,130,102883.2488548889,20359.877834353647,1,Orta,40,0,4,1,1,Orta,Mobil_Bildirim
YKM01166,66,157,18861.91143100781,37806.3019237476,6,Yuksek,30,0,3,0,0,Yuksek,SMS
YKM01167,48,104,62863.361694406995,9495.179921885232,6,Yuksek,57,0,0,1,1,Yuksek,Mobil_Bildirim
YKM01168,58,128,35923.714438179195,25312.718394478426,3,Orta,43,0,3,0,1,Orta,SMS
YKM01169,22,87,60464.07504466693,20285.502589842752,5,Yuksek,25,0,1,1,0,Dusuk,Mobil_Bildirim
YKM01170,59,148,58969.19509631448,39803.48125043682,5,Yuksek,36,0,0,0,1,Orta,Mobil_Bildirim
YKM01171,31,164,45562.88322068214,35070.581719268244,1,Orta,26,1,1,1,0,Orta,Mobil_Bildirim
YKM01172,36,18,25796.9347489513,19181.79022301418,4,Orta,29,1,2,1,0,Yuksek,Mobil_Bildirim
YKM01173,26,104,56912.595530116174,17167.923097929994,2,Orta,37,1,2,1,1,Yuksek,Mobil_Bildirim
YKM01174,63,50,46784.008949914394,20981.916007196603,5,Dusuk,35,0,2,1,1,Yuksek,Eposta
YKM01175,69,47,44512.37789995436,14380.33971160186,2,Orta,35,0,3,0,0,Orta,Mobil_Bildirim
YKM01176,33,29,69371.58489867338,34837.11630251494,6,Yuksek,25,0,0,1,1,Yuksek,Mobil_Bildirim
YKM01177,56,73,30999.951689832258,22950.587176038196,3,Orta,29,0,0,1,1,Orta,SMS
YKM01178,33,86,58688.63479066938,50303.92711239244,5,Orta,32,1,4,1,0,Orta,Eposta
YKM01179,52,26,86023.50520970664,24088.002752021406,4,Yuksek,41,0,1,0,1,Orta,Mobil_Bildirim
YKM01180,38,140,28235.01845176948,82959.94057281836,2,Yuksek,45,1,1,1,1,Orta,Mobil_Bildirim
YKM01181,31,56,52834.684003971684,34017.247290236075,2,Yuksek,37,1,5,1,0,Orta,Mobil_Bildirim
YKM01182,49,53,39382.71956523622,16567.94996665945,5,Yuksek,34,1,0,1,1,Dusuk,SMS
YKM01183,66,102,35443.44299133101,21727.347405196582,5,Orta,36,0,2,1,0,Dusuk,SMS
YKM01184,60,93,81557.96668003478,9262.835899449808,1,Yuksek,58,0,1,1,0,Yuksek,Mobil_Bildirim
YKM01185,21,172,42468.20538338522,13228.10058698575,4,Orta,42,0,2,1,1,Orta,SMS
YKM01186,33,109,45921.24550135478,38588.98598512786,2,Yuksek,25,0,6,0,1,Orta,Mobil_Bildirim
YKM01187,58,8,49540.13795261096,31250.796079237232,3,Orta,47,0,0,0,1,Orta,SMS
YKM01188,55,42,24031.54107244053,23897.318242095665,3,Yuksek,41,0,1,1,1,Dusuk,SMS
YKM01189,49,105,57631.42602968658,55575.39586227118,4,Dusuk,47,0,1,1,0,Yuksek,SMS
YKM01190,58,51,31973.18802507584,51947.75908925499,4,Yuksek,43,0,2,1,1,Yuksek,SMS
YKM01191,37,31,53765.040416100084,26114.343967279918,3,Yuksek,34,1,0,1,1,Yuksek,Mobil_Bildirim
YKM01192,31,123,68478.28772046896,25454.559357681523,3,Orta,33,0,3,1,1,Yuksek,Eposta
YKM01193,34,36,132179.93762885054,43541.87599135839,5,Dusuk,52,1,3,1,1,Orta,SMS
YKM01194,43,131,56290.95800366192,25762.37055800668,6,Dusuk,27,0,2,1,1,Orta,Mobil_Bildirim
YKM01195,67,158,71078.23310242376,26507.68279061112,2,Orta,36,0,1,1,0,Dusuk,Mobil_Bildirim
YKM01196,49,100,44942.77698597962,19342.07112146745,6,Dusuk,38,0,0,1,0,Orta,Mobil_Bildirim
YKM01197,42,80,46531.73343882791,16881.32140172734,4,Dusuk,37,0,1,1,1,Orta,SMS
YKM01198,52,11,39060.651390589825,52579.251727322146,4,Orta,40,0,3,1,1,Yuksek,Mobil_Bildirim
YKM01199,30,123,25431.58688372091,20274.23478431194,2,Yuksek,36,0,1,1,1,Dusuk,Eposta
YKM01200,64,54,42445.516817163625,41804.711158383434,2,Yuksek,37,0,1,0,1,Orta,Mobil_Bildirim
YKM01201,31,22,42517.0073678976,13272.885199771226,1,Orta,35,0,0,1,0,Dusuk,SMS
YKM01202,24,167,47862.30164725064,16172.790206918311,3,Dusuk,49,0,2,1,1,Orta,SMS
YKM01203,44,100,80291.15175770578,33601.95440029473,6,Yuksek,41,0,1,0,0,Yuksek,Mobil_Bildirim
YKM01204,58,57,62794.21307533818,14541.325264324027,4,Orta,42,0,3,0,0,Dusuk,SMS
YKM01205,47,22,53442.53352746995,39490.581817193364,1,Dusuk,37,0,0,0,1,Orta,Mobil_Bildirim
YKM01206,33,38,44514.92939932892,29207.822427333915,3,Orta,52,0,2,1,0,Orta,Mobil_Bildirim
YKM01207,33,92,47044.667622866305,23228.45831530514,5,Yuksek,30,0,1,0,0,Yuksek,Eposta
YKM01208,36,29,32728.3786322913,17769.79120247105,4,Dusuk,52,0,2,1,1,Orta,SMS
YKM01209,56,126,92893.99591820635,35311.534217460074,3,Yuksek,39,0,2,1,1,Yuksek,Mobil_Bildirim
YKM01210,61,38,85110.28769346488,32427.182132485294,2,Yuksek,48,0,0,1,1,Yuksek,Eposta
YKM01211,46,70,58291.78887509101,15735.882825894767,5,Dusuk,38,0,1,1,0,Yuksek,Eposta
YKM01212,24,21,89062.87189435575,17788.761122462438,6,Orta,41,0,1,1,0,Yuksek,SMS
YKM01213,46,80,53346.68085491432,38027.81521641075,4,Yuksek,49,0,1,0,0,Orta,SMS
YKM01214,20,60,63957.2483217334,26078.611677139364,6,Orta,32,0,1,1,0,Dusuk,SMS
YKM01215,53,173,24463.44026969739,22993.57942359585,4,Yuksek,45,0,1,0,1,Orta,SMS
YKM01216,65,46,36954.90002501351,37770.94696428583,5,Yuksek,45,0,0,1,0,Orta,Mobil_Bildirim
YKM01217,61,22,29954.345542953535,25622.592299377888,6,Orta,31,0,2,1,1,Orta,Mobil_Bildirim
YKM01218,21,107,22747.112974306943,20544.75650015315,1,Yuksek,27,1,0,1,1,Yuksek,Mobil_Bildirim
YKM01219,63,171,93149.40761527939,36995.761501115456,4,Dusuk,41,0,0,1,1,Orta,SMS
YKM01220,36,15,35002.68968051171,34449.64607264611,3,Orta,30,1,0,1,0,Yuksek,Mobil_Bildirim
YKM01221,24,69,59634.46552374568,30540.03759726812,5,Dusuk,21,0,2,1,1,Orta,SMS
YKM01222,71,72,104148.06601742974,31491.07139979687,4,Dusuk,37,0,1,1,1,Orta,SMS
YKM01223,29,54,63062.152520338415,12559.290813572028,5,Orta,37,0,1,1,1,Dusuk,Eposta
YKM01224,28,100,45076.09093418241,69138.75215522402,3,Dusuk,42,0,2,1,0,Dusuk,Mobil_Bildirim
YKM01225,36,186,12027.386213508775,38524.9055299164,4,Yuksek,35,0,2,1,1,Yuksek,Mobil_Bildirim
YKM01226,40,142,53592.85256309679,15923.626994781524,6,Yuksek,33,1,0,1,1,Orta,Mobil_Bildirim
YKM01227,42,139,91261.13045779312,43000.67899078271,4,Yuksek,29,0,0,1,0,Dusuk,Mobil_Bildirim
YKM01228,65,159,31664.222681797582,9174.960718952809,5,Yuksek,30,1,2,1,1,Yuksek,Eposta
YKM01229,58,19,25166.875087583776,50316.57783142697,2,Dusuk,28,0,2,1,1,Yuksek,SMS
YKM01230,38,108,158836.9178685908,30651.353596692486,1,Orta,44,0,0,1,0,Yuksek,SMS
YKM01231,53,113,41918.42851209254,19392.723112000156,4,Orta,40,1,1,1,1,Yuksek,SMS
YKM01232,39,91,64561.56397394071,29494.487302906004,4,Orta,31,0,2,1,0,Orta,SMS
YKM01233,66,128,32328.28962999089,29994.40073296692,2,Yuksek,41,1,1,1,1,Dusuk,Eposta
YKM01234,23,134,71075.07385116893,73328.89534134549,1,Yuksek,31,0,1,1,1,Yuksek,SMS
YKM01235,66,60,105346.17563499651,28357.818665087994,3,Orta,42,0,1,1,1,Dusuk,Mobil_Bildirim
YKM01236,46,6,21469.933335290676,19805.48995157933,3,Orta,35,1,2,1,0,Dusuk,Mobil_Bildirim
YKM01237,55,55,89527.64732561623,22139.108485472952,6,Orta,53,1,4,1,0,Orta,SMS
YKM01238,55,131,72953.10731548454,20314.086828606713,6,Dusuk,36,0,0,0,0,Dusuk,Mobil_Bildirim
YKM01239,46,3,50170.24808798739,17964.028377353778,4,Yuksek,32,0,1,1,0,Orta,Mobil_Bildirim
YKM01240,24,159,33655.8640696144,18455.514154156393,6,Orta,38,1,2,0,1,Dusuk,SMS
YKM01241,61,25,64919.15374408356,30957.01051877175,1,Yuksek,45,0,0,1,1,Orta,SMS
YKM01242,19,62,62900.92853809565,14564.752376713504,5,Yuksek,36,0,0,1,1,Orta,Eposta
YKM01243,64,95,107569.04109817812,14281.19571437855,3,Yuksek,43,0,1,0,1,Dusuk,SMS
YKM01244,62,20,46502.67635315917,60635.8677630974,3,Orta,42,0,2,1,0,Yuksek,Mobil_Bildirim
YKM01245,66,37,137137.5644633607,53470.66096896043,3,Orta,44,1,1,1,1,Yuksek,Mobil_Bildirim
YKM01246,30,66,38188.568160901305,15793.630603031335,2,Dusuk,43,0,2,1,1,Orta,Mobil_Bildirim
YKM01247,47,160,54524.24535833884,45282.26880359646,4,Yuksek,30,1,2,1,1,Dusuk,SMS
YKM01248,53,26,47838.558677879904,24552.64014784004,1,Yuksek,39,0,0,1,0,Orta,SMS
YKM01249,55,170,39924.90853291396,26719.791555862274,4,Orta,41,1,1,1,1,Orta,Mobil_Bildirim
YKM01250,44,91,31862.94014968582,42959.520997097825,6,Dusuk,40,0,0,0,0,Yuksek,Eposta
YKM01251,66,69,62359.29657932928,21532.162792485884,4,Dusuk,33,1,2,1,0,Yuksek,Mobil_Bildirim
YKM01252,60,42,52890.71344124045,16119.736325433078,4,Orta,44,1,1,1,1,Dusuk,SMS
YKM01253,31,61,33849.78809845263,18516.996359768127,5,Orta,43,1,2,0,1,Yuksek,Mobil_Bildirim
YKM01254,30,154,31456.654389742405,21916.293945598678,1,Dusuk,37,0,1,1,1,Yuksek,Mobil_Bildirim
YKM01255,43,57,69044.881197052,29403.515694517733,4,Yuksek,47,0,3,0,0,Dusuk,Eposta
YKM01256,21,76,57341.4505645762,8891.50002962207,4,Orta,40,0,2,1,0,Orta,Mobil_Bildirim
YKM01257,66,150,45491.59765748274,23853.641121669265,6,Dusuk,34,0,3,1,0,Yuksek,SMS
YKM01258,37,82,48004.63803243635,10658.949269917168,6,Yuksek,43,1,0,1,1,Orta,SMS
YKM01259,27,67,73482.69648429187,15293.220698106807,3,Yuksek,44,0,2,1,1,Dusuk,Mobil_Bildirim
YKM01260,54,73,38597.1137176287,32120.76365511864,2,Yuksek,35,0,0,1,1,Orta,Eposta
YKM01261,69,104,116951.98449628662,23474.09359688822,1,Orta,36,0,0,1,0,Yuksek,Mobil_Bildirim
YKM01262,43,24,61013.98669516407,19691.39467016642,2,Yuksek,40,0,0,1,0,Yuksek,Mobil_Bildirim
YKM01263,58,102,45473.55439491538,11406.33549945764,2,Yuksek,38,0,3,0,0,Yuksek,SMS
YKM01264,47,180,24986.628855013052,13487.590233248578,5,Yuksek,29,0,3,1,0,Orta,SMS
YKM01265,63,33,29380.256652804477,23516.402468472483,3,Yuksek,40,1,2,1,0,Yuksek,SMS
YKM01266,25,153,30250.719302651698,20321.36150300226,5,Orta,32,0,2,1,1,Dusuk,Eposta
YKM01267,65,7,82541.74670824982,56134.487982785715,1,Orta,27,0,0,1,1,Orta,Eposta
YKM01268,70,45,76574.2730843048,37735.86861485771,5,Dusuk,52,0,0,1,0,Orta,Eposta
YKM01269,69,24,70301.02235802716,36778.66293015657,1,Orta,43,1,3,1,1,Dusuk,Mobil_Bildirim
YKM01270,52,91,33997.81468901132,13474.475210935108,4,Orta,32,1,3,1,1,Yuksek,Mobil_Bildirim
YKM01271,58,157,28846.845648481332,29678.843349368624,4,Orta,42,1,1,0,1,Yuksek,SMS
YKM01272,23,182,55504.452782959546,30787.943172721938,1,Orta,38,1,0,1,1,Orta,Mobil_Bildirim
YKM01273,26,150,37651.93682677056,19920.347717419143,4,Orta,37,0,0,0,1,Yuksek,Mobil_Bildirim
YKM01274,34,46,42937.340494749296,43785.42557823414,4,Orta,38,0,0,1,0,Orta,SMS
YKM01275,37,103,70212.21346802062,17356.44611352671,4,Orta,45,0,1,0,0,Yuksek,Mobil_Bildirim
YKM01276,36,42,64022.94672449957,33143.13411442998,3,Yuksek,35,1,0,1,0,Orta,Eposta
YKM01277,59,25,29129.122765633816,28699.27331022617,6,Yuksek,38,0,0,1,1,Orta,SMS
YKM01278,31,103,30169.530703231063,39906.426161892305,1,Dusuk,28,0,1,0,1,Orta,Mobil_Bildirim
YKM01279,68,133,23274.505744549173,34452.771395548276,4,Dusuk,39,0,1,1,1,Yuksek,Mobil_Bildirim
YKM01280,44,123,51522.48912354891,17366.347649263615,6,Yuksek,31,1,3,1,0,Orta,Mobil_Bildirim
YKM01281,38,154,62384.49948521698,34713.893749533236,3,Yuksek,39,0,3,1,1,Orta,SMS
YKM01282,25,168,63401.900592830934,23057.280766242686,3,Orta,40,0,0,1,1,Yuksek,Eposta
YKM01283,22,147,105862.20240676445,11047.602997454802,2,Orta,41,0,0,1,0,Yuksek,Mobil_Bildirim
YKM01284,40,130,68728.57468499972,19370.22853926159,1,Yuksek,32,0,0,1,1,Dusuk,SMS
YKM01285,27,114,163679.10078598748,10579.269372701292,4,Orta,38,0,2,1,1,Orta,Mobil_Bildirim
YKM01286,59,123,55965.02782472728,23602.8314408078,1,Yuksek,43,0,0,1,1,Yuksek,Mobil_Bildirim
YKM01287,56,159,37779.11063904135,10734.250394868079,2,Yuksek,37,0,3,1,0,Dusuk,Mobil_Bildirim
YKM01288,29,50,17601.62829251233,30836.264965992363,3,Orta,44,0,3,1,1,Orta,Mobil_Bildirim
YKM01289,34,38,27737.388248007566,31966.25696606434,6,Yuksek,41,1,0,1,1,Yuksek,Mobil_Bildirim
YKM01290,61,74,72608.94136693885,30782.149618792417,4,Dusuk,28,0,1,0,1,Orta,Eposta
YKM01291,46,86,44741.39950669381,40948.57536649225,4,Yuksek,38,0,3,1,1,Orta,Mobil_Bildirim
YKM01292,48,15,51567.175439789266,37196.59086716044,5,Yuksek,36,1,2,1,1,Orta,Mobil_Bildirim
YKM01293,55,11,41789.210823884605,42700.25873381702,4,Orta,39,0,3,1,1,Orta,Mobil_Bildirim
YKM01294,28,62,28573.392628419293,31614.45287950716,3,Orta,32,0,5,0,1,Orta,Eposta
YKM01295,32,158,34573.05469632819,26535.81235162672,2,Yuksek,34,0,2,1,0,Orta,Mobil_Bildirim
YKM01296,30,152,21493.821872809836,36004.725165481985,4,Yuksek,48,0,3,1,1,Orta,Eposta
YKM01297,39,120,73638.36312285035,31069.92768494599,5,Dusuk,37,1,2,0,1,Orta,Mobil_Bildirim
YKM01298,56,61,115385.36240599144,20344.59470955604,3,Dusuk,44,0,0,1,0,Yuksek,Mobil_Bildirim
YKM01299,26,47,48063.42890364166,8929.990322719033,2,Orta,41,1,2,1,0,Orta,SMS
YKM01300,39,155,40555.28400553027,17587.15079118584,4,Orta,46,0,2,1,0,Orta,Eposta
YKM01301,28,106,85849.20760995192,29586.799114996535,3,Orta,48,0,4,1,1,Dusuk,Mobil_Bildirim
YKM01302,47,148,39158.5768763057,43980.61423055222,3,Dusuk,33,1,2,0,1,Orta,Mobil_Bildirim
YKM01303,52,56,53495.05711751763,31440.29803676694,5,Orta,30,1,0,1,1,Orta,SMS
YKM01304,46,103,36564.85242130474,34290.04806497876,6,Yuksek,37,0,1,0,0,Dusuk,Mobil_Bildirim
YKM01305,33,118,21301.9724974798,19728.5772786187,1,Yuksek,35,0,3,0,1,Orta,SMS
YKM01306,35,78,32684.430158792602,21894.861820974606,2,Yuksek,29,0,0,1,0,Orta,Mobil_Bildirim
YKM01307,50,52,54412.48442154812,9746.03307165251,5,Yuksek,35,0,1,1,0,Orta,Eposta
YKM01308,24,81,21474.281826555085,40219.412335057954,1,Orta,30,0,3,1,0,Yuksek,Mobil_Bildirim
YKM01309,28,11,60508.46124922412,31607.759449714584,3,Dusuk,26,0,1,1,1,Dusuk,SMS
YKM01310,68,115,53908.58517667608,22209.848719175938,2,Yuksek,39,0,0,1,1,Dusuk,Mobil_Bildirim
YKM01311,20,154,61838.466033462595,20671.914962025407,6,Orta,38,0,1,1,1,Orta,Mobil_Bildirim
YKM01312,67,146,55550.10079847511,25950.805716821626,1,Yuksek,38,1,1,1,1,Yuksek,Mobil_Bildirim
YKM01313,24,92,64879.688078453655,14181.270978631183,5,Orta,31,0,3,1,0,Orta,Mobil_Bildirim
YKM01314,60,91,44517.93188981521,4985.431737695402,4,Dusuk,51,0,2,1,0,Orta,Mobil_Bildirim
YKM01315,43,74,21477.000861880275,37640.18969038695,2,Orta,36,0,0,1,1,Orta,Eposta
YKM01316,62,20,84945.4807628707,21179.11482400986,5,Orta,46,1,0,1,0,Yuksek,SMS
YKM01317,30,15,84552.83721544011,23002.141797971843,2,Yuksek,27,0,1,1,1,Yuksek,Mobil_Bildirim
YKM01318,47,69,85965.89057064519,24874.8600641083,6,Orta,32,0,0,1,1,Orta,Mobil_Bildirim
YKM01319,62,106,45879.26356054523,33474.12884158084,3,Orta,50,0,1,1,1,Yuksek,Mobil_Bildirim
YKM01320,65,39,66171.60669006621,14284.20301509196,4,Orta,34,0,2,1,0,Dusuk,Mobil_Bildirim
YKM01321,42,56,124361.9695413918,28150.734076437566,4,Yuksek,47,0,2,1,1,Yuksek,SMS
YKM01322,68,168,60031.10196536869,40742.13451265257,4,Orta,39,1,0,1,0,Dusuk,Mobil_Bildirim
YKM01323,62,68,64318.06762197264,43693.091267935415,4,Orta,40,0,0,0,0,Yuksek,Mobil_Bildirim
YKM01324,24,138,53139.12116153336,27463.139877047375,6,Yuksek,44,1,4,0,0,Orta,Mobil_Bildirim
YKM01325,59,180,52342.65959897391,20731.18737518108,3,Yuksek,38,0,2,1,1,Yuksek,SMS
YKM01326,68,183,52553.517285100024,36740.72776004551,4,Yuksek,36,0,2,1,1,Yuksek,Mobil_Bildirim
YKM01327,35,125,56483.855140202526,47614.08821111946,1,Orta,37,0,2,1,1,Dusuk,SMS
YKM01328,49,46,46417.72554213102,10081.247843130248,1,Yuksek,30,1,1,1,0,Yuksek,SMS
YKM01329,57,26,36813.01925635295,19554.256753614944,2,Dusuk,27,0,1,0,0,Orta,Eposta
YKM01330,22,123,46328.05763836473,11708.460333804185,1,Dusuk,44,1,0,0,1,Yuksek,Eposta
YKM01331,61,13,40494.06510664336,10643.45307246993,3,Yuksek,33,1,1,0,0,Yuksek,Mobil_Bildirim
YKM01332,20,163,11720.398295745075,24174.9350928936,2,Orta,31,0,0,1,1,Yuksek,SMS
YKM01333,27,39,49081.68152200573,21587.78130399157,6,Dusuk,40,0,1,1,1,Orta,Mobil_Bildirim
YKM01334,34,150,41054.52708204277,12505.223465307,5,Yuksek,42,0,2,1,1,Orta,Eposta
YKM01335,60,114,62151.98175579969,16644.97023691134,2,Orta,39,0,3,1,0,Dusuk,SMS
YKM01336,59,130,102364.13496644395,32305.723048838165,6,Orta,47,0,1,1,0,Yuksek,Mobil_Bildirim
YKM01337,28,164,29425.021988445023,51220.17058883553,1,Yuksek,37,0,2,1,1,Yuksek,SMS
YKM01338,69,160,69652.0268696295,32397.013741567425,2,Dusuk,40,0,2,1,1,Orta,Mobil_Bildirim
YKM01339,54,53,43274.46619943806,15024.444096369634,3,Orta,36,1,1,1,1,Yuksek,Mobil_Bildirim
YKM01340,56,126,52606.4348105795,35841.5684794434,3,Orta,37,0,1,0,1,Dusuk,SMS
YKM01341,28,24,34109.148011536905,61961.10047269676,5,Orta,32,0,1,1,1,Yuksek,SMS
YKM01342,29,17,41550.39137033441,47274.046390579504,4,Yuksek,42,0,2,1,1,Yuksek,SMS
YKM01343,23,83,31205.855419065898,47058.693993328605,3,Yuksek,38,0,2,0,0,Yuksek,Mobil_Bildirim
YKM01344,26,127,44374.559146370295,25369.2827543281,5,Orta,41,0,0,1,0,Yuksek,Mobil_Bildirim
YKM01345,37,34,35836.09681995764,31060.12520996656,3,Dusuk,38,0,0,1,1,Dusuk,Mobil_Bildirim
YKM01346,26,123,84468.18776975262,18455.259699889277,1,Orta,39,1,1,0,1,Orta,Mobil_Bildirim
YKM01347,22,138,29047.51794892417,8797.23019956326,5,Dusuk,47,0,1,1,1,Orta,Mobil_Bildirim
YKM01348,36,172,91432.40571365842,16249.861160141578,5,Yuksek,42,0,3,1,1,Orta,Mobil_Bildirim
YKM01349,67,8,49197.41657815283,34344.93550597941,6,Orta,29,1,0,1,1,Dusuk,Mobil_Bildirim
YKM01350,49,53,29118.677268816387,43341.277720950806,1,Yuksek,51,1,0,0,1,Dusuk,SMS
YKM01351,32,36,35505.92395433616,64311.12162520044,5,Yuksek,34,1,0,0,1,Dusuk,SMS
YKM01352,47,38,108658.94756405054,71713.97684743248,4,Dusuk,34,0,3,1,0,Orta,SMS
YKM01353,60,125,91940.7000106126,42629.88919656266,1,Yuksek,35,1,1,1,0,Yuksek,SMS
YKM01354,60,78,81796.96937992224,29552.954406945377,3,Yuksek,42,0,1,1,1,Dusuk,Mobil_Bildirim
YKM01355,64,6,68452.5000412357,9794.402373238647,4,Orta,30,0,0,1,1,Orta,SMS
YKM01356,49,164,36005.338401081695,23552.95945981202,3,Orta,49,0,0,0,0,Yuksek,Mobil_Bildirim
YKM01357,31,115,80018.59243991888,23370.93269558277,4,Dusuk,25,1,0,1,1,Yuksek,SMS
YKM01358,45,152,45314.50240885802,3956.385348875706,2,Dusuk,37,0,2,1,1,Orta,Mobil_Bildirim
YKM01359,49,71,125498.24029945985,43746.428337624995,2,Yuksek,40,0,1,0,1,Orta,SMS
YKM01360,57,15,64763.83012838378,24753.128869492062,3,Yuksek,39,0,1,1,0,Yuksek,SMS
YKM01361,20,173,24014.234607484075,21345.628898842995,3,Yuksek,53,1,1,1,1,Dusuk,Mobil_Bildirim
YKM01362,56,181,46430.10121312355,17811.60897092024,2,Yuksek,51,1,2,1,1,Orta,Mobil_Bildirim
YKM01363,39,94,11797.484733703492,36262.78299815417,2,Yuksek,34,0,0,1,0,Orta,Mobil_Bildirim
YKM01364,31,172,52377.29714937688,43079.67885999755,2,Dusuk,36,0,2,1,0,Yuksek,Eposta
YKM01365,46,58,81855.75907792985,23016.36710763553,5,Orta,37,0,1,0,1,Orta,Mobil_Bildirim
YKM01366,30,18,66560.74654907045,16595.742163256407,6,Orta,36,0,4,1,0,Yuksek,SMS
YKM01367,58,72,37093.57427339595,15065.139660837604,6,Yuksek,34,1,2,1,1,Orta,Eposta
YKM01368,55,9,19728.20422124125,18083.52592144607,1,Dusuk,41,0,0,1,1,Yuksek,Mobil_Bildirim
YKM01369,34,21,27835.232051993014,26059.490130477694,4,Dusuk,50,0,1,0,0,Yuksek,SMS
YKM01370,39,72,31987.545594129646,8920.006300142139,4,Dusuk,34,1,2,0,1,Orta,Mobil_Bildirim
YKM01371,36,134,50633.02266632759,21013.754556474258,1,Yuksek,29,1,0,1,0,Yuksek,Eposta
YKM01372,52,37,52690.836145407404,30472.93639983741,2,Dusuk,24,0,3,1,1,Orta,Mobil_Bildirim
YKM01373,52,167,75459.52932501498,15938.983793425301,2,Orta,38,0,1,0,1,Orta,Mobil_Bildirim
YKM01374,58,27,41528.36664268894,16748.591531135473,5,Yuksek,37,0,2,1,0,Orta,SMS
YKM01375,40,100,36787.97483764666,9831.942973589381,2,Orta,39,0,3,1,1,Yuksek,Eposta
YKM01376,48,137,69348.67893825602,25808.479961395366,5,Dusuk,33,0,0,1,0,Dusuk,SMS
YKM01377,26,31,17004.774622623572,51515.3520269644,6,Yuksek,34,0,1,1,1,Yuksek,Mobil_Bildirim
YKM01378,63,64,33266.549685451224,17118.864176132334,1,Orta,37,0,1,0,1,Orta,Mobil_Bildirim
YKM01379,36,1,21780.316777032353,22651.47949014978,5,Dusuk,27,0,0,0,1,Orta,Eposta
YKM01380,33,85,54041.04788739532,45351.81224172933,1,Orta,40,0,0,1,0,Dusuk,SMS
YKM01381,36,137,29869.678293103923,44613.31343416169,2,Yuksek,30,0,0,1,0,Yuksek,Mobil_Bildirim
YKM01382,18,15,50907.539221443716,11327.064294710242,2,Yuksek,33,1,1,1,1,Yuksek,Mobil_Bildirim
YKM01383,42,166,32688.565596757486,45666.769333474964,6,Orta,35,1,1,1,1,Yuksek,Mobil_Bildirim
YKM01384,38,66,62151.11610116461,20440.870801656023,1,Yuksek,38,1,1,1,1,Dusuk,Mobil_Bildirim
YKM01385,55,129,49704.657298363956,19294.342897856633,2,Yuksek,38,0,0,1,0,Orta,SMS
YKM01386,34,41,55787.91434548343,40738.639116264625,6,Orta,36,0,2,0,0,Orta,Mobil_Bildirim
YKM01387,29,59,64661.72175321721,23376.32057784919,1,Orta,27,0,1,1,1,Orta,SMS
YKM01388,51,96,58362.85525146134,57827.919210278116,5,Orta,38,0,1,1,0,Dusuk,Mobil_Bildirim
YKM01389,26,81,46358.35636188578,51262.80868451382,5,Orta,47,0,0,0,0,Yuksek,Mobil_Bildirim
YKM01390,37,55,85498.41331231764,23700.028270929797,6,Dusuk,32,0,2,1,1,Dusuk,Mobil_Bildirim
YKM01391,67,111,36384.57745298802,21411.8354381205,5,Yuksek,43,0,2,1,0,Yuksek,Mobil_Bildirim
YKM01392,69,46,33832.814155426655,17929.29540229815,4,Dusuk,31,1,2,1,1,Orta,SMS
YKM01393,34,173,76460.03388813419,32456.730928293455,5,Orta,38,0,2,0,1,Orta,SMS
YKM01394,37,164,31014.786576377977,30520.246082866684,5,Yuksek,27,0,2,0,1,Dusuk,Mobil_Bildirim
YKM01395,26,151,36508.14917133542,66021.35192560563,2,Dusuk,38,0,0,1,0,Orta,Mobil_Bildirim
YKM01396,27,53,33013.768157401806,19628.132004525876,5,Orta,32,1,0,0,1,Dusuk,Mobil_Bildirim
YKM01397,35,163,95448.1481140039,26271.531804878945,5,Orta,37,0,1,1,1,Orta,Mobil_Bildirim
YKM01398,69,98,38358.87427962518,26537.77748437732,4,Dusuk,41,0,2,0,1,Yuksek,Mobil_Bildirim
YKM01399,61,17,30267.932573534483,16807.08442858294,3,Dusuk,37,1,3,1,0,Orta,Mobil_Bildirim
YKM01400,65,38,58336.8622938354,15291.658161721292,1,Orta,34,0,0,0,1,Dusuk,Mobil_Bildirim
YKM01401,53,161,59028.02460077926,24649.38511749478,6,Orta,26,1,5,0,1,Dusuk,Mobil_Bildirim
YKM01402,30,22,29143.80199907585,26096.88602630098,6,Yuksek,37,0,1,1,0,Yuksek,Mobil_Bildirim
YKM01403,27,64,55909.379620328844,23438.91396469576,6,Yuksek,41,0,1,1,1,Yuksek,SMS
YKM01404,60,124,52079.667892258716,32886.977128308456,4,Orta,31,1,1,1,1,Yuksek,Mobil_Bildirim
YKM01405,33,59,46478.04527020639,33245.2223893507,4,Yuksek,30,1,1,0,1,Orta,Mobil_Bildirim
YKM01406,48,4,50374.11552818171,13479.733614290215,1,Orta,34,0,2,1,1,Yuksek,SMS
YKM01407,45,90,38310.5116525906,17322.824587735417,4,Orta,27,0,0,1,0,Orta,Mobil_Bildirim
YKM01408,39,174,33754.36543126435,28407.17843436884,1,Yuksek,44,0,2,1,1,Orta,SMS
YKM01409,69,139,84850.94472065577,20626.729776856024,6,Orta,44,0,0,1,1,Orta,Mobil_Bildirim
YKM01410,56,133,57888.746977029245,9357.579125225917,3,Dusuk,32,0,1,1,0,Orta,Mobil_Bildirim
YKM01411,22,134,70284.11177121288,35850.832165463304,6,Dusuk,39,0,1,1,0,Orta,Mobil_Bildirim
YKM01412,41,174,55131.03787735578,35600.58711007361,1,Yuksek,34,0,2,1,1,Yuksek,Mobil_Bildirim
YKM01413,42,72,61514.07328597887,34094.003282319194,6,Yuksek,38,0,1,1,1,Dusuk,Mobil_Bildirim
YKM01414,66,140,36365.796066502764,8867.027317457676,4,Orta,39,0,4,0,1,Yuksek,Mobil_Bildirim
YKM01415,49,115,21891.307160483786,25497.161807583052,6,Dusuk,49,0,1,1,1,Dusuk,SMS
YKM01416,47,121,63654.95263729393,35001.65307223466,2,Orta,27,0,1,1,1,Yuksek,Mobil_Bildirim
YKM01417,69,115,41385.244874786156,18723.821506997865,2,Yuksek,35,1,1,1,1,Yuksek,Eposta
YKM01418,63,44,29259.216700529294,22779.19109317914,1,Orta,36,1,2,1,1,Dusuk,SMS
YKM01419,69,12,29512.708718388232,44418.62397467321,3,Yuksek,39,0,2,1,1,Orta,SMS
YKM01420,42,61,24200.65964954685,26493.096979544644,5,Orta,52,1,2,1,1,Yuksek,Mobil_Bildirim
YKM01421,45,123,28501.026833733504,36091.712142215896,2,Dusuk,37,0,1,0,1,Orta,Mobil_Bildirim
YKM01422,43,32,111929.53677224168,31908.853737978217,4,Yuksek,36,0,1,1,1,Orta,Mobil_Bildirim
YKM01423,43,122,53459.01479396067,58960.50260287875,1,Orta,33,0,2,1,1,Dusuk,Mobil_Bildirim
YKM01424,23,10,57752.80566386203,61622.8717113874,4,Orta,43,1,1,1,1,Orta,SMS
YKM01425,32,93,35259.13681277428,37828.507234616285,2,Yuksek,31,1,1,1,0,Yuksek,Mobil_Bildirim
YKM01426,24,126,43855.31654004767,40524.977942392965,6,Dusuk,41,1,1,1,1,Dusuk,Mobil_Bildirim
YKM01427,44,48,33389.36423534349,23993.40123921088,3,Yuksek,38,0,2,1,1,Dusuk,Mobil_Bildirim
YKM01428,33,109,41293.865226009235,13829.001812007626,4,Orta,51,0,0,1,0,Orta,Mobil_Bildirim
YKM01429,27,106,33007.87850748598,16844.763523492136,5,Yuksek,36,0,1,1,1,Dusuk,Mobil_Bildirim
YKM01430,22,120,80221.5641046166,33476.358264539005,5,Yuksek,46,0,2,1,1,Orta,Eposta
YKM01431,52,109,58023.34922394921,18278.82187774819,6,Dusuk,35,0,3,1,0,Yuksek,SMS
YKM01432,58,93,125293.65277558364,21654.8862732393,3,Orta,30,0,1,1,1,Yuksek,Mobil_Bildirim
YKM01433,61,76,117079.74868860775,40360.276809077266,4,Orta,33,1,2,1,1,Orta,Mobil_Bildirim
YKM01434,38,166,92827.85310875275,39286.12701836639,5,Yuksek,34,0,2,1,0,Dusuk,Mobil_Bildirim
YKM01435,37,36,30182.01405701548,16811.533451115123,2,Orta,38,0,3,1,1,Dusuk,Mobil_Bildirim
YKM01436,51,66,14348.026667358365,11730.556884372068,3,Dusuk,29,1,2,0,1,Orta,SMS
YKM01437,41,113,54499.89850631733,43148.40070206551,6,Yuksek,43,0,0,0,1,Orta,Eposta
YKM01438,42,87,61712.20399947625,45051.63772788308,2,Dusuk,39,0,0,0,1,Orta,SMS
YKM01439,31,151,69556.60503161215,31821.81186554695,2,Dusuk,32,0,1,1,1,Orta,SMS
YKM01440,40,74,44453.828624627095,21605.41077999809,6,Yuksek,42,0,0,1,1,Dusuk,SMS
YKM01441,23,99,19903.16088585218,22655.635638853826,1,Yuksek,29,1,0,1,1,Yuksek,Mobil_Bildirim
YKM01442,66,33,46788.081324354825,43485.258047367686,6,Orta,41,0,1,1,0,Orta,Mobil_Bildirim
YKM01443,43,72,38145.95147014496,17791.29423776127,6,Yuksek,42,0,3,0,0,Yuksek,Mobil_Bildirim
YKM01444,51,15,143771.65997501323,52913.538192411674,5,Orta,38,0,1,1,0,Dusuk,Eposta
YKM01445,27,48,51772.786975164716,29870.484708041527,4,Yuksek,39,0,1,0,0,Orta,Mobil_Bildirim
YKM01446,57,17,56398.550622857765,22016.041067505965,2,Orta,36,0,2,1,1,Orta,SMS
YKM01447,36,17,28863.68565774916,13541.935545068141,5,Yuksek,28,0,2,1,0,Yuksek,Mobil_Bildirim
YKM01448,49,8,31423.74392265692,33248.1334143674,4,Dusuk,51,0,2,1,1,Dusuk,Mobil_Bildirim
YKM01449,44,75,49740.99830487257,42077.997988887364,1,Yuksek,37,1,1,0,0,Yuksek,Mobil_Bildirim
YKM01450,60,20,37969.81536582898,30097.53176846284,4,Orta,28,0,0,1,0,Yuksek,Eposta
YKM01451,48,138,33810.31352083285,53251.397274551986,3,Yuksek,34,0,1,1,1,Dusuk,Mobil_Bildirim
YKM01452,53,22,39206.97500842515,11800.411464855733,5,Orta,47,1,1,1,1,Dusuk,Eposta
YKM01453,29,109,122850.3862619739,24104.82597334512,1,Yuksek,44,1,2,1,1,Yuksek,Mobil_Bildirim
YKM01454,64,43,94343.92841022136,69338.55906597707,5,Dusuk,45,0,0,1,1,Yuksek,SMS
YKM01455,68,58,82539.73796172802,17901.858584801565,3,Orta,45,0,0,0,1,Yuksek,SMS
YKM01456,66,46,64086.15623195336,27774.495902293576,1,Yuksek,36,0,0,1,1,Yuksek,SMS
YKM01457,48,41,63443.75038702036,21161.827390476952,4,Orta,38,0,3,1,0,Yuksek,Mobil_Bildirim
YKM01458,61,114,90164.04228057359,40913.87179630192,5,Orta,43,0,2,1,1,Orta,SMS
YKM01459,71,30,24923.4379969582,22050.339530584737,5,Yuksek,34,1,1,1,0,Yuksek,SMS
YKM01460,69,79,28730.4470704563,26970.11116465311,2,Orta,54,0,2,1,0,Orta,Mobil_Bildirim
YKM01461,28,28,38350.766040346214,36821.11119775483,3,Yuksek,42,0,0,1,1,Yuksek,SMS
YKM01462,60,187,16195.009873605422,34284.178629228,4,Dusuk,41,0,4,1,0,Yuksek,SMS
YKM01463,31,9,74034.6300655265,14899.299116622444,6,Yuksek,44,0,2,1,1,Orta,SMS
YKM01464,33,108,52079.70620275508,47824.686196880226,6,Orta,36,1,1,1,1,Yuksek,Mobil_Bildirim
YKM01465,65,33,25670.29405625144,15886.143314512361,5,Dusuk,34,0,1,1,1,Yuksek,Mobil_Bildirim
YKM01466,42,106,55719.2033785555,59990.040505192366,1,Orta,36,0,2,1,1,Dusuk,Mobil_Bildirim
YKM01467,60,1,46505.426653688024,24684.333214457638,2,Orta,41,1,0,1,0,Yuksek,Eposta
YKM01468,47,72,31780.89412153076,16529.319632601255,5,Orta,46,0,0,0,1,Yuksek,Mobil_Bildirim
YKM01469,33,132,120718.24002438824,13172.410272052668,1,Dusuk,31,1,2,1,1,Dusuk,Mobil_Bildirim
YKM01470,56,166,44084.2174965324,18416.53221425942,4,Yuksek,29,1,1,1,1,Yuksek,Mobil_Bildirim
YKM01471,33,166,38440.19647725698,22560.095064231584,1,Yuksek,35,0,0,0,0,Yuksek,Eposta
YKM01472,69,110,53131.30706379309,36689.1232983226,3,Orta,44,0,1,1,1,Orta,SMS
YKM01473,67,124,34971.16302315501,3809.744855824807,4,Orta,45,0,1,1,1,Dusuk,Mobil_Bildirim
YKM01474,28,88,68877.09760113244,29251.334522080764,4,Yuksek,45,0,1,1,0,Orta,SMS
YKM01475,30,82,83890.7009012,34061.13189203275,6,Dusuk,44,0,0,1,0,Yuksek,SMS
YKM01476,57,37,31731.890585108584,20231.468312758956,4,Orta,42,0,3,1,0,Yuksek,Mobil_Bildirim
YKM01477,56,84,38191.69313670593,40481.65811592774,2,Orta,37,0,1,1,1,Orta,Mobil_Bildirim
YKM01478,47,143,50262.30098805753,21087.351389301824,4,Dusuk,44,1,1,1,0,Orta,Eposta
YKM01479,50,21,82598.81057624797,29203.817711660682,4,Yuksek,49,0,2,1,0,Dusuk,SMS
YKM01480,52,66,34628.49214242359,26390.807005617644,2,Yuksek,30,1,1,0,0,Yuksek,Mobil_Bildirim
YKM01481,68,100,48184.47934062097,21164.889223368726,1,Orta,39,1,0,1,0,Orta,Eposta
YKM01482,61,168,45035.085716338945,19283.816792984835,3,Yuksek,44,0,2,1,1,Yuksek,Mobil_Bildirim
YKM01483,64,160,31258.1454941364,26770.32357740098,1,Orta,32,1,0,1,0,Orta,Mobil_Bildirim
YKM01484,51,159,33422.598953747016,28782.668256410998,4,Yuksek,38,0,1,1,1,Yuksek,Mobil_Bildirim
YKM01485,25,132,90040.27702842806,31812.80568214337,1,Orta,35,0,0,1,1,Orta,Mobil_Bildirim
YKM01486,41,51,58555.86906080516,21255.496746233363,6,Dusuk,32,0,2,1,1,Yuksek,SMS
YKM01487,34,138,45491.348586516855,36617.639367227566,5,Yuksek,28,0,1,1,1,Orta,Mobil_Bildirim
YKM01488,28,132,22353.849844328808,27504.72160642429,3,Yuksek,26,1,1,1,1,Yuksek,Mobil_Bildirim
YKM01489,29,180,24985.533983905945,25800.764134720102,1,Yuksek,49,0,2,0,0,Dusuk,SMS
YKM01490,55,53,34943.88929238356,19201.120163865835,1,Dusuk,37,0,0,1,1,Dusuk,Mobil_Bildirim
YKM01491,62,167,64598.20793944198,15864.5685626118,6,Yuksek,36,1,1,1,1,Orta,Mobil_Bildirim
YKM01492,24,12,30409.38214336276,15584.546120491092,3,Dusuk,38,0,1,1,0,Yuksek,Eposta
YKM01493,34,96,73374.79759004325,23805.083029355934,4,Orta,35,0,0,1,1,Yuksek,SMS
YKM01494,64,146,33024.80058644022,10052.456532920774,2,Dusuk,35,0,4,1,1,Orta,Mobil_Bildirim
YKM01495,57,52,41551.23652640687,44765.39948677679,3,Dusuk,31,0,2,0,0,Yuksek,Mobil_Bildirim
YKM01496,53,42,50411.63248148184,13579.28514126361,5,Orta,35,0,2,1,0,Dusuk,Mobil_Bildirim
YKM01497,44,40,28350.16560587885,27012.35257076534,6,Orta,40,1,2,1,1,Orta,Mobil_Bildirim
YKM01498,32,151,62327.630174957856,40700.881324875765,1,Orta,46,0,4,1,0,Orta,Mobil_Bildirim
YKM01499,42,58,37883.3914211454,17997.355202320745,1,Orta,47,0,3,0,1,Orta,SMS
YKM01500,34,95,33559.8152739307,20005.956217860912,4,Dusuk,30,0,2,1,1,Dusuk,Mobil_Bildirim
YKM01501,51,55,79311.18829950632,31373.207140040427,6,Dusuk,36,1,2,1,1,Dusuk,Mobil_Bildirim
YKM01502,24,105,17491.20345922625,16597.572180505387,3,Yuksek,31,1,2,1,1,Yuksek,SMS
YKM01503,43,40,58591.15127306205,25088.17790936455,4,Orta,41,0,1,0,1,Yuksek,Mobil_Bildirim
YKM01504,24,137,41592.9970120555,13392.733385018766,1,Yuksek,34,0,3,1,1,Yuksek,Eposta
YKM01505,31,65,49579.53519208722,44149.38898855007,4,Dusuk,41,0,0,0,1,Dusuk,SMS
YKM01506,38,120,121390.77856320897,21068.913250208865,5,Orta,33,0,0,1,0,Yuksek,Mobil_Bildirim
YKM01507,33,78,44766.31282196849,21855.37059101949,1,Yuksek,27,0,1,1,1,Yuksek,SMS
YKM01508,62,167,25437.853189135632,19748.315177537057,3,Yuksek,25,0,2,1,1,Dusuk,Mobil_Bildirim
YKM01509,50,16,51844.112532278836,21105.359241401726,3,Orta,38,0,0,1,0,Orta,Mobil_Bildirim
YKM01510,63,49,48414.23050919785,17686.251734243488,1,Dusuk,34,1,2,0,0,Yuksek,Mobil_Bildirim
YKM01511,35,14,24292.360611114455,29804.226283732092,6,Orta,39,0,1,1,0,Orta,Mobil_Bildirim
YKM01512,68,97,58061.60179380626,38838.86791646445,5,Orta,32,0,1,1,1,Yuksek,Eposta
YKM01513,47,94,19447.961853752044,27249.11918437416,6,Yuksek,35,1,0,1,1,Orta,SMS
YKM01514,53,29,58567.68720766134,53906.20349937102,6,Dusuk,39,0,1,1,0,Yuksek,Mobil_Bildirim
YKM01515,58,169,77877.50967190514,18954.35210852233,6,Dusuk,34,0,0,1,1,Yuksek,Mobil_Bildirim
YKM01516,32,100,70310.6451393905,19804.5184992229,4,Yuksek,43,1,1,1,1,Yuksek,Mobil_Bildirim
YKM01517,25,96,21387.42593386647,19476.66112150041,1,Orta,35,0,0,1,0,Yuksek,Mobil_Bildirim
YKM01518,25,110,80432.44135193716,57385.75540439663,5,Orta,39,0,2,1,1,Yuksek,SMS
YKM01519,28,38,58001.24139918246,36838.937699227325,1,Orta,47,0,1,1,1,Orta,Eposta
YKM01520,57,138,39273.383786323226,6075.329727989545,6,Orta,45,1,0,1,0,Orta,Mobil_Bildirim
YKM01521,59,19,51542.45889436596,7574.0463618242175,2,Orta,42,1,1,1,1,Orta,SMS
YKM01522,44,60,90017.78171579412,24068.713763194115,1,Orta,47,1,1,1,1,Orta,Mobil_Bildirim
YKM01523,56,76,18143.93768752514,26818.598996842702,6,Orta,32,0,5,1,1,Dusuk,SMS
YKM01524,63,49,11669.18365474787,14407.53630524554,1,Orta,34,0,2,1,1,Orta,SMS
YKM01525,66,36,50832.786674186675,28548.354887469624,5,Orta,30,0,1,0,1,Orta,Mobil_Bildirim
YKM01526,46,120,57098.92504847637,23806.497207978482,3,Yuksek,30,1,3,0,0,Orta,Mobil_Bildirim
YKM01527,28,140,41252.59397100746,15365.256825392542,3,Yuksek,28,0,0,1,0,Orta,Mobil_Bildirim
YKM01528,60,143,43818.014019015594,19874.740040405955,6,Orta,37,0,1,1,1,Yuksek,Mobil_Bildirim
YKM01529,32,56,64042.25136274415,16176.69597016611,6,Yuksek,40,0,0,1,0,Dusuk,Eposta
YKM01530,42,81,43442.90047090283,16024.323054055594,1,Dusuk,31,0,3,1,1,Orta,SMS
YKM01531,42,93,56502.22019303402,43680.794507199185,2,Dusuk,38,0,0,1,1,Yuksek,Mobil_Bildirim
YKM01532,31,136,85195.52974159825,13103.30507466607,1,Dusuk,40,1,1,1,1,Dusuk,Mobil_Bildirim
YKM01533,32,112,23189.740581974336,9749.8080908346,5,Orta,34,0,3,0,0,Yuksek,Mobil_Bildirim
YKM01534,28,104,59645.425043223586,21496.07700032121,3,Orta,39,0,0,1,0,Orta,SMS
YKM01535,46,43,45755.9174580414,14698.80756866204,5,Yuksek,49,1,0,1,0,Dusuk,Eposta
YKM01536,68,17,74381.33419064508,59458.598895231306,2,Dusuk,41,0,1,1,0,Dusuk,Eposta
YKM01537,47,22,27558.154533519933,36131.9278428236,5,Yuksek,38,0,0,1,1,Orta,Mobil_Bildirim
YKM01538,28,165,49613.032062929546,45480.22543888078,6,Orta,43,0,1,1,0,Yuksek,Eposta
YKM01539,68,135,36271.39066443053,42149.67646461728,3,Orta,45,0,0,1,1,Orta,Eposta
YKM01540,26,57,114384.49347825759,18018.872201299146,4,Dusuk,30,0,0,1,1,Yuksek,SMS
YKM01541,51,31,83505.90345365173,27646.60516191028,4,Yuksek,51,0,2,1,0,Dusuk,SMS
YKM01542,64,22,45386.6042873669,24098.7804860055,2,Yuksek,37,1,1,1,1,Yuksek,SMS
YKM01543,21,130,59294.76291609812,28557.272001907557,5,Yuksek,32,0,2,1,1,Orta,Mobil_Bildirim
YKM01544,64,185,86752.3606813146,6534.926483861553,2,Yuksek,39,0,1,1,1,Yuksek,Mobil_Bildirim
YKM01545,44,56,63598.365270793074,30811.44861831818,6,Yuksek,28,0,1,0,0,Yuksek,Mobil_Bildirim
YKM01546,55,46,24807.560738171447,13432.845773957846,2,Yuksek,34,0,2,0,1,Dusuk,SMS
YKM01547,26,85,52487.59430744004,24039.89975074904,5,Yuksek,41,0,1,1,0,Orta,Eposta
YKM01548,54,155,64710.446340418195,42890.24633065307,5,Yuksek,36,1,2,1,1,Dusuk,SMS
YKM01549,40,169,46482.64797906365,84900.28415304239,2,Yuksek,46,1,2,1,0,Dusuk,Eposta
YKM01550,29,182,40794.617757367065,34242.67621464632,6,Dusuk,40,0,1,0,1,Dusuk,Mobil_Bildirim
YKM01551,36,66,30950.346157760996,21086.86700472239,3,Yuksek,43,1,1,1,1,Dusuk,SMS
YKM01552,64,134,121182.93325180323,26971.1367803342,5,Orta,39,0,1,1,1,Yuksek,SMS
YKM01553,22,146,39283.89806823819,36500.049022090825,2,Yuksek,51,0,0,1,1,Orta,Mobil_Bildirim
YKM01554,46,110,84645.97612390616,11544.856254679537,2,Dusuk,30,0,2,1,1,Yuksek,SMS
YKM01555,45,110,40904.26482599662,20308.502337310776,6,Yuksek,43,1,3,1,1,Dusuk,Eposta
YKM01556,61,114,142417.55797956794,26412.203164940613,2,Dusuk,31,0,3,1,0,Yuksek,Mobil_Bildirim
YKM01557,38,52,66391.13194501637,29010.25241413931,1,Yuksek,32,0,2,0,0,Orta,SMS
YKM01558,55,106,49279.752541743015,13407.985583892467,2,Orta,49,1,0,0,0,Yuksek,Mobil_Bildirim
YKM01559,48,13,38165.883046689545,23887.209383002748,4,Dusuk,47,0,1,0,0,Yuksek,Mobil_Bildirim
YKM01560,27,94,27409.255840513222,22925.615625748535,2,Dusuk,43,0,1,1,1,Dusuk,Eposta
YKM01561,58,118,43889.54490750406,30968.79561775004,4,Orta,42,0,1,1,1,Yuksek,Mobil_Bildirim
YKM01562,67,16,54239.31079035483,10029.424350621754,5,Dusuk,44,0,1,1,1,Yuksek,Eposta
YKM01563,31,156,119108.51734716902,29913.648048410494,1,Yuksek,26,1,0,0,0,Yuksek,SMS
YKM01564,23,148,58015.16498693274,34609.855038178415,6,Dusuk,39,0,2,1,1,Dusuk,Mobil_Bildirim
YKM01565,26,30,40028.756407843364,36930.739800375064,4,Orta,38,0,1,1,1,Orta,Eposta
YKM01566,45,162,80148.52379448201,9267.393932420688,3,Yuksek,36,0,1,1,0,Yuksek,Eposta
YKM01567,35,137,14672.78390865075,20280.314072426998,4,Orta,45,1,1,1,1,Orta,Mobil_Bildirim
YKM01568,60,149,32485.35527485709,35021.74440684803,1,Yuksek,43,1,0,1,1,Orta,SMS
YKM01569,56,86,33307.52620879214,13338.252922213911,6,Yuksek,36,0,1,1,1,Yuksek,Mobil_Bildirim
YKM01570,48,77,31055.99123971038,24801.276440768048,3,Orta,35,0,1,1,0,Orta,SMS
YKM01571,22,159,65246.23222835107,24539.64459934749,1,Yuksek,39,0,1,1,1,Orta,SMS
YKM01572,27,60,37294.399319640674,49613.69295650815,4,Yuksek,40,0,3,0,1,Orta,Eposta
YKM01573,32,155,46560.55109698044,29916.723399643448,1,Dusuk,38,0,0,1,1,Dusuk,SMS
YKM01574,42,137,75128.3430305579,27621.777863126455,2,Yuksek,20,0,0,0,1,Dusuk,Mobil_Bildirim
YKM01575,20,130,68612.67262160515,27649.356167835467,6,Orta,43,0,1,1,0,Orta,SMS
YKM01576,30,141,27652.89067682697,49960.770230857,3,Orta,39,0,3,1,0,Orta,SMS
YKM01577,41,110,35532.50725182601,21080.826011307992,6,Orta,40,0,1,1,1,Yuksek,Mobil_Bildirim
YKM01578,23,114,43701.986025623235,21174.648024845847,3,Yuksek,34,0,3,0,1,Yuksek,Mobil_Bildirim
YKM01579,49,142,53418.00686103537,18489.715373979114,5,Yuksek,30,0,2,1,0,Orta,SMS
YKM01580,25,56,43496.366671776595,48741.620636827916,1,Orta,44,0,1,0,0,Orta,Mobil_Bildirim
YKM01581,30,18,15024.336946359297,24545.726934006037,5,Orta,40,0,0,1,0,Dusuk,SMS
YKM01582,64,28,86850.33406930533,17763.87469270718,2,Orta,44,0,0,0,1,Yuksek,Mobil_Bildirim
YKM01583,59,81,16780.091425442082,26445.847504440575,3,Orta,32,0,1,1,1,Orta,Eposta
YKM01584,33,124,77240.2069918836,20329.5627659301,6,Yuksek,32,0,1,1,0,Yuksek,Mobil_Bildirim
YKM01585,49,82,79867.26819206608,32731.045906402334,1,Orta,43,1,1,1,1,Orta,SMS
YKM01586,59,100,82549.94982896201,47033.399093664586,6,Yuksek,32,0,2,0,1,Yuksek,Eposta
YKM01587,28,81,90400.97853831964,11070.552301816522,6,Orta,45,0,0,1,0,Yuksek,SMS
YKM01588,24,21,23738.534110013203,20349.01188152602,2,Orta,40,0,3,1,1,Orta,Mobil_Bildirim
YKM01589,28,140,31580.38365106275,14392.895188905124,4,Orta,47,0,3,1,0,Orta,Eposta
YKM01590,51,120,60765.20298412939,22526.89237695579,2,Orta,35,0,0,1,1,Yuksek,Mobil_Bildirim
YKM01591,33,169,22921.7059142373,20060.45301860263,6,Orta,29,0,1,0,1,Orta,SMS
YKM01592,51,24,64192.95271774136,14115.465962928982,6,Yuksek,37,0,2,1,1,Yuksek,Eposta
YKM01593,61,142,49519.43537304755,4800.786220541748,1,Orta,27,0,0,1,1,Yuksek,SMS
YKM01594,26,42,85898.08262399503,12037.897358443177,3,Yuksek,46,1,2,1,0,Yuksek,Mobil_Bildirim
YKM01595,55,52,40161.46022325477,23918.680772222786,2,Orta,31,1,2,1,1,Yuksek,Mobil_Bildirim
YKM01596,41,139,18896.37842643387,14310.074199310398,6,Yuksek,33,1,2,1,1,Orta,Eposta
YKM01597,46,41,18573.76213381553,48606.51673463456,1,Dusuk,39,0,3,0,0,Dusuk,SMS
YKM01598,60,1,68590.82604519963,16771.45339348175,2,Orta,32,0,1,1,0,Yuksek,SMS
YKM01599,51,177,23401.30608903787,20803.8111421317,1,Dusuk,28,0,4,0,1,Yuksek,SMS
YKM01600,45,66,22945.73439451929,27029.824036608527,2,Orta,38,0,3,1,0,Orta,SMS
YKM01601,25,8,45307.4956082294,10374.609444882342,4,Orta,45,0,1,1,0,Orta,Eposta
YKM01602,50,11,34711.9909104248,29099.294478952466,1,Orta,34,0,0,0,1,Orta,SMS
YKM01603,46,166,48793.981289659365,55003.6730127986,3,Dusuk,31,0,2,1,1,Orta,Mobil_Bildirim
YKM01604,43,32,32159.5866023641,30364.92532607366,5,Yuksek,37,0,1,1,0,Orta,SMS
YKM01605,27,12,46593.84078542346,24479.88622649858,5,Yuksek,28,0,1,1,0,Yuksek,SMS
YKM01606,24,2,72009.96328361158,15753.21735614829,6,Yuksek,35,1,0,0,1,Yuksek,Eposta
YKM01607,45,99,97821.38521697403,13360.90445671658,5,Dusuk,38,1,0,1,0,Orta,Mobil_Bildirim
YKM01608,21,163,53504.6940495564,38080.21684967517,6,Yuksek,33,0,5,1,1,Orta,Mobil_Bildirim
YKM01609,52,101,90762.7572809337,20971.917769709158,1,Yuksek,38,0,3,1,1,Orta,SMS
YKM01610,54,37,75593.27850844391,47057.98946556452,5,Yuksek,39,0,0,1,1,Orta,Mobil_Bildirim
YKM01611,42,82,37544.97007185942,17611.817892824,3,Dusuk,35,0,2,1,1,Orta,Eposta
YKM01612,35,115,56212.53967327836,33698.672935711744,6,Yuksek,36,0,0,1,0,Yuksek,SMS
YKM01613,30,28,45626.50376135092,52989.42393784911,5,Yuksek,35,1,3,1,0,Orta,Eposta
YKM01614,59,173,79745.8990900324,7152.489758485415,4,Orta,40,0,1,1,1,Dusuk,SMS
YKM01615,50,166,138350.02289550888,33594.29267621543,1,Yuksek,45,0,1,0,0,Orta,Mobil_Bildirim
YKM01616,67,173,69205.00633013208,26467.631220625983,1,Yuksek,41,1,0,1,0,Yuksek,SMS
YKM01617,44,28,33925.70802799155,38387.435034233386,5,Yuksek,33,0,2,1,1,Dusuk,SMS
YKM01618,34,67,90907.96864639071,15286.061701333847,3,Yuksek,32,1,0,1,1,Orta,SMS
YKM01619,32,20,43316.15477258095,26444.044779622818,5,Orta,42,1,5,1,1,Orta,Eposta
YKM01620,39,60,37621.174547652336,36974.88740664639,1,Dusuk,42,0,1,0,0,Orta,Eposta
YKM01621,37,101,22212.029575865898,16395.33521552394,1,Orta,47,1,1,0,1,Dusuk,SMS
YKM01622,46,155,22632.765352456903,28555.050631795257,4,Yuksek,48,0,0,0,1,Yuksek,SMS
YKM01623,50,44,30482.91794054969,12088.339733661154,5,Yuksek,41,1,0,1,1,Dusuk,Mobil_Bildirim
YKM01624,23,18,21677.725757622706,16905.808363421933,1,Orta,36,0,2,1,1,Orta,Mobil_Bildirim
YKM01625,32,159,37938.92893834432,23581.772620674063,6,Orta,33,0,0,1,1,Dusuk,Mobil_Bildirim
YKM01626,40,141,88662.84473545999,12310.000409797918,6,Yuksek,33,1,2,0,1,Yuksek,Mobil_Bildirim
YKM01627,19,147,40432.6222067897,23515.12409771916,6,Yuksek,42,0,3,1,1,Orta,Mobil_Bildirim
YKM01628,69,17,55233.87036145375,17426.350024851436,5,Orta,48,0,1,1,1,Orta,SMS
YKM01629,69,150,43832.605501304446,28546.699604563786,5,Dusuk,26,0,0,1,1,Orta,Mobil_Bildirim
YKM01630,47,114,105590.27988624554,24138.946508512225,5,Yuksek,38,0,0,1,1,Orta,SMS
YKM01631,49,57,74485.46061242199,29233.171148243495,6,Dusuk,35,0,0,1,1,Yuksek,Eposta
YKM01632,51,90,124406.89675307216,12808.486533837295,5,Orta,29,1,0,1,1,Yuksek,Mobil_Bildirim
YKM01633,25,51,24186.91500895421,13617.457323546014,3,Orta,46,0,1,0,1,Orta,Mobil_Bildirim
YKM01634,63,117,42823.61167919683,32254.243638228443,1,Orta,18,1,2,1,0,Dusuk,SMS
YKM01635,53,175,60310.336849723506,10373.818974817088,2,Dusuk,31,0,2,1,1,Orta,Mobil_Bildirim
YKM01636,45,135,54886.70503618368,38557.31617125687,1,Orta,35,1,0,0,0,Orta,SMS
YKM01637,58,22,43132.571194746546,47250.87099490108,6,Yuksek,35,0,0,0,0,Orta,SMS
YKM01638,49,110,67130.72061095094,40117.874593247696,2,Dusuk,31,0,1,1,1,Orta,Mobil_Bildirim
YKM01639,54,85,46720.18165000808,24042.600209113418,4,Orta,39,0,2,1,1,Dusuk,Eposta
YKM01640,58,152,49399.737201271,76754.8513455787,5,Yuksek,44,1,2,1,0,Yuksek,Mobil_Bildirim
YKM01641,36,65,74380.31973475717,17536.82440313779,5,Yuksek,45,0,3,1,1,Orta,Mobil_Bildirim
YKM01642,56,18,30551.375703520163,22285.297762347866,5,Yuksek,35,0,1,1,0,Orta,SMS
YKM01643,27,143,30226.618737398952,29847.07064418403,1,Orta,34,0,2,1,0,Orta,Eposta
YKM01644,35,88,61759.92517396202,33821.005804858985,4,Dusuk,29,0,1,0,1,Dusuk,SMS
YKM01645,51,64,34750.92354659917,21475.274778866697,5,Yuksek,39,0,2,1,1,Dusuk,Mobil_Bildirim
YKM01646,46,12,34377.286474409615,24663.09259397045,4,Dusuk,54,0,1,1,0,Orta,Eposta
YKM01647,52,23,110540.42015842984,14883.290988362534,2,Yuksek,43,0,1,0,1,Orta,SMS
YKM01648,31,77,70233.17356032721,10706.527529940447,4,Yuksek,38,0,0,1,1,Dusuk,Mobil_Bildirim
YKM01649,33,3,61891.24342782687,24184.16861493506,3,Yuksek,37,0,3,1,0,Dusuk,Mobil_Bildirim
YKM01650,60,121,26850.642024026063,35109.674563167224,5,Yuksek,41,0,2,1,1,Yuksek,SMS
YKM01651,41,92,65326.570860663705,18150.30583915309,1,Dusuk,48,0,3,1,1,Orta,Mobil_Bildirim
YKM01652,61,9,41542.066345268104,31883.557049068626,1,Orta,31,1,1,1,1,Dusuk,Mobil_Bildirim
YKM01653,57,17,52864.66805720415,32047.234874962473,3,Orta,45,0,2,0,0,Orta,Mobil_Bildirim
YKM01654,30,135,86207.8076995281,14177.845686756,1,Dusuk,39,1,1,1,1,Dusuk,Mobil_Bildirim
YKM01655,50,165,95676.17180407718,26896.37724358032,1,Dusuk,33,0,3,1,1,Orta,Mobil_Bildirim
YKM01656,55,148,20290.26760399902,23201.379794114036,4,Dusuk,29,1,1,1,0,Orta,SMS
YKM01657,47,23,29456.0880602199,51071.609448352916,2,Yuksek,40,1,2,0,1,Orta,SMS
YKM01658,23,178,34796.19136470978,16841.18402327231,4,Dusuk,51,0,0,1,0,Yuksek,SMS
YKM01659,48,114,57535.22037615019,16443.923809363918,3,Orta,40,1,0,0,0,Orta,Mobil_Bildirim
YKM01660,32,142,20046.049026679146,20563.208332015274,6,Orta,35,1,0,1,1,Dusuk,Mobil_Bildirim
YKM01661,66,93,79030.98177634363,55007.22777217735,5,Yuksek,44,0,1,1,1,Yuksek,Mobil_Bildirim
YKM01662,27,20,71567.27196482562,33068.0045904684,6,Yuksek,34,1,1,1,0,Orta,SMS
YKM01663,66,44,57313.65785139925,21382.494550251584,4,Orta,39,0,1,1,1,Yuksek,Eposta
YKM01664,41,163,34867.46243216695,44751.20068233382,4,Orta,22,0,2,1,1,Yuksek,Mobil_Bildirim
YKM01665,68,1,113806.333387333,26031.668322913265,6,Dusuk,44,1,2,1,1,Orta,Mobil_Bildirim
YKM01666,66,34,94346.15396850667,21786.400968407386,3,Yuksek,55,0,1,1,1,Orta,Mobil_Bildirim
YKM01667,27,29,88236.19144457803,13696.734369176329,2,Dusuk,33,1,1,1,1,Dusuk,SMS
YKM01668,44,26,39471.52888660779,45434.77442182045,5,Dusuk,48,0,1,1,0,Orta,Mobil_Bildirim
YKM01669,62,33,29213.231453846864,10805.22334188536,5,Orta,40,0,4,1,0,Orta,SMS
YKM01670,20,98,25273.90525161607,76456.90654083832,4,Dusuk,40,0,0,1,1,Yuksek,Mobil_Bildirim
YKM01671,63,154,26315.202268673347,14998.158188464839,1,Orta,35,1,2,1,0,Dusuk,SMS
YKM01672,53,14,55028.987254480206,34570.341425942206,4,Dusuk,43,0,1,1,1,Yuksek,Mobil_Bildirim
YKM01673,48,23,44705.34678495067,13429.197753192751,6,Yuksek,39,0,0,1,0,Yuksek,SMS
YKM01674,33,105,57175.43103841719,67825.9237753654,2,Orta,46,1,1,1,1,Orta,SMS
YKM01675,61,133,59378.893333810585,35547.226390669544,1,Yuksek,33,0,1,0,0,Yuksek,Mobil_Bildirim
YKM01676,50,151,30213.795913214188,30486.635817739418,2,Dusuk,50,0,2,1,1,Yuksek,Eposta
YKM01677,44,163,45833.658648953184,16646.879078545717,2,Dusuk,37,0,2,1,0,Orta,SMS
YKM01678,45,37,53322.175602048286,34288.42354083039,1,Yuksek,50,0,2,1,0,Orta,Mobil_Bildirim
YKM01679,67,121,25160.325006676878,27946.90668167941,1,Yuksek,28,0,1,1,0,Orta,Eposta
YKM01680,41,47,39643.44434871479,10418.843804589693,4,Yuksek,45,0,2,1,1,Dusuk,SMS
YKM01681,54,141,104612.23775308428,33604.455651481636,1,Orta,23,0,2,1,0,Dusuk,Mobil_Bildirim
YKM01682,51,67,47198.67003134645,21028.876715175473,3,Orta,24,0,1,1,0,Orta,SMS
YKM01683,22,159,57462.23174965013,20575.222453097005,5,Yuksek,48,1,3,1,0,Orta,Mobil_Bildirim
YKM01684,56,69,42434.176133541034,23705.755608991956,2,Orta,26,0,0,1,1,Yuksek,SMS
YKM01685,24,107,44065.118826575184,11304.140642547694,5,Orta,28,0,1,1,1,Yuksek,SMS
YKM01686,34,129,44142.94069625422,12049.252204452663,6,Yuksek,42,0,1,0,1,Yuksek,Mobil_Bildirim
YKM01687,26,34,31174.56636631221,18783.59259059026,4,Orta,41,0,1,1,1,Orta,SMS
YKM01688,34,57,67138.94166210956,40673.966893335884,2,Yuksek,42,0,1,1,1,Orta,Mobil_Bildirim
YKM01689,33,152,23009.392245559884,32722.849039429657,1,Orta,30,0,2,1,1,Dusuk,SMS
YKM01690,56,134,76450.19946085212,33803.628246237866,6,Yuksek,41,1,0,1,0,Orta,Mobil_Bildirim
YKM01691,24,52,50388.47075758379,13235.898197007115,2,Orta,30,0,1,1,0,Yuksek,Mobil_Bildirim
YKM01692,28,147,8271.651967134436,14575.40531217475,3,Dusuk,27,1,0,1,1,Orta,SMS
YKM01693,26,142,32620.20304894402,42640.34761129573,3,Dusuk,41,0,2,1,0,Orta,SMS
YKM01694,50,42,22741.56379794728,45497.28962888873,3,Yuksek,30,1,1,0,1,Orta,Mobil_Bildirim
YKM01695,55,140,43666.61592605983,13099.209530982627,1,Dusuk,47,0,0,1,1,Orta,Mobil_Bildirim
YKM01696,57,170,33500.25849023958,17769.247630499412,5,Orta,26,0,1,0,1,Orta,Eposta
YKM01697,62,63,66238.70817244412,40122.04301292163,2,Orta,37,0,1,1,1,Dusuk,Eposta
YKM01698,41,35,25145.085022641542,55242.52726947235,3,Yuksek,51,0,1,1,0,Yuksek,SMS
YKM01699,56,54,43349.961083622955,26034.377559935285,3,Orta,25,0,1,1,0,Yuksek,Mobil_Bildirim
YKM01700,45,73,42573.01150445055,34076.59729952017,5,Yuksek,47,0,1,1,1,Dusuk,SMS
YKM01701,45,56,100362.18200963087,21908.31410765242,5,Dusuk,43,0,1,1,1,Orta,SMS
YKM01702,64,129,17492.556404705203,37530.86966067746,2,Yuksek,33,1,2,1,1,Orta,SMS
YKM01703,29,17,70694.12691877231,31625.819367236872,6,Yuksek,28,1,1,1,0,Orta,SMS
YKM01704,42,123,29401.580517059396,31085.373740597715,6,Dusuk,46,1,6,1,1,Yuksek,Eposta
YKM01705,68,116,18103.134490238706,30403.226770233196,5,Orta,51,0,2,1,0,Yuksek,SMS
YKM01706,39,158,130892.2199842743,17192.116927301668,3,Orta,32,0,2,1,1,Orta,Mobil_Bildirim
YKM01707,47,155,52256.29742337046,26932.353619225123,3,Orta,39,0,0,1,1,Orta,SMS
YKM01708,57,137,36110.46974395545,36899.36988701332,3,Dusuk,43,0,1,1,1,Orta,Mobil_Bildirim
YKM01709,33,124,49468.93874721252,83470.4668299659,1,Dusuk,33,0,1,0,1,Dusuk,Mobil_Bildirim
YKM01710,39,123,37057.3984509107,29249.406983620265,1,Yuksek,34,0,1,1,0,Dusuk,Mobil_Bildirim
YKM01711,57,102,139319.026763784,36645.96547037599,4,Orta,41,0,2,1,1,Dusuk,Mobil_Bildirim
YKM01712,44,131,60171.95454492526,15164.2293296426,6,Dusuk,45,0,1,1,0,Yuksek,SMS
YKM01713,48,140,45298.628777763806,15379.22527810159,5,Yuksek,39,1,0,1,0,Yuksek,Mobil_Bildirim
YKM01714,26,55,26716.942516827836,34679.51681751542,3,Yuksek,41,0,1,1,1,Orta,SMS
YKM01715,42,30,22764.402975978865,10440.074734464853,4,Dusuk,45,0,1,1,1,Orta,SMS
YKM01716,21,170,37885.8165385564,36314.76120029878,3,Orta,39,1,0,1,0,Dusuk,Mobil_Bildirim
YKM01717,57,168,88442.308998977,49289.16823701953,5,Yuksek,35,0,0,1,1,Orta,Mobil_Bildirim
YKM01718,64,132,49246.073273118185,30192.846351093056,1,Dusuk,51,0,1,0,0,Orta,SMS
YKM01719,41,99,41424.07038214174,18052.51025988662,2,Orta,36,0,1,1,1,Yuksek,Mobil_Bildirim
YKM01720,26,173,33961.934174598304,14420.864796569753,2,Orta,45,0,0,1,0,Orta,Mobil_Bildirim
YKM01721,42,67,33295.77531526215,21136.08308887513,4,Orta,34,0,2,0,1,Orta,SMS
YKM01722,32,158,96966.46485235661,26824.021834290645,5,Orta,32,0,1,1,1,Orta,Mobil_Bildirim
YKM01723,47,128,32895.406437123915,36286.675184901025,6,Orta,35,1,2,0,1,Orta,Mobil_Bildirim
YKM01724,53,118,80533.19120494825,11452.363636700788,3,Dusuk,43,0,0,0,1,Yuksek,SMS
YKM01725,61,90,32686.35055356225,31551.308463518493,2,Yuksek,40,1,1,1,1,Orta,Mobil_Bildirim
YKM01726,25,80,37820.03684262408,16019.100324519122,4,Yuksek,55,0,3,0,1,Orta,SMS
YKM01727,31,164,14450.991556088713,27117.294636276914,5,Dusuk,37,0,0,0,1,Orta,Eposta
YKM01728,39,92,53517.34261594577,46586.27299117969,4,Dusuk,40,0,2,1,0,Orta,Mobil_Bildirim
YKM01729,68,11,26080.17441601457,13522.63530822687,2,Yuksek,41,0,0,1,0,Orta,SMS
YKM01730,35,160,21048.898997965807,39385.553074039,6,Dusuk,50,0,2,1,1,Yuksek,SMS
YKM01731,64,41,48303.555246790274,19260.944300425224,5,Dusuk,35,0,2,1,1,Yuksek,Eposta
YKM01732,66,115,56267.44738641401,37569.82121743555,1,Orta,30,1,2,1,1,Orta,SMS
YKM01733,38,38,51212.072012675635,21692.78454366174,4,Dusuk,40,0,0,0,1,Orta,SMS
YKM01734,56,116,34377.574244061,28359.413811891118,3,Orta,37,0,0,0,1,Orta,Mobil_Bildirim
YKM01735,65,179,62681.29205685198,11701.919341750097,1,Dusuk,25,0,1,1,1,Dusuk,Mobil_Bildirim
YKM01736,26,130,19197.680598053532,83537.21635135895,3,Yuksek,51,0,1,1,1,Yuksek,Eposta
YKM01737,29,75,45228.846811313175,25225.794420105445,6,Orta,45,0,1,1,0,Orta,Mobil_Bildirim
YKM01738,54,68,17557.417019998273,36877.98633938614,2,Yuksek,47,1,1,1,1,Yuksek,Mobil_Bildirim
YKM01739,48,120,32147.799162854553,38934.018180606145,5,Orta,37,0,3,1,0,Orta,Mobil_Bildirim
YKM01740,54,27,25180.92284247798,30074.099176437125,2,Yuksek,35,0,0,1,0,Yuksek,Eposta
YKM01741,31,118,94097.71944015012,16921.834118710012,4,Yuksek,38,0,1,0,0,Yuksek,Mobil_Bildirim
YKM01742,53,108,44785.53626185054,26815.909943871167,5,Orta,35,0,2,1,1,Yuksek,Eposta
YKM01743,47,33,57554.5389395193,8263.653896007283,5,Orta,44,0,0,1,1,Orta,Eposta
YKM01744,61,166,97734.49153601003,11001.847521144733,4,Orta,34,1,0,0,1,Dusuk,Eposta
YKM01745,24,1,17785.335729900187,15801.477729034656,4,Dusuk,47,0,0,1,1,Orta,Mobil_Bildirim
YKM01746,31,173,55338.195840450186,21185.653673272882,2,Orta,52,0,2,1,0,Orta,SMS
YKM01747,62,101,37008.54816568973,32313.00330358315,1,Yuksek,28,0,1,0,1,Dusuk,Eposta
YKM01748,58,164,32771.93820948091,23542.896639474646,1,Orta,39,0,1,0,0,Yuksek,Eposta
YKM01749,49,63,59209.29251878013,39542.81831364155,2,Yuksek,30,1,1,0,0,Dusuk,SMS
YKM01750,37,52,52022.56477414894,27021.869795988656,3,Yuksek,32,0,1,1,0,Yuksek,SMS
YKM01751,65,54,30188.513198846467,27557.00222697593,4,Dusuk,30,0,4,1,1,Orta,Mobil_Bildirim
YKM01752,30,74,53602.902762247904,27536.61422679391,3,Yuksek,36,0,3,1,0,Dusuk,Mobil_Bildirim
YKM01753,34,180,69108.28453337279,12747.270682437209,1,Orta,48,0,3,1,0,Dusuk,Eposta
YKM01754,26,168,30425.467342178217,21983.058591607514,4,Yuksek,38,0,3,1,0,Orta,Mobil_Bildirim
YKM01755,57,50,53023.70274326399,22296.78627113257,2,Orta,42,0,0,1,1,Orta,Mobil_Bildirim
YKM01756,54,176,107090.41386841548,6362.449754533884,2,Orta,31,0,1,1,0,Yuksek,Eposta
YKM01757,40,61,33467.317715717996,38949.72336036924,4,Dusuk,41,0,2,0,0,Yuksek,SMS
YKM01758,67,64,68742.1906380158,51552.12504030435,5,Yuksek,16,0,3,0,1,Yuksek,Mobil_Bildirim
YKM01759,56,174,51935.00534472709,19621.93478189703,1,Orta,30,1,2,1,0,Dusuk,Eposta
YKM01760,60,26,48921.399064737045,21719.02497784696,2,Dusuk,46,1,2,1,1,Orta,Eposta
YKM01761,51,128,43681.34218563302,16756.06779916449,5,Dusuk,42,0,2,1,1,Yuksek,SMS
YKM01762,59,16,38873.997960225905,16081.070143392437,5,Yuksek,34,0,2,1,0,Orta,SMS
YKM01763,27,166,37041.41448070046,20779.605972244,5,Yuksek,25,1,0,1,1,Yuksek,SMS
YKM01764,52,66,51054.21793806316,44113.23974442515,3,Orta,36,0,0,0,1,Yuksek,SMS
YKM01765,43,96,44708.55720395546,19890.477030633723,4,Yuksek,42,0,1,0,1,Yuksek,Mobil_Bildirim
YKM01766,49,70,23136.84955083342,26827.488113203664,1,Orta,38,0,2,1,1,Orta,Eposta
YKM01767,59,75,27256.24137510766,20969.087984408394,6,Yuksek,39,1,1,1,0,Orta,Mobil_Bildirim
YKM01768,53,112,61141.81682060689,11340.550868650656,2,Yuksek,49,1,0,1,0,Dusuk,SMS
YKM01769,31,35,86094.38649822639,36644.89850090872,2,Dusuk,39,0,2,1,0,Orta,SMS
YKM01770,55,60,70693.84633995286,27482.581014721953,6,Dusuk,40,0,0,1,1,Yuksek,Eposta
YKM01771,61,68,92543.5097873402,40745.491787150924,1,Dusuk,36,1,2,1,1,Dusuk,Eposta
YKM01772,25,39,42501.957659194784,17516.95810102857,3,Yuksek,40,0,0,0,1,Orta,SMS
YKM01773,59,27,27134.832237617833,24792.360909282954,1,Orta,42,0,0,1,1,Dusuk,Mobil_Bildirim
YKM01774,53,28,27363.803966072224,28559.366872759605,4,Yuksek,44,0,2,1,1,Yuksek,Mobil_Bildirim
YKM01775,31,109,122105.64001469786,26836.032026195433,1,Yuksek,42,1,2,1,1,Yuksek,Mobil_Bildirim
YKM01776,55,153,60004.772605101214,30567.850645908227,3,Orta,35,0,2,0,1,Yuksek,Mobil_Bildirim
YKM01777,41,46,37808.93113608987,44810.453437227145,5,Yuksek,47,0,0,0,1,Dusuk,SMS
YKM01778,48,113,47321.15274547501,49859.38326530973,3,Yuksek,42,0,0,1,0,Orta,SMS
YKM01779,49,156,58277.79648286834,8419.809658832482,6,Orta,38,1,0,1,1,Orta,Eposta
YKM01780,38,104,44532.80960221575,78075.26713431036,2,Orta,37,0,2,1,1,Yuksek,SMS
YKM01781,37,70,26440.63292263558,28750.305061901454,1,Dusuk,42,0,0,0,0,Dusuk,Eposta
YKM01782,47,166,32862.669805130005,31232.700245941236,1,Orta,48,1,2,1,0,Dusuk,SMS
YKM01783,40,106,98784.47127846314,13526.109695569088,5,Dusuk,36,1,0,1,0,Orta,Mobil_Bildirim
YKM01784,63,101,83164.3605618107,13297.11493131281,1,Orta,28,0,1,1,1,Dusuk,SMS
YKM01785,60,94,28304.929804459316,14083.498239030678,1,Orta,41,0,1,1,1,Yuksek,Mobil_Bildirim
YKM01786,66,88,51927.541344191224,36149.633505011945,6,Orta,33,0,0,1,1,Orta,Mobil_Bildirim
YKM01787,58,162,52077.44993364713,73542.48827624375,4,Yuksek,32,0,1,1,1,Orta,Mobil_Bildirim
YKM01788,30,47,36683.464422307065,65218.58234620449,5,Yuksek,35,1,0,0,1,Dusuk,SMS
YKM01789,49,135,48232.21745238377,29863.814223033653,4,Dusuk,52,0,1,1,0,Dusuk,SMS
YKM01790,36,35,70476.55708102262,23151.72807253117,1,Yuksek,44,1,1,1,1,Orta,Mobil_Bildirim
YKM01791,23,164,34503.8564553624,95820.84032914053,1,Yuksek,32,0,1,0,0,Orta,SMS
YKM01792,42,32,20499.744351700436,34636.24149526148,6,Orta,46,1,0,0,0,Orta,SMS
YKM01793,67,73,70258.91816009746,46833.012534002715,2,Orta,31,0,2,1,1,Orta,SMS
YKM01794,43,105,39548.04797359613,24061.40207890958,6,Orta,32,1,0,1,1,Orta,Mobil_Bildirim
YKM01795,27,54,28193.284895197892,14404.931012032856,6,Orta,29,0,1,0,1,Orta,Mobil_Bildirim
YKM01796,60,129,48626.049684282414,18708.230014636792,6,Dusuk,32,0,1,1,0,Orta,Eposta
YKM01797,30,28,29518.880393234693,70644.80296579923,2,Yuksek,54,0,2,1,0,Yuksek,SMS
YKM01798,37,17,68733.96146673358,12157.554696013005,1,Orta,28,0,0,0,0,Yuksek,SMS
YKM01799,52,127,30689.32465108505,45798.31724212591,6,Yuksek,40,0,2,1,1,Orta,Mobil_Bildirim
YKM01800,21,37,32331.85067973884,71446.75825537075,4,Orta,53,1,1,1,1,Yuksek,Eposta
YKM01801,24,120,54846.96562960332,23686.52759163146,1,Orta,34,0,1,1,0,Orta,Mobil_Bildirim
YKM01802,68,132,43948.992475336796,8693.248894334576,3,Dusuk,48,0,1,0,1,Dusuk,Mobil_Bildirim
YKM01803,49,86,59078.56503393739,23332.33772814251,6,Dusuk,33,0,1,1,1,Dusuk,Eposta
YKM01804,41,23,57180.19238566598,24448.843293874506,6,Orta,40,1,2,0,0,Yuksek,Mobil_Bildirim
YKM01805,48,116,59090.3731807432,35691.12021119484,2,Orta,32,0,1,1,1,Yuksek,Mobil_Bildirim
YKM01806,63,159,49972.40630803484,48242.24847253546,5,Orta,37,0,2,1,0,Orta,SMS
YKM01807,43,168,47079.91126195583,21394.55426815007,5,Orta,41,0,2,1,1,Yuksek,Mobil_Bildirim
YKM01808,66,121,62290.639530298926,57553.316689813415,6,Yuksek,42,0,1,0,0,Yuksek,Eposta
YKM01809,21,27,22116.019074276624,36942.94895937409,5,Dusuk,30,0,2,0,1,Orta,SMS
YKM01810,67,73,41680.05549865828,35483.54012489464,1,Orta,40,0,3,1,1,Yuksek,Mobil_Bildirim
YKM01811,60,40,106189.51188706848,21407.349633901078,3,Orta,37,1,1,1,1,Dusuk,Mobil_Bildirim
YKM01812,66,94,56738.04092752236,27540.718795386765,6,Yuksek,56,1,0,1,1,Yuksek,SMS
YKM01813,62,25,52695.50216051097,32367.085307387802,6,Yuksek,38,0,1,0,1,Yuksek,Mobil_Bildirim
YKM01814,60,188,28679.20029398794,68180.98968420173,4,Yuksek,40,0,1,1,0,Dusuk,SMS
YKM01815,61,93,42836.81624546078,39840.31408648388,2,Dusuk,33,0,3,1,1,Orta,SMS
YKM01816,37,132,31288.305305355967,16011.2506214942,3,Dusuk,32,1,5,1,1,Yuksek,SMS
YKM01817,36,157,75959.69038375274,10450.170041875079,2,Orta,34,0,3,0,1,Orta,Mobil_Bildirim
YKM01818,67,11,69113.29189848906,11299.265730192094,4,Yuksek,37,1,2,1,1,Yuksek,Eposta
YKM01819,51,129,28742.313737454482,11995.695749159315,6,Yuksek,44,0,1,1,0,Orta,SMS
YKM01820,58,165,63850.041196496604,33060.08916173735,3,Orta,40,1,1,1,0,Yuksek,SMS
YKM01821,54,60,42731.212646537875,14091.43979294606,3,Orta,35,0,2,1,1,Yuksek,Mobil_Bildirim
YKM01822,44,29,106873.12930800533,31507.173954859685,3,Yuksek,36,0,3,1,0,Yuksek,SMS
YKM01823,29,74,43550.519717938965,70951.10795842743,6,Dusuk,39,1,3,1,1,Orta,SMS
YKM01824,46,75,18119.55974105123,25119.158869906183,3,Orta,46,0,1,0,1,Orta,SMS
YKM01825,65,124,63255.37314344346,17185.47741096382,3,Dusuk,40,0,0,1,0,Dusuk,SMS
YKM01826,49,30,50160.19076481064,33399.31656272611,5,Orta,30,0,2,1,0,Yuksek,SMS
YKM01827,35,86,19107.09944090278,20039.146370837312,5,Orta,26,0,1,0,0,Yuksek,Mobil_Bildirim
YKM01828,64,108,44283.13407447364,74689.91868685401,5,Yuksek,38,0,5,1,1,Orta,Mobil_Bildirim
YKM01829,46,109,81683.01757926666,10275.29807583262,2,Dusuk,26,0,2,1,1,Yuksek,SMS
YKM01830,23,59,86208.9616443621,22572.631782708817,2,Orta,38,0,2,0,1,Yuksek,Eposta
YKM01831,32,142,87873.85476706321,13068.797858079797,1,Dusuk,37,1,1,1,1,Dusuk,Mobil_Bildirim
YKM01832,28,85,96374.29122317632,30624.960323878302,2,Yuksek,33,0,1,1,1,Yuksek,Eposta
YKM01833,34,51,36828.99208716975,5543.9962359171595,6,Orta,34,1,0,1,1,Yuksek,SMS
YKM01834,25,74,37945.53152919684,47235.57169735981,2,Orta,40,1,1,0,0,Orta,Mobil_Bildirim
YKM01835,28,34,62669.35217898726,23311.797816346232,4,Orta,34,0,4,1,1,Yuksek,Mobil_Bildirim
YKM01836,27,81,23062.645920352814,16127.352180030251,3,Dusuk,53,0,1,1,0,Orta,Mobil_Bildirim
YKM01837,35,170,45126.9143578851,19776.965655088603,6,Dusuk,50,0,1,1,0,Yuksek,Eposta
YKM01838,52,110,58589.095677395424,56142.03462608932,3,Yuksek,38,0,1,1,0,Dusuk,SMS
YKM01839,29,123,55227.064167878285,27190.815950253727,2,Orta,45,0,0,1,0,Yuksek,SMS
YKM01840,55,132,35510.68352473396,19665.126155628324,4,Dusuk,31,0,0,1,1,Orta,SMS
YKM01841,31,125,40943.40593343766,14711.296400637904,1,Dusuk,41,0,3,1,1,Yuksek,Mobil_Bildirim
YKM01842,37,75,59372.798879889146,38162.18239051658,6,Dusuk,48,0,4,0,1,Yuksek,Mobil_Bildirim
YKM01843,64,3,107268.5014139106,32592.613951932068,5,Orta,44,0,3,1,1,Dusuk,SMS
YKM01844,36,128,46525.775389683295,63019.983159059164,6,Yuksek,49,1,1,1,0,Yuksek,Mobil_Bildirim
YKM01845,55,13,80803.69826054655,45621.51861680828,1,Yuksek,34,0,3,1,0,Orta,SMS
YKM01846,31,10,22993.572955667474,19123.1896312091,3,Orta,39,0,2,1,1,Orta,SMS
YKM01847,55,1,45575.20179021028,39902.24444195061,4,Dusuk,41,0,2,0,1,Dusuk,SMS
YKM01848,41,21,108436.0951208318,32269.540831575803,3,Yuksek,37,0,3,1,0,Yuksek,SMS
YKM01849,47,29,38073.77338901883,26386.305703778933,1,Orta,34,0,2,1,1,Orta,SMS
YKM01850,57,19,82838.69494273503,26427.69273866483,2,Orta,33,0,1,1,0,Orta,SMS
YKM01851,60,35,34755.35309887281,25059.625893866905,1,Yuksek,34,0,4,1,0,Orta,SMS
YKM01852,24,37,26285.064208933545,22493.29313039078,3,Yuksek,35,0,0,1,0,Yuksek,Mobil_Bildirim
YKM01853,47,119,41997.60851659805,78545.35157531277,1,Yuksek,39,1,1,1,1,Yuksek,SMS
YKM01854,63,20,46903.65092091432,12463.2877327819,3,Yuksek,51,1,1,1,1,Yuksek,Eposta
YKM01855,28,170,54522.78350392783,42039.143977112384,2,Dusuk,42,1,2,0,0,Yuksek,Mobil_Bildirim
YKM01856,60,87,46657.99792488462,34067.433061191885,6,Yuksek,46,1,2,1,1,Dusuk,Mobil_Bildirim
YKM01857,51,97,20439.702326488758,50346.12780078059,3,Dusuk,41,0,0,1,1,Orta,Mobil_Bildirim
YKM01858,32,116,33077.37335275509,17168.19427428302,4,Dusuk,19,0,1,1,0,Yuksek,SMS
YKM01859,61,17,61237.49130102891,43559.700928409045,5,Dusuk,31,0,1,1,1,Dusuk,Mobil_Bildirim
YKM01860,66,105,55083.835701923126,25495.67081303141,4,Orta,37,0,0,1,1,Yuksek,Mobil_Bildirim
YKM01861,57,61,17404.824301259854,25177.935675576267,6,Orta,25,0,5,1,1,Dusuk,SMS
YKM01862,52,55,55313.776503411966,22417.545719237474,3,Dusuk,42,0,0,1,1,Yuksek,SMS
YKM01863,68,99,49723.62075545236,43613.33673608578,6,Yuksek,42,0,1,1,0,Yuksek,SMS
YKM01864,52,78,37976.9588363183,23546.850290923267,1,Yuksek,34,0,2,1,0,Yuksek,Mobil_Bildirim
YKM01865,58,134,56595.47340443931,22361.11729468889,5,Orta,36,0,1,1,0,Orta,SMS
YKM01866,46,14,75729.39697207877,10032.001609664117,2,Orta,44,1,0,1,1,Yuksek,SMS
YKM01867,62,160,35727.798756975426,9008.778380636508,6,Orta,36,0,2,1,0,Yuksek,SMS
YKM01868,33,133,17200.105389056436,16646.38672604621,6,Dusuk,37,1,0,0,1,Orta,SMS
YKM01869,55,101,50980.211539250646,25292.949286912008,3,Orta,34,0,3,1,0,Dusuk,Mobil_Bildirim
YKM01870,65,101,29550.467329044197,32499.238919592302,5,Yuksek,39,1,0,1,1,Yuksek,SMS
YKM01871,70,88,76926.00544317454,25083.922477807202,5,Yuksek,40,0,1,1,0,Yuksek,Mobil_Bildirim
YKM01872,35,6,32135.31904379876,34958.38366779119,5,Orta,21,1,0,1,1,Orta,Mobil_Bildirim
YKM01873,63,181,62308.42472944835,13624.896034538813,5,Yuksek,25,0,0,1,1,Orta,Eposta
YKM01874,32,26,57430.147661533425,27942.22356381123,3,Dusuk,43,1,2,1,1,Orta,Mobil_Bildirim
YKM01875,62,114,54432.59719225647,43228.614626109935,3,Orta,39,0,0,1,1,Dusuk,SMS
YKM01876,38,185,28851.996389975713,15018.812735249352,4,Orta,38,0,1,1,1,Orta,SMS
YKM01877,38,30,18125.185910529057,17546.816548792085,6,Yuksek,48,0,1,1,0,Orta,Eposta
YKM01878,49,98,26725.67709412851,13778.145687162898,1,Orta,29,0,0,1,1,Orta,Mobil_Bildirim
YKM01879,24,169,56697.17415089839,26449.69907518322,1,Yuksek,40,0,3,1,1,Orta,Mobil_Bildirim
YKM01880,47,52,24349.65077341847,11994.09869864453,5,Yuksek,41,1,0,1,1,Dusuk,Mobil_Bildirim
YKM01881,63,126,48348.74392849094,26614.294476018742,3,Orta,45,0,2,1,1,Dusuk,SMS
YKM01882,45,151,22434.000379424426,16993.248107108157,6,Orta,33,0,1,1,1,Dusuk,Mobil_Bildirim
YKM01883,30,69,54079.73983656665,11023.994034844069,3,Orta,47,0,0,1,0,Dusuk,Mobil_Bildirim
YKM01884,23,120,37923.80824939899,26841.16068250688,3,Yuksek,34,0,0,1,1,Yuksek,SMS
YKM01885,25,103,114099.21478052113,74001.77111409123,6,Orta,41,0,2,1,1,Orta,Mobil_Bildirim
YKM01886,24,29,70235.92157111301,21272.819032331463,2,Orta,46,1,1,1,0,Yuksek,Eposta
YKM01887,67,7,39670.662735005695,64028.41143500862,4,Orta,51,0,2,1,1,Yuksek,Mobil_Bildirim
YKM01888,22,56,24663.317205339194,20682.534283715904,6,Dusuk,40,0,0,1,0,Yuksek,Eposta
YKM01889,55,54,50518.921406457994,21862.989415713502,4,Yuksek,43,0,2,0,1,Orta,Mobil_Bildirim
YKM01890,28,111,61226.569366441814,14604.747143560016,1,Orta,29,0,1,1,1,Yuksek,Mobil_Bildirim
YKM01891,68,116,38580.24580801536,51929.29290550352,5,Yuksek,30,1,2,0,0,Orta,SMS
YKM01892,44,56,29178.929930756192,12045.248985864018,5,Orta,28,0,5,1,1,Orta,Mobil_Bildirim
YKM01893,22,53,31855.76682985041,21464.64253829843,5,Yuksek,40,1,4,1,1,Yuksek,Mobil_Bildirim
YKM01894,47,33,51158.921773795046,10916.194782046494,4,Orta,42,1,0,0,0,Yuksek,Eposta
YKM01895,33,162,31641.25131247039,17242.607482780782,2,Orta,17,0,1,1,0,Yuksek,Mobil_Bildirim
YKM01896,31,109,75002.4216379306,26393.766747021462,4,Dusuk,23,1,0,1,1,Yuksek,SMS
YKM01897,53,64,46606.9586311297,42596.931080990515,5,Dusuk,37,0,2,1,1,Dusuk,Eposta
YKM01898,28,15,47343.675422503526,18767.162805180953,1,Dusuk,52,1,2,0,1,Yuksek,Eposta
YKM01899,32,125,62480.15017415332,25692.27948766072,6,Yuksek,25,1,2,1,1,Dusuk,Eposta
YKM01900,44,89,60622.63763315789,32986.5163845971,2,Orta,35,0,1,0,1,Orta,SMS
YKM01901,26,133,25835.617233931207,16414.04189945507,2,Orta,40,0,0,0,1,Dusuk,Mobil_Bildirim
YKM01902,32,50,29852.119877855,22620.563627175,4,Orta,34,0,1,1,1,Yuksek,SMS
YKM01903,38,127,26408.31699476608,81089.29974070455,6,Yuksek,35,0,2,1,0,Yuksek,Mobil_Bildirim
YKM01904,41,66,32586.695414346468,31107.46202239352,6,Orta,48,0,1,1,0,Orta,SMS
YKM01905,64,67,82802.72132089011,44581.57807444297,6,Yuksek,36,1,0,0,1,Yuksek,Mobil_Bildirim
YKM01906,35,51,53930.184861880574,42086.01807856727,3,Orta,36,0,1,0,0,Yuksek,Mobil_Bildirim
YKM01907,40,149,29659.83632244553,33358.9107289716,3,Yuksek,34,1,0,1,1,Orta,Mobil_Bildirim
YKM01908,52,44,92674.5727590753,14403.179946705213,4,Orta,29,1,1,0,0,Yuksek,SMS
YKM01909,28,170,20537.31617681132,37381.36946781981,3,Yuksek,35,0,1,1,1,Yuksek,Mobil_Bildirim
YKM01910,55,123,48605.21977383146,16248.584253726338,1,Yuksek,30,1,0,1,1,Orta,Mobil_Bildirim
YKM01911,59,61,81595.55671817632,26890.424610854097,6,Dusuk,41,1,0,1,1,Yuksek,Mobil_Bildirim
YKM01912,57,133,32607.344512250904,25848.750868539868,5,Orta,49,0,1,0,0,Yuksek,SMS
YKM01913,35,77,33059.95427495886,31590.802356238382,6,Dusuk,34,0,1,1,0,Orta,Mobil_Bildirim
YKM01914,55,64,54940.63493173728,36086.41395708796,6,Dusuk,45,1,2,1,0,Yuksek,SMS
YKM01915,33,111,53867.84158018962,54039.25083950367,5,Orta,42,0,1,1,1,Orta,Eposta
YKM01916,63,104,47812.467783022264,15046.576068345134,1,Yuksek,42,0,1,0,0,Orta,Mobil_Bildirim
YKM01917,60,95,43729.705724975815,26459.735644064524,1,Dusuk,48,1,1,0,1,Yuksek,SMS
YKM01918,66,160,42578.296032877,39093.16625872556,2,Orta,26,0,3,0,1,Yuksek,Eposta
YKM01919,43,154,63050.346566429966,10629.43623451092,6,Orta,32,1,1,0,1,Orta,Mobil_Bildirim
YKM01920,46,177,54136.925945981624,18515.942225716848,4,Yuksek,40,0,1,1,0,Yuksek,SMS
YKM01921,25,37,30666.946905320478,30352.197905671383,1,Orta,40,0,2,1,1,Orta,Mobil_Bildirim
YKM01922,63,28,46032.77920267638,63159.782194014835,4,Orta,28,0,3,0,1,Orta,SMS
YKM01923,53,145,54890.05020039129,22042.523986848923,5,Dusuk,39,0,2,0,1,Orta,Mobil_Bildirim
YKM01924,66,103,48763.875250229175,19016.206451476337,3,Yuksek,27,0,1,0,0,Yuksek,Mobil_Bildirim
YKM01925,30,121,41830.474633284735,13353.975824527064,2,Orta,45,0,3,1,1,Orta,Eposta
YKM01926,34,100,43497.361171171986,17866.473549377846,4,Orta,36,0,1,1,1,Yuksek,Mobil_Bildirim
YKM01927,51,27,36682.3032398888,59349.74613266285,4,Orta,37,0,2,0,1,Yuksek,Mobil_Bildirim
YKM01928,44,148,32669.265635083368,19563.175737653466,5,Orta,52,0,1,0,0,Yuksek,Mobil_Bildirim
YKM01929,38,173,16661.85274394039,27924.83217689537,2,Orta,29,0,4,1,0,Dusuk,Mobil_Bildirim
YKM01930,26,174,69500.35231572438,61415.622736824145,3,Dusuk,31,1,1,1,1,Yuksek,SMS
YKM01931,45,164,34270.43759561721,23047.234984103554,3,Orta,45,0,0,0,0,Yuksek,Mobil_Bildirim
YKM01932,62,124,25585.852675146933,14826.177449928775,3,Yuksek,23,0,2,1,1,Dusuk,Mobil_Bildirim
YKM01933,33,82,45578.79312463691,27361.82340870475,2,Yuksek,26,0,1,0,0,Yuksek,Mobil_Bildirim
YKM01934,24,36,50359.519909993316,26704.35558277636,2,Orta,32,0,2,1,0,Orta,Mobil_Bildirim
YKM01935,54,42,45060.80153206594,18252.774120808557,3,Orta,49,1,1,0,1,Orta,SMS
YKM01936,56,158,48209.719647820544,16408.115226976548,4,Yuksek,32,1,0,0,1,Yuksek,Mobil_Bildirim
YKM01937,52,165,33692.64488264404,45759.30329638719,4,Dusuk,36,0,1,0,1,Orta,SMS
YKM01938,63,119,50358.763895727185,28969.408952436166,3,Yuksek,46,0,2,1,0,Yuksek,Mobil_Bildirim
YKM01939,48,40,56413.89998884094,25805.659342813156,2,Orta,37,0,0,1,0,Dusuk,Mobil_Bildirim
YKM01940,33,15,52335.171532536675,40244.33755741471,4,Dusuk,17,0,2,0,1,Yuksek,Mobil_Bildirim
YKM01941,61,79,45276.283805505656,23313.24872579675,4,Yuksek,36,0,0,1,1,Dusuk,SMS
YKM01942,31,113,88990.13335777773,19606.899152161994,6,Yuksek,33,0,0,1,1,Dusuk,Eposta
YKM01943,21,27,15979.18959503717,12671.343444947954,6,Orta,42,0,4,1,1,Orta,Eposta
YKM01944,47,156,59811.78594898362,25165.509591236067,1,Orta,41,0,1,1,0,Dusuk,Eposta
YKM01945,22,100,31818.618421379495,18967.005566074484,3,Yuksek,33,1,2,0,1,Yuksek,Mobil_Bildirim
YKM01946,62,161,43979.04758886333,25016.964272869027,6,Dusuk,33,0,3,1,0,Yuksek,SMS
YKM01947,68,185,44177.87248231211,15716.299381190442,3,Yuksek,37,1,1,0,0,Dusuk,SMS
YKM01948,60,96,83134.63139800614,46835.61209693631,6,Yuksek,33,0,2,0,1,Yuksek,Eposta
YKM01949,55,104,61938.699217794834,17819.959146355708,5,Dusuk,31,0,1,1,0,Yuksek,SMS
YKM01950,68,70,24578.12989694919,34729.153276492645,1,Dusuk,31,0,1,1,0,Yuksek,Mobil_Bildirim
YKM01951,32,50,41629.235961255545,21262.904352703415,5,Orta,40,0,2,1,0,Dusuk,Mobil_Bildirim
YKM01952,60,167,15758.397502438664,33739.11646545225,6,Orta,34,1,1,0,0,Orta,SMS
YKM01953,66,163,59909.099801188444,32508.87637769075,1,Yuksek,33,0,1,1,0,Yuksek,SMS
YKM01954,50,13,71734.97735820609,16767.88181809951,5,Dusuk,30,0,1,1,0,Orta,SMS
YKM01955,34,177,44230.53887943169,24610.715748309023,4,Yuksek,58,0,0,0,0,Yuksek,Mobil_Bildirim
YKM01956,19,64,28782.61716702179,25144.372462594434,6,Dusuk,39,0,3,1,1,Dusuk,SMS
YKM01957,26,113,39198.20341234783,23415.04894997047,3,Yuksek,39,1,0,1,1,Orta,Mobil_Bildirim
YKM01958,36,72,50071.327010251625,18680.61258742353,5,Orta,37,0,3,0,1,Orta,Eposta
YKM01959,46,38,44458.78632524489,18754.052046869117,5,Orta,36,0,1,1,1,Dusuk,SMS
YKM01960,29,32,91194.96356361806,16959.79840679694,6,Orta,40,0,2,1,1,Yuksek,Mobil_Bildirim
YKM01961,52,49,28362.106996834682,23659.887286924426,3,Orta,36,0,0,1,1,Yuksek,Mobil_Bildirim
YKM01962,36,1,36894.602518179774,21548.23040281329,5,Orta,35,0,2,1,0,Orta,SMS
YKM01963,22,9,46619.05141754534,22895.905724612225,6,Orta,49,0,3,1,0,Yuksek,Eposta
YKM01964,49,36,30973.51773472593,38468.82747388953,3,Dusuk,48,1,2,1,1,Orta,Mobil_Bildirim
YKM01965,38,65,122957.5614122501,33149.57013834896,2,Orta,39,1,0,1,0,Orta,SMS
YKM01966,34,132,24213.099597993532,17635.24470052112,2,Orta,33,0,1,1,1,Yuksek,SMS
YKM01967,68,101,35169.97833939303,17679.941577211834,6,Orta,45,0,1,1,1,Yuksek,Eposta
YKM01968,59,108,91027.42049479976,34749.7353946352,6,Orta,34,0,4,1,1,Yuksek,Mobil_Bildirim
YKM01969,54,156,64025.79770210746,26794.809443754617,4,Yuksek,38,0,2,1,0,Orta,SMS
YKM01970,64,129,26256.979598348295,13297.89557825331,3,Yuksek,27,0,2,1,1,Dusuk,Mobil_Bildirim
YKM01971,30,164,21077.79786216297,19009.52379853005,6,Yuksek,36,0,0,1,1,Orta,SMS
YKM01972,33,146,62677.03426860499,21006.824421576806,2,Dusuk,33,1,1,0,1,Yuksek,Eposta
YKM01973,66,19,70404.18509419641,19211.893216917375,1,Yuksek,37,0,2,1,0,Yuksek,SMS
YKM01974,46,27,65754.32715847764,25949.134704458633,6,Orta,50,0,3,1,0,Dusuk,SMS
YKM01975,56,49,68092.70862259508,34286.13438833289,6,Orta,43,0,3,1,1,Orta,Eposta
YKM01976,30,149,30049.275550332924,84521.70522099642,1,Yuksek,37,1,2,1,1,Orta,SMS
YKM01977,26,9,47652.52467038151,16530.124807858705,3,Yuksek,42,0,2,1,1,Yuksek,Mobil_Bildirim
YKM01978,55,119,41038.27943264803,13671.222400495186,4,Yuksek,38,1,2,1,1,Orta,Mobil_Bildirim
YKM01979,28,3,28644.62599545552,23015.722288770114,2,Yuksek,32,0,0,1,0,Yuksek,SMS
YKM01980,28,115,42660.929698197964,27215.997390538043,5,Orta,41,0,0,1,0,Yuksek,Mobil_Bildirim
YKM01981,54,174,35616.268607319405,28592.273120310736,5,Orta,32,1,0,1,0,Yuksek,SMS
YKM01982,24,187,39455.22349256286,72514.68302310214,4,Yuksek,45,0,2,0,0,Dusuk,Eposta
YKM01983,62,6,71453.26492144326,14252.519162140356,5,Dusuk,20,0,1,1,0,Orta,SMS
YKM01984,36,31,55340.39565893144,25303.133932265682,5,Yuksek,39,0,2,1,1,Dusuk,Mobil_Bildirim
YKM01985,36,161,33234.894730988366,24416.026535403187,1,Dusuk,41,0,0,1,0,Dusuk,Mobil_Bildirim
YKM01986,40,114,54815.37238559779,9901.78409414661,4,Dusuk,44,1,2,1,1,Yuksek,SMS
YKM01987,60,86,60078.99275148183,14649.679255284933,6,Orta,49,0,0,1,1,Orta,SMS
YKM01988,33,98,49626.96951057108,28657.09030885337,2,Orta,45,1,0,1,0,Orta,Mobil_Bildirim
YKM01989,46,133,60076.680142158584,18924.683313287176,6,Dusuk,40,0,1,1,0,Yuksek,SMS
YKM01990,38,76,36825.22316365573,14694.057759563892,5,Dusuk,34,0,0,1,0,Yuksek,Mobil_Bildirim
YKM01991,66,94,94854.09562743516,4667.02709551704,3,Orta,46,0,2,1,1,Orta,Mobil_Bildirim
YKM01992,37,171,74032.91443389164,33057.944910552316,2,Yuksek,39,0,1,0,1,Orta,SMS
YKM01993,50,170,75130.5183127888,43143.725828435156,1,Orta,44,0,2,1,1,Orta,SMS
YKM01994,38,7,141379.5036699317,15006.007473692898,5,Orta,31,0,2,1,1,Orta,Mobil_Bildirim
YKM01995,24,176,49580.948754678444,63581.4397902339,6,Orta,39,0,1,1,1,Yuksek,Eposta
YKM01996,59,75,38239.462823860056,19215.293788799754,6,Yuksek,27,1,3,1,0,Yuksek,Eposta
YKM01997,50,100,84038.44679404136,46599.52449385698,2,Orta,34,1,2,1,1,Orta,Mobil_Bildirim
YKM01998,51,59,60612.6896736196,34424.9218805484,5,Orta,39,1,0,1,1,Orta,SMS
YKM01999,22,31,60055.57595182248,33387.19795519048,3,Dusuk,40,0,1,0,0,Yuksek,Eposta
YKM02000,29,169,56598.5959371174,21427.81147641089,2,Orta,33,1,1,1,0,Orta,Mobil_Bildirim
YKM02001,47,35,49783.27601782884,32655.418894544742,5,Orta,24,0,2,1,0,Yuksek,SMS
YKM02002,56,129,22441.471314667444,39858.30696638033,3,Orta,33,0,2,1,1,Orta,Eposta
YKM02003,48,64,33307.98376145909,12580.12656758467,1,Dusuk,45,0,1,1,0,Orta,Mobil_Bildirim
YKM02004,41,18,66410.17894777858,17897.10779791715,1,Dusuk,29,0,2,0,0,Orta,SMS
YKM02005,58,65,29517.499235968815,14142.443926542031,4,Yuksek,45,0,1,1,1,Orta,Mobil_Bildirim
YKM02006,48,44,37871.56848685322,31684.067581267424,5,Orta,41,0,0,1,1,Yuksek,Mobil_Bildirim
YKM02007,48,152,84048.45459993984,11106.027002005154,1,Dusuk,55,0,4,1,1,Orta,Eposta
YKM02008,47,183,24850.371830569784,12411.629120160904,1,Orta,46,0,3,1,0,Orta,SMS
YKM02009,69,55,55069.631480948585,26600.99104953283,5,Orta,28,1,4,1,0,Orta,SMS
YKM02010,23,162,104280.22185023726,50837.592490806295,5,Yuksek,56,1,3,1,0,Dusuk,Mobil_Bildirim
YKM02011,54,101,64553.09172124815,29481.1094820455,4,Orta,34,0,0,1,1,Dusuk,SMS
YKM02012,63,161,41039.89491387807,23840.095597156273,5,Yuksek,47,0,2,1,0,Yuksek,SMS
YKM02013,45,77,58952.434648839335,17620.555685022155,6,Yuksek,39,0,1,1,1,Orta,SMS
YKM02014,25,120,33379.4944286678,53382.16447919962,2,Orta,49,1,4,1,1,Yuksek,SMS
YKM02015,41,168,23581.957127032263,15460.73282606964,5,Dusuk,42,1,3,1,0,Orta,Mobil_Bildirim
YKM02016,56,123,25665.660640244474,22767.97029663871,5,Orta,29,1,0,1,0,Orta,Eposta
YKM02017,39,102,71648.51033689281,12004.9423353574,4,Orta,46,0,1,1,1,Yuksek,SMS
YKM02018,62,116,26005.093855774823,51219.999424820984,1,Yuksek,38,0,1,0,1,Orta,SMS
YKM02019,56,128,19212.240558000663,29554.893011435797,4,Yuksek,42,0,4,0,1,Yuksek,Eposta
YKM02020,60,74,22756.420369517906,24763.20522937398,6,Yuksek,30,1,3,1,0,Orta,SMS
YKM02021,65,164,96211.70443052356,8872.358429319054,4,Orta,39,1,3,1,1,Yuksek,Mobil_Bildirim
YKM02022,45,79,70445.66934506252,21087.287022660224,4,Yuksek,31,0,2,1,1,Yuksek,Mobil_Bildirim
YKM02023,24,97,31807.760237619845,8870.185985787684,6,Orta,41,0,0,1,1,Yuksek,Mobil_Bildirim
YKM02024,52,176,67552.34574909131,28521.022130842644,6,Yuksek,38,0,2,0,0,Yuksek,SMS
YKM02025,49,129,56101.24139152809,34907.151481677094,3,Yuksek,48,0,2,1,1,Yuksek,Mobil_Bildirim
YKM02026,23,6,23955.39948979243,63800.23419360843,3,Dusuk,38,0,1,0,0,Yuksek,Mobil_Bildirim
YKM02027,29,145,101058.08514476258,20065.255356486246,4,Dusuk,38,0,2,0,1,Yuksek,Eposta
YKM02028,61,172,61880.55322455709,17348.401463563012,6,Orta,35,0,1,1,1,Yuksek,Mobil_Bildirim
YKM02029,22,1,80659.61698457043,50150.810435245774,1,Yuksek,42,0,3,1,0,Yuksek,Mobil_Bildirim
YKM02030,35,138,35516.04931149329,27076.402762335525,3,Dusuk,45,1,3,1,0,Dusuk,SMS
YKM02031,23,139,84148.54052490988,17569.177506863263,6,Yuksek,37,1,1,1,1,Orta,Eposta
YKM02032,43,108,34916.815659729255,20244.519868757525,5,Orta,36,0,0,1,0,Orta,SMS
YKM02033,69,160,75323.3661539088,33978.263607955385,2,Dusuk,47,0,1,1,0,Orta,SMS
YKM02034,63,94,38716.98242188279,26660.432877806932,2,Orta,44,1,0,1,1,Orta,SMS
YKM02035,33,31,42256.70439420574,13990.279631741767,5,Dusuk,31,0,2,1,0,Orta,Mobil_Bildirim
YKM02036,57,172,60998.44509852934,21058.715714205442,1,Orta,42,0,1,1,0,Orta,Eposta
YKM02037,48,84,21756.281965881844,55198.06179514775,4,Yuksek,49,0,1,1,1,Orta,Mobil_Bildirim
YKM02038,67,150,154379.03613905105,13317.66093209368,4,Orta,32,0,1,0,1,Yuksek,Mobil_Bildirim
YKM02039,45,17,38879.12433852062,35533.83299560929,2,Orta,33,0,0,1,1,Yuksek,SMS
YKM02040,56,69,47851.628969216436,26750.446660149355,2,Orta,36,0,1,0,1,Orta,SMS
YKM02041,60,169,53627.37202192167,25945.856065566124,1,Yuksek,49,0,1,0,1,Yuksek,Mobil_Bildirim
YKM02042,35,135,37644.43598026431,22740.89347287969,6,Orta,46,0,1,0,1,Yuksek,Eposta
YKM02043,57,91,46125.943098809264,49968.33475705047,2,Orta,23,0,1,0,1,Dusuk,SMS
YKM02044,57,106,27463.436083092052,30827.833451651746,5,Yuksek,33,0,3,1,1,Yuksek,Mobil_Bildirim
YKM02045,64,144,57536.77596925406,23288.053282514276,1,Orta,30,0,0,0,0,Yuksek,Mobil_Bildirim
YKM02046,34,134,71131.08769520569,15336.815651434157,4,Yuksek,29,0,2,1,1,Yuksek,Eposta
YKM02047,24,87,40991.93987762267,14237.782222521524,3,Yuksek,35,0,2,1,1,Yuksek,SMS
YKM02048,26,53,47152.27371023788,26169.130483843794,3,Orta,49,0,0,1,0,Yuksek,SMS
YKM02049,53,31,88022.74037497124,12924.48705235191,4,Dusuk,38,0,1,1,1,Orta,Eposta
YKM02050,43,153,46122.03241060887,21609.93043537412,5,Yuksek,43,0,2,1,0,Yuksek,Eposta
YKM02051,59,8,70318.29356322426,24451.962216453685,5,Orta,40,0,1,1,1,Orta,Mobil_Bildirim
YKM02052,26,63,62476.33025461194,13570.944708392573,2,Orta,44,1,1,1,1,Dusuk,Eposta
YKM02053,30,151,53009.019092966904,16939.370837379134,6,Yuksek,13,0,1,1,1,Orta,SMS
YKM02054,61,70,43093.05617626897,53957.270407145,4,Orta,32,1,4,1,0,Orta,SMS
YKM02055,36,12,38285.0441876106,27087.56209378172,4,Yuksek,38,1,2,0,1,Yuksek,Eposta
YKM02056,42,131,59849.1162399993,24378.40361024916,2,Yuksek,50,0,0,0,1,Orta,Mobil_Bildirim
YKM02057,28,11,61034.85360459308,44474.48391347852,6,Orta,40,0,2,0,1,Yuksek,Eposta
YKM02058,43,132,51276.81827676818,23699.04917511412,5,Yuksek,41,0,0,1,1,Orta,Eposta
YKM02059,40,163,12761.210714115507,16513.077195876675,3,Orta,30,0,2,0,1,Dusuk,SMS
YKM02060,47,9,55817.657807769276,43165.021758915864,6,Dusuk,34,0,2,1,1,Dusuk,SMS
YKM02061,65,182,52421.34490253313,34884.65789228699,4,Yuksek,34,0,2,1,1,Yuksek,Mobil_Bildirim
YKM02062,42,78,70236.73950265245,65023.088226042,3,Orta,38,0,2,1,0,Yuksek,Eposta
YKM02063,67,78,57825.58238159124,17247.050552266082,5,Dusuk,38,0,1,1,0,Yuksek,Mobil_Bildirim
YKM02064,70,35,70594.27358564553,52563.08103514213,4,Orta,31,1,2,1,0,Yuksek,Mobil_Bildirim
YKM02065,32,54,59370.62213885782,22656.879102854105,4,Dusuk,34,0,0,1,1,Dusuk,SMS
YKM02066,32,123,22194.905341174654,29413.688802624107,5,Orta,38,0,1,1,1,Dusuk,Mobil_Bildirim
YKM02067,57,166,45341.53865007276,42974.66575316829,3,Yuksek,42,0,0,1,1,Yuksek,Mobil_Bildirim
YKM02068,34,47,46070.91361427282,28752.103812067067,2,Orta,46,0,1,1,0,Yuksek,Mobil_Bildirim
YKM02069,27,25,55904.34864652599,38722.1037337052,6,Orta,29,0,2,1,1,Dusuk,SMS
YKM02070,44,77,89341.2807051226,47945.307090113296,5,Yuksek,36,0,2,1,1,Dusuk,SMS
YKM02071,63,107,26711.590790174294,19729.781939323613,2,Orta,50,1,0,1,0,Yuksek,SMS
YKM02072,58,53,42643.26513576831,22023.772176471128,2,Orta,31,0,0,1,0,Yuksek,Mobil_Bildirim
YKM02073,20,48,47664.918189986005,42159.08808164475,5,Orta,43,1,1,1,1,Orta,SMS
YKM02074,33,122,56552.76953015713,19250.278760482666,1,Dusuk,30,0,2,1,1,Dusuk,Mobil_Bildirim
YKM02075,42,30,66274.20322343931,18975.227120442956,5,Dusuk,46,0,1,1,1,Orta,SMS
YKM02076,41,18,41792.20716341626,19416.874467630765,4,Dusuk,48,0,2,1,0,Orta,Mobil_Bildirim
YKM02077,28,179,33663.43025907674,13647.737351663978,2,Orta,44,0,0,1,0,Orta,Mobil_Bildirim
YKM02078,55,74,38820.834354300474,45970.9425625025,3,Yuksek,36,0,1,1,0,Dusuk,SMS
YKM02079,45,70,41090.651527778195,60085.871630217465,6,Orta,45,1,2,1,0,Dusuk,Mobil_Bildirim
YKM02080,58,44,47471.02671685426,27113.53548399927,3,Orta,43,1,3,0,0,Orta,SMS
YKM02081,69,24,89320.95495900925,20846.6190081808,4,Yuksek,38,0,0,1,1,Orta,Mobil_Bildirim
YKM02082,60,88,31074.23360706358,21146.59941037559,2,Yuksek,31,1,4,1,1,Dusuk,SMS
YKM02083,63,25,54387.8587702444,8515.119152205792,2,Yuksek,34,0,1,0,1,Orta,Mobil_Bildirim
YKM02084,58,115,41319.08756711703,15110.376707872352,5,Yuksek,52,0,4,1,1,Orta,SMS
YKM02085,30,117,118141.10807461533,31565.804864832335,1,Yuksek,48,0,3,1,1,Orta,Eposta
YKM02086,46,44,32814.09491999121,24891.701078795002,1,Orta,29,1,1,1,0,Orta,Eposta
YKM02087,64,106,63168.36006748518,6725.880789497777,3,Dusuk,33,0,1,1,1,Dusuk,SMS
YKM02088,58,133,30885.491541253687,17968.82896150525,2,Dusuk,42,0,1,0,0,Yuksek,SMS
YKM02089,26,168,23525.67637493153,46002.71647561975,6,Dusuk,40,1,2,1,0,Yuksek,SMS
YKM02090,61,1,82602.82788633576,24985.569698257994,1,Orta,40,0,2,1,1,Dusuk,SMS
YKM02091,35,49,81374.10690191177,22665.845838995403,6,Yuksek,30,0,1,1,0,Orta,Mobil_Bildirim
YKM02092,22,17,29419.244225205122,11561.090738195384,2,Yuksek,34,1,0,1,1,Orta,Eposta
YKM02093,64,62,42862.622821543715,16188.513014311871,3,Yuksek,34,0,0,1,1,Orta,SMS
YKM02094,38,12,62107.85114800638,38901.624217707984,4,Dusuk,38,0,3,1,0,Orta,SMS
YKM02095,43,182,61902.60432527469,40565.95515371429,3,Dusuk,44,1,2,1,0,Orta,SMS
YKM02096,58,159,51934.21983731277,34275.02489831939,1,Yuksek,40,0,0,0,0,Orta,Mobil_Bildirim
YKM02097,39,120,83075.59447926166,14474.99702239802,6,Orta,29,0,1,1,1,Yuksek,Mobil_Bildirim
YKM02098,25,67,42372.52948961123,64897.40092395005,2,Dusuk,36,1,0,1,0,Dusuk,Eposta
YKM02099,51,63,75663.75783540944,41991.81466006507,4,Yuksek,38,0,0,1,1,Yuksek,Eposta
YKM02100,24,114,27115.313149578506,15049.465373245908,2,Orta,37,0,1,1,1,Yuksek,Mobil_Bildirim
YKM02101,57,141,34039.102484004856,37432.65687657181,3,Dusuk,41,0,1,1,1,Orta,Mobil_Bildirim
YKM02102,27,170,29378.14256289917,22937.077959824004,5,Yuksek,42,0,1,1,0,Orta,Mobil_Bildirim
YKM02103,41,132,34148.07581978042,15784.25361988669,4,Yuksek,36,1,2,1,0,Orta,Mobil_Bildirim
YKM02104,41,143,76072.67150687214,35477.35780074667,3,Yuksek,33,0,0,1,0,Orta,SMS
YKM02105,57,2,26334.3186496655,39819.16062853667,5,Yuksek,29,1,1,1,0,Yuksek,Mobil_Bildirim
YKM02106,55,29,70405.12020459674,13622.180664142874,2,Yuksek,27,0,1,1,1,Yuksek,Mobil_Bildirim
YKM02107,69,90,29140.96894532194,31769.178846108192,3,Yuksek,41,0,3,1,1,Yuksek,SMS
YKM02108,38,20,24540.977339500496,11452.675090628067,2,Dusuk,42,0,3,1,1,Orta,Mobil_Bildirim
YKM02109,39,11,69406.26884951412,23421.51177495306,4,Orta,40,1,1,1,0,Yuksek,Mobil_Bildirim
YKM02110,49,73,52376.16914900619,63125.04594180952,3,Yuksek,46,0,6,1,0,Yuksek,SMS
YKM02111,38,83,153729.14339280644,18428.138083393646,1,Dusuk,34,0,0,1,1,Orta,SMS
YKM02112,43,133,32222.00943318559,17812.994581302264,4,Yuksek,34,1,2,1,0,Orta,Mobil_Bildirim
YKM02113,30,120,55777.42817507924,22827.649277671182,3,Yuksek,50,0,0,1,1,Dusuk,Eposta
YKM02114,65,143,59279.92739957101,22418.16847013435,3,Orta,35,1,1,1,1,Orta,Mobil_Bildirim
YKM02115,56,39,76372.28500913321,12438.66832132302,3,Dusuk,30,0,3,1,1,Yuksek,SMS
YKM02116,26,152,37097.18118498285,26901.12999289615,2,Orta,49,1,0,1,1,Orta,Eposta
YKM02117,60,11,34649.737681337174,19211.70233328834,5,Yuksek,35,0,2,1,0,Orta,SMS
YKM02118,59,44,95669.40241779061,10859.201933287037,6,Orta,41,1,2,1,0,Dusuk,Eposta
YKM02119,27,179,72335.28206359794,53155.72777243267,2,Orta,44,1,0,1,0,Dusuk,Mobil_Bildirim
YKM02120,63,150,57888.76310902248,25104.40711803388,2,Yuksek,48,0,0,1,0,Orta,Eposta
YKM02121,65,41,19432.01412778865,21902.762089820917,3,Dusuk,33,0,1,1,1,Orta,SMS
YKM02122,40,60,85834.14158337569,15017.0712845164,6,Orta,29,0,2,1,1,Yuksek,Mobil_Bildirim
YKM02123,21,156,50545.152715383665,33156.99445916294,6,Yuksek,29,0,1,1,1,Yuksek,Eposta
YKM02124,40,146,46635.5770137201,12756.979849208998,3,Orta,37,1,0,0,1,Yuksek,Eposta
YKM02125,38,114,44340.30057277372,25188.010843818833,6,Dusuk,36,0,0,1,1,Orta,Eposta
YKM02126,26,10,33758.61757538041,17665.488786275535,1,Yuksek,41,1,3,0,1,Dusuk,Mobil_Bildirim
YKM02127,69,142,72550.50864504912,42348.38055937579,4,Yuksek,28,0,3,1,1,Yuksek,Mobil_Bildirim
YKM02128,37,164,157519.56536049233,15103.779961326924,6,Yuksek,45,0,2,1,1,Orta,Mobil_Bildirim
YKM02129,32,119,67721.45139111139,22009.313292778006,1,Dusuk,40,1,1,1,1,Orta,Eposta
YKM02130,60,135,24473.63854764943,23153.334149564595,4,Yuksek,42,0,1,1,1,Orta,Mobil_Bildirim
YKM02131,51,128,16600.926860689433,35050.5202573918,1,Yuksek,40,0,0,1,1,Yuksek,Mobil_Bildirim
YKM02132,54,8,38828.03734355062,22611.22520592188,3,Yuksek,37,0,1,1,1,Yuksek,Mobil_Bildirim
YKM02133,38,165,29309.930899738283,26191.641330917777,3,Yuksek,52,0,0,0,0,Yuksek,SMS
YKM02134,55,176,47828.44331676132,22783.598709910824,5,Yuksek,39,1,0,0,1,Orta,SMS
YKM02135,52,7,27605.01830851436,24310.032481018272,6,Yuksek,29,0,2,1,1,Yuksek,SMS
YKM02136,30,133,90839.75814246555,17920.285408142885,1,Yuksek,46,1,1,1,1,Yuksek,Mobil_Bildirim
YKM02137,30,145,38839.696371793,55111.58757536887,6,Orta,41,1,0,1,1,Orta,Mobil_Bildirim
YKM02138,22,104,26221.79746115649,78489.00769803267,4,Dusuk,41,0,0,1,1,Yuksek,Mobil_Bildirim
YKM02139,58,29,71935.50510916485,19578.67368587359,6,Dusuk,47,0,1,0,0,Orta,Mobil_Bildirim
YKM02140,59,108,46537.51496468563,28549.782143471362,5,Orta,51,0,1,1,1,Orta,SMS
YKM02141,58,142,45250.15371250937,47293.53848305164,1,Yuksek,26,0,1,1,0,Yuksek,Mobil_Bildirim
YKM02142,59,62,72476.00525824094,40939.10783796388,6,Yuksek,39,0,3,1,0,Dusuk,SMS
YKM02143,32,119,46178.10514230543,42675.38761268243,5,Yuksek,29,1,1,0,0,Yuksek,Mobil_Bildirim
YKM02144,42,100,26096.750238683857,36111.66830418296,6,Dusuk,46,1,2,1,1,Dusuk,Eposta
YKM02145,36,157,51887.43059755417,13925.382006703052,3,Yuksek,38,0,0,1,0,Yuksek,Mobil_Bildirim
YKM02146,24,23,86543.68192768517,15716.028224999745,6,Orta,38,0,1,1,0,Yuksek,SMS
YKM02147,28,38,41700.25716665191,24679.703480057415,5,Orta,41,0,0,1,1,Yuksek,Mobil_Bildirim
YKM02148,68,86,36617.773046124,18760.02238137796,5,Orta,40,0,2,1,0,Dusuk,SMS
YKM02149,53,50,73174.62287944915,14030.525481509632,2,Yuksek,35,1,1,1,1,Orta,Eposta
YKM02150,35,158,40151.66056197947,44851.645203949345,1,Dusuk,31,0,1,1,1,Yuksek,Mobil_Bildirim
YKM02151,38,176,48125.41138010025,54812.185989779326,5,Orta,38,0,4,0,0,Yuksek,Mobil_Bildirim
YKM02152,57,71,52248.57521999902,35524.56778209924,4,Orta,24,0,1,1,0,Dusuk,Mobil_Bildirim
YKM02153,68,171,50850.70714580455,37225.312319080826,4,Yuksek,45,0,3,1,0,Dusuk,SMS
YKM02154,45,96,38282.92787607057,26341.239535345816,1,Dusuk,28,0,0,1,1,Orta,SMS
YKM02155,24,55,51315.47702232043,7848.1733142804,5,Orta,40,0,1,1,1,Orta,Eposta
YKM02156,48,55,53911.7715009154,13724.029874992139,5,Dusuk,36,1,3,1,1,Yuksek,Eposta
YKM02157,54,26,55612.39711855599,14557.65773752394,3,Orta,34,1,3,0,1,Yuksek,Mobil_Bildirim
YKM02158,51,39,30416.745686708022,27298.374054503114,6,Orta,43,0,0,1,0,Dusuk,Mobil_Bildirim
YKM02159,48,55,44040.32762074996,28865.443267950548,3,Yuksek,31,1,3,0,1,Orta,SMS
YKM02160,65,96,19120.56500942183,44742.51852076299,4,Orta,36,0,1,1,0,Dusuk,Eposta
YKM02161,41,50,36044.37887913288,29091.843374510023,5,Orta,31,0,1,0,1,Orta,SMS
YKM02162,24,118,50478.54616408643,25679.530281669868,4,Yuksek,30,0,4,0,1,Orta,SMS
YKM02163,37,160,29432.67756265446,35630.21191741959,3,Orta,37,1,1,1,0,Yuksek,Eposta
YKM02164,40,56,45766.8901685487,9381.146826316617,1,Orta,45,0,2,0,0,Yuksek,SMS
YKM02165,57,147,12667.80975488251,17645.507289103552,5,Orta,36,1,0,0,1,Dusuk,SMS
YKM02166,66,97,55295.065556830035,23517.210658897093,5,Yuksek,39,0,0,1,1,Yuksek,Mobil_Bildirim
YKM02167,53,165,73991.68642930809,23473.0940909648,6,Yuksek,40,0,1,1,0,Yuksek,Mobil_Bildirim
YKM02168,23,154,29865.18124935093,24984.41164140568,4,Orta,44,1,2,1,0,Orta,SMS
YKM02169,55,129,36423.76562902173,20748.380670830964,4,Dusuk,33,0,0,1,1,Orta,SMS
YKM02170,27,65,40358.32182553023,18305.91933004133,3,Yuksek,28,0,0,1,1,Yuksek,SMS
YKM02171,50,139,49727.14203330295,60884.54075173518,6,Yuksek,53,0,1,1,1,Orta,Eposta
YKM02172,22,143,29665.581751292833,46584.07266522181,1,Yuksek,22,1,3,1,1,Dusuk,SMS
YKM02173,25,28,10812.272225324949,21111.75454221299,4,Dusuk,32,0,0,0,1,Orta,SMS
YKM02174,43,1,58874.48016046025,39121.207698664795,6,Yuksek,34,1,1,1,1,Yuksek,SMS
YKM02175,39,114,33846.152652866134,44877.27897466919,5,Yuksek,46,1,0,1,0,Yuksek,Eposta
YKM02176,51,42,65374.707303048934,19086.14097867362,1,Orta,38,0,3,0,1,Yuksek,Eposta
YKM02177,48,73,46640.351021175564,10629.572924613914,1,Yuksek,47,0,4,1,1,Dusuk,SMS
YKM02178,67,66,59588.79507050709,20766.81970235193,4,Yuksek,42,0,1,1,0,Orta,Mobil_Bildirim
YKM02179,46,162,45324.172324939165,23948.533682290432,4,Yuksek,39,0,3,1,0,Orta,Mobil_Bildirim
YKM02180,25,80,44239.038520942275,21231.095588521814,6,Yuksek,35,0,0,1,0,Orta,Mobil_Bildirim
YKM02181,31,113,82572.54539762004,7350.82355775296,4,Dusuk,30,0,2,1,1,Yuksek,SMS
YKM02182,22,83,78883.9482172633,10021.705728820742,2,Yuksek,34,0,2,1,0,Yuksek,SMS
YKM02183,46,182,42492.4433823806,67258.40904125059,5,Orta,32,0,0,0,0,Dusuk,Eposta
YKM02184,23,102,49132.13214869011,19589.478299161303,5,Yuksek,33,0,2,1,0,Orta,SMS
YKM02185,38,183,46868.29610459054,28510.176087647334,1,Dusuk,47,0,2,1,1,Dusuk,Eposta
YKM02186,65,107,104224.35180651261,22987.446353481108,2,Orta,42,0,0,1,0,Dusuk,SMS
YKM02187,45,180,41616.578826162135,29301.822929559414,1,Yuksek,45,0,0,1,1,Yuksek,Mobil_Bildirim
YKM02188,61,124,75245.38869806286,15715.282509654877,2,Yuksek,27,0,2,1,1,Dusuk,Eposta
YKM02189,49,65,67502.21350586043,31320.09945647286,1,Orta,30,0,0,1,1,Yuksek,Mobil_Bildirim
YKM02190,60,96,34260.79357270412,15360.75995851944,6,Yuksek,41,1,0,1,1,Orta,SMS
YKM02191,66,11,30428.679194417666,32340.554978690514,3,Orta,41,0,0,1,1,Orta,SMS
YKM02192,43,172,42802.69896167017,37492.43963841119,5,Orta,37,0,1,1,0,Dusuk,Mobil_Bildirim
YKM02193,40,70,40261.427706578215,20645.532831867764,3,Yuksek,45,0,4,0,1,Orta,SMS
YKM02194,63,108,32865.705159555415,33002.1900069852,5,Orta,33,1,2,1,0,Orta,Mobil_Bildirim
YKM02195,22,158,46793.85782166596,54178.54794566223,6,Yuksek,42,1,2,0,0,Yuksek,Mobil_Bildirim
YKM02196,53,83,27676.61696435067,6540.041375647932,4,Yuksek,44,0,2,1,1,Dusuk,Mobil_Bildirim
YKM02197,64,74,65775.67034538912,51083.11340394388,5,Yuksek,20,0,3,0,1,Yuksek,Mobil_Bildirim
YKM02198,22,38,73258.3206045286,12612.696333020162,4,Orta,35,0,2,0,0,Orta,SMS
YKM02199,55,119,32995.33276403086,23765.61989192884,3,Orta,46,0,1,1,1,Orta,Mobil_Bildirim
YKM02200,65,66,47249.09294072822,26566.906413510904,6,Dusuk,35,1,1,0,0,Yuksek,Mobil_Bildirim
YKM02201,32,167,33669.67187746688,99732.71141184555,4,Yuksek,45,0,1,0,1,Yuksek,Mobil_Bildirim
YKM02202,42,93,88831.11423608166,30720.07382453418,3,Yuksek,56,0,1,1,1,Yuksek,Eposta
YKM02203,36,101,53634.97569547696,55389.84271246584,4,Orta,31,0,0,0,0,Yuksek,Mobil_Bildirim
YKM02204,28,120,16902.893692998106,19097.798903974275,1,Yuksek,45,0,0,0,1,Orta,SMS
YKM02205,51,175,24790.263923716735,13093.004977010274,2,Orta,38,1,2,1,1,Yuksek,SMS
YKM02206,55,123,113016.34826905637,34850.987400523314,1,Orta,31,0,0,1,1,Orta,Eposta
YKM02207,30,93,58145.31357235544,16867.962238524717,4,Yuksek,41,0,1,0,0,Yuksek,Eposta
YKM02208,27,176,37058.05860017042,17151.423726014447,4,Dusuk,51,0,0,1,0,Yuksek,SMS
YKM02209,64,83,21129.037635942197,34638.26170420907,4,Orta,33,0,2,1,0,Orta,Mobil_Bildirim
YKM02210,42,134,69635.66946013775,12759.414061151021,5,Yuksek,35,0,4,1,1,Yuksek,Eposta
YKM02211,67,84,49993.88041909775,23736.785667081902,5,Yuksek,38,0,1,1,1,Orta,Eposta
YKM02212,49,162,97313.09988047936,25062.46015041519,2,Dusuk,31,0,2,1,1,Orta,SMS
YKM02213,42,77,79426.02600082058,33416.24423498542,1,Orta,41,1,1,0,0,Orta,Mobil_Bildirim
YKM02214,46,160,27783.40484310063,38477.47407014604,1,Yuksek,42,0,0,1,1,Yuksek,SMS
YKM02215,32,123,22547.64905275721,29519.153123443248,4,Orta,30,0,2,1,0,Orta,Eposta
YKM02216,60,42,36291.32002959547,23239.95381177915,1,Orta,38,0,4,1,0,Orta,Eposta
YKM02217,65,174,29409.694396993455,9967.471979585758,1,Yuksek,29,0,1,1,0,Orta,Mobil_Bildirim
YKM02218,45,174,27760.85930693729,19709.7139699962,6,Yuksek,36,0,2,0,0,Orta,Eposta
YKM02219,47,49,44357.015219795096,39370.62698328133,3,Orta,36,0,2,1,1,Orta,Mobil_Bildirim
YKM02220,55,64,43702.881497533876,50782.043062951576,2,Orta,36,0,1,1,1,Orta,Mobil_Bildirim
YKM02221,30,113,34412.30794234012,20430.59143620339,2,Yuksek,39,0,3,1,1,Yuksek,Mobil_Bildirim
YKM02222,32,88,62142.50254176676,49792.109477572514,5,Orta,36,1,4,1,0,Orta,Eposta
YKM02223,36,120,43074.121131088476,35516.02302694952,2,Orta,44,0,3,1,0,Yuksek,SMS
YKM02224,42,101,29471.946028658098,19738.98106975531,3,Dusuk,41,0,0,1,1,Yuksek,Mobil_Bildirim
YKM02225,67,126,36955.773899252046,34344.81392104561,3,Dusuk,31,0,2,0,0,Orta,Eposta
YKM02226,60,110,48080.527667755094,15207.30644926732,6,Orta,29,0,1,1,1,Yuksek,SMS
YKM02227,23,81,27413.87240770865,12571.708373750193,4,Yuksek,36,0,1,1,1,Orta,Mobil_Bildirim
YKM02228,40,83,54571.81791369594,15849.416984269299,3,Yuksek,33,0,1,1,1,Orta,Mobil_Bildirim
YKM02229,52,57,59602.44235837259,21007.834119728344,2,Orta,28,0,0,0,1,Yuksek,SMS
YKM02230,58,129,82961.50234164191,24125.463131039756,5,Orta,44,1,2,1,0,Orta,Mobil_Bildirim
YKM02231,44,125,27405.948241587743,17615.995525728853,6,Orta,30,1,2,0,0,Dusuk,Eposta
YKM02232,36,68,71824.68609481306,19627.45001413056,5,Yuksek,45,0,3,1,1,Orta,Mobil_Bildirim
YKM02233,59,48,25683.110647568265,19283.263497286098,3,Yuksek,32,0,3,0,0,Orta,Mobil_Bildirim
YKM02234,28,1,59171.377767549595,24853.361842191956,4,Dusuk,45,0,2,1,1,Yuksek,Mobil_Bildirim
YKM02235,52,16,35946.04788283991,17780.773708358982,6,Orta,36,0,5,1,1,Orta,Eposta
YKM02236,27,139,41041.085066425585,17407.161002333352,6,Dusuk,36,1,0,0,0,Orta,Mobil_Bildirim
YKM02237,23,109,43132.478661278765,12081.571314324663,3,Orta,40,0,0,1,0,Yuksek,Mobil_Bildirim
YKM02238,23,162,29339.243337347085,86929.82963985685,5,Orta,41,1,1,1,1,Dusuk,SMS
YKM02239,58,41,48596.127155359674,14531.463136720786,1,Yuksek,37,1,1,0,1,Orta,Mobil_Bildirim
YKM02240,58,46,59385.10516526088,12436.551902351282,1,Orta,41,1,0,1,1,Orta,SMS
YKM02241,68,37,15227.546808648403,33419.95684496241,1,Dusuk,43,0,1,1,1,Dusuk,Mobil_Bildirim
YKM02242,33,120,46702.17602787879,19019.022873760612,3,Yuksek,35,0,2,1,1,Dusuk,Mobil_Bildirim
YKM02243,23,68,21604.222160434532,36921.706381454285,6,Orta,33,0,1,1,0,Orta,Mobil_Bildirim
YKM02244,26,170,76031.48823477433,36431.12953396065,2,Dusuk,39,1,2,1,1,Yuksek,SMS
YKM02245,44,49,39078.09242106117,30485.85444908312,3,Dusuk,35,0,3,1,1,Orta,SMS
YKM02246,56,169,51122.16986770106,22076.77508684214,3,Dusuk,41,0,1,1,1,Yuksek,SMS
YKM02247,21,86,40514.49116209782,40805.88990228362,5,Dusuk,46,1,4,1,0,Orta,Eposta
YKM02248,67,58,82384.29143885401,15032.535073727775,5,Yuksek,40,0,1,1,1,Yuksek,Mobil_Bildirim
YKM02249,63,87,45142.147561284146,29913.0343842512,4,Yuksek,31,0,1,1,1,Orta,SMS
YKM02250,29,152,58990.53787241148,27297.012437430927,1,Orta,32,0,3,1,1,Orta,Mobil_Bildirim
YKM02251,44,14,81720.389894652,40258.31818081415,1,Yuksek,53,0,5,1,1,Orta,Mobil_Bildirim
YKM02252,54,151,47436.13094597438,36914.7728808642,6,Yuksek,38,1,0,0,1,Dusuk,SMS
YKM02253,63,129,18700.196488959147,27801.506690296294,3,Orta,32,1,3,1,0,Orta,Eposta
YKM02254,28,50,31201.3458060586,17969.580343919,6,Yuksek,40,0,0,1,0,Orta,Mobil_Bildirim
YKM02255,50,150,97586.92051730916,20336.979452358635,1,Orta,33,1,2,1,1,Dusuk,Mobil_Bildirim
YKM02256,44,34,45223.916956466295,37661.818944521714,2,Dusuk,34,1,1,1,1,Orta,SMS
YKM02257,69,173,27017.778210671295,20821.147079943075,3,Dusuk,32,0,1,0,1,Orta,Mobil_Bildirim
YKM02258,53,72,24488.915987278964,26948.63975566275,2,Dusuk,39,1,1,0,1,Orta,SMS
YKM02259,58,152,31172.080541060128,18070.359255029816,2,Dusuk,45,0,2,0,1,Yuksek,Mobil_Bildirim
YKM02260,64,159,53716.42836079185,24661.938623491464,1,Yuksek,35,1,1,1,0,Dusuk,SMS
YKM02261,29,98,47939.58722036561,25441.22887793369,6,Orta,29,0,1,1,1,Orta,SMS
YKM02262,20,31,22572.41257636797,56575.4412633813,5,Dusuk,37,0,3,1,0,Yuksek,Mobil_Bildirim
YKM02263,35,160,79161.60184557868,23480.16668372555,3,Yuksek,44,0,1,1,1,Orta,Mobil_Bildirim
YKM02264,41,128,76287.3330043283,35871.1531764004,2,Dusuk,44,0,0,1,1,Yuksek,Mobil_Bildirim
YKM02265,67,104,72850.18780629741,4337.885214113293,1,Orta,38,0,2,1,1,Dusuk,SMS
YKM02266,44,27,32426.58924715106,27072.05031497469,4,Dusuk,45,1,1,1,1,Orta,Mobil_Bildirim
YKM02267,23,37,53564.26731002956,22512.876780808052,6,Orta,39,0,3,0,1,Yuksek,Eposta
YKM02268,66,147,51726.03521520531,13375.140530685683,5,Orta,38,0,1,1,1,Orta,Mobil_Bildirim
YKM02269,37,17,55198.653532361284,61173.23227120147,1,Yuksek,33,0,0,1,0,Yuksek,Mobil_Bildirim
YKM02270,40,98,38588.18586601841,35079.57195657462,3,Yuksek,42,1,1,1,1,Yuksek,SMS
YKM02271,68,130,61676.934134843206,28048.954466122035,3,Orta,31,0,0,1,1,Orta,Mobil_Bildirim
YKM02272,41,135,23846.742202807374,17554.114258368536,6,Orta,28,1,2,0,0,Dusuk,Eposta
YKM02273,39,167,114260.93030873785,34208.884403871765,2,Yuksek,37,0,0,1,1,Yuksek,SMS
YKM02274,53,100,63934.950716979125,31318.52088334126,3,Yuksek,22,0,0,1,1,Dusuk,SMS
YKM02275,34,87,36847.41678986354,10754.288548161378,4,Yuksek,27,1,3,1,0,Orta,SMS
YKM02276,64,90,38860.97097835202,18627.987135855703,5,Orta,41,1,3,0,0,Orta,SMS
YKM02277,51,58,54128.97271432545,35043.16560658242,1,Yuksek,38,0,3,0,1,Orta,SMS
YKM02278,54,38,32820.81789489079,19784.91842447548,6,Yuksek,42,0,0,1,1,Yuksek,Eposta
YKM02279,59,176,52810.92372307332,16689.764069154728,6,Orta,47,0,0,0,0,Dusuk,Eposta
YKM02280,28,102,49942.819644571944,45777.373569074596,4,Orta,33,0,2,1,1,Dusuk,Mobil_Bildirim
YKM02281,45,118,36200.41946088324,24983.385707205645,5,Dusuk,45,0,1,1,1,Yuksek,Eposta
YKM02282,31,135,105998.85213596938,10955.81086376403,6,Dusuk,47,0,2,1,1,Yuksek,Eposta
YKM02283,31,64,42838.193735927736,13173.309693060799,3,Yuksek,34,0,1,1,0,Yuksek,Eposta
YKM02284,25,141,18886.599687590482,36553.54119444743,1,Orta,40,0,2,1,1,Orta,Mobil_Bildirim
YKM02285,55,151,60372.572151166154,49656.25796445568,5,Dusuk,48,0,0,0,0,Orta,Mobil_Bildirim
YKM02286,49,143,78894.83118544206,20978.705358963467,6,Orta,35,0,0,1,0,Yuksek,Mobil_Bildirim
YKM02287,51,80,40441.79409534835,22900.336154563563,6,Orta,39,1,2,1,0,Orta,SMS
YKM02288,43,76,102910.08699040936,20261.956353485835,4,Orta,29,1,1,1,0,Yuksek,SMS
YKM02289,52,131,39080.244004643486,21496.50725956561,6,Yuksek,39,0,2,1,1,Orta,Mobil_Bildirim
YKM02290,47,60,30463.996945820614,25043.94719016164,2,Yuksek,30,1,1,0,0,Yuksek,Mobil_Bildirim
YKM02291,41,125,26990.24056584829,15654.247004463488,3,Dusuk,33,0,2,1,1,Orta,Mobil_Bildirim
YKM02292,40,6,81762.42330863287,18897.732790784634,4,Dusuk,52,1,1,1,1,Dusuk,Mobil_Bildirim
YKM02293,63,118,43415.93799532772,31001.94425267301,1,Orta,43,0,2,1,0,Orta,Mobil_Bildirim
YKM02294,53,58,25077.512999085167,23610.766073645213,6,Yuksek,40,0,0,1,0,Orta,Mobil_Bildirim
YKM02295,28,25,48045.87174488162,28416.63332396009,4,Yuksek,43,0,0,0,1,Yuksek,SMS
YKM02296,46,132,75003.50000828937,15958.976135516388,2,Orta,43,0,0,1,1,Yuksek,SMS
YKM02297,67,82,51759.52164927833,42828.79850222903,2,Orta,42,0,1,1,1,Dusuk,Mobil_Bildirim
YKM02298,57,165,25935.32159100926,32867.48720237038,2,Orta,34,0,1,0,1,Yuksek,Mobil_Bildirim
YKM02299,42,86,83943.79713547952,28743.14715574142,6,Yuksek,34,1,4,0,1,Yuksek,Mobil_Bildirim
YKM02300,53,124,61239.43730873696,20153.905305378343,5,Yuksek,29,0,1,0,1,Orta,Eposta
YKM02301,55,57,34158.89242482004,27750.293562319814,6,Orta,22,1,3,0,1,Yuksek,SMS
YKM02302,63,171,60589.18318008658,27510.09407350458,3,Orta,49,0,1,1,1,Dusuk,Mobil_Bildirim
YKM02303,37,77,42386.354761109054,14576.069858504214,6,Dusuk,45,0,2,0,1,Orta,Mobil_Bildirim
YKM02304,38,102,25713.06534292767,67130.69656953058,5,Yuksek,39,0,4,1,1,Dusuk,Mobil_Bildirim
YKM02305,29,68,29586.19763941443,14520.244571404983,2,Yuksek,31,0,7,1,1,Dusuk,SMS
YKM02306,30,45,33404.97042458272,31868.233318351657,4,Yuksek,43,0,0,0,1,Orta,SMS
YKM02307,43,138,42230.560489400465,23735.989173937265,6,Yuksek,50,0,0,1,0,Yuksek,Mobil_Bildirim
YKM02308,27,6,40400.716828147044,19145.074939784732,5,Yuksek,29,1,2,1,0,Yuksek,SMS
YKM02309,51,151,49393.71594487278,65460.981169160594,6,Orta,37,1,2,1,1,Orta,Mobil_Bildirim
YKM02310,54,160,53345.01464570336,29437.05314567673,1,Dusuk,43,0,2,1,0,Orta,SMS
YKM02311,67,129,34669.66137107237,18431.338177151363,2,Yuksek,46,0,0,1,1,Yuksek,Mobil_Bildirim
YKM02312,50,135,100863.45248069613,20063.805515264437,3,Orta,51,0,3,0,0,Orta,Eposta
YKM02313,27,12,41335.44835819485,52100.456714727814,1,Yuksek,49,0,1,1,0,Orta,Eposta
YKM02314,67,67,26318.47549250568,20667.9329616436,6,Orta,32,0,4,1,1,Dusuk,Eposta
YKM02315,53,21,94074.39576876968,15457.030651500854,3,Yuksek,32,1,0,1,0,Orta,SMS
YKM02316,25,155,69481.08626353926,52224.96923926019,5,Orta,41,1,0,1,0,Yuksek,Mobil_Bildirim
YKM02317,68,180,56492.01494471636,33383.026827606736,2,Yuksek,29,0,3,1,1,Yuksek,SMS
YKM02318,27,143,44617.86068699242,50201.580066042865,1,Dusuk,22,0,1,1,0,Dusuk,SMS
YKM02319,53,96,32117.984753804616,15574.967946278402,4,Dusuk,41,0,1,1,1,Yuksek,Mobil_Bildirim
YKM02320,63,151,56010.302828975444,21486.259175517072,1,Dusuk,33,1,1,1,1,Orta,SMS
YKM02321,52,161,137801.2790207793,31875.681118591852,1,Yuksek,44,0,1,0,0,Orta,Mobil_Bildirim
YKM02322,40,44,48555.95429442896,36139.879172188696,5,Yuksek,36,0,0,1,1,Orta,Eposta
YKM02323,64,46,51867.842782962805,33793.75299256784,2,Yuksek,40,1,3,1,1,Orta,Mobil_Bildirim
YKM02324,34,156,59290.18176533338,36509.150771723675,1,Orta,45,0,4,1,0,Orta,Mobil_Bildirim
YKM02325,56,35,64480.08551055464,20109.072661625156,5,Yuksek,50,0,2,1,0,Yuksek,SMS
YKM02326,23,107,24165.311657980175,40060.75967930136,3,Dusuk,43,0,0,1,0,Yuksek,Mobil_Bildirim
YKM02327,33,38,47720.03986438843,23923.775215594087,1,Yuksek,36,0,3,0,0,Orta,Eposta
YKM02328,37,150,59683.260942598994,9377.090123325415,2,Yuksek,39,0,1,1,0,Yuksek,Eposta
YKM02329,23,93,40642.9919512793,20081.2862424867,4,Yuksek,53,0,1,1,1,Orta,Eposta
YKM02330,59,158,69469.14287549567,13740.726977496211,3,Dusuk,36,0,1,1,0,Yuksek,Mobil_Bildirim
YKM02331,63,83,66381.00637087262,21609.28836589576,5,Orta,40,0,3,1,1,Dusuk,Mobil_Bildirim
YKM02332,66,34,20629.221299738037,16326.02354876886,1,Dusuk,34,0,3,1,1,Orta,Eposta
YKM02333,58,98,47072.00405536626,32027.559289202047,3,Orta,36,0,2,0,1,Dusuk,Mobil_Bildirim
YKM02334,29,152,23268.641711726857,193011.93889203013,6,Yuksek,41,1,2,0,1,Orta,SMS
YKM02335,58,114,55782.30636073481,23949.634288981546,6,Orta,31,0,0,1,0,Dusuk,Eposta
YKM02336,56,166,65402.16736394827,16145.283810872965,4,Dusuk,28,0,0,1,0,Yuksek,SMS
YKM02337,26,167,59900.45303319573,8372.745279279814,2,Orta,48,0,3,1,1,Orta,Mobil_Bildirim
YKM02338,31,15,31084.83940423337,9583.792111971656,1,Orta,27,1,1,1,1,Orta,SMS
YKM02339,69,123,38172.31001230771,15637.304469621427,3,Dusuk,42,0,2,1,1,Orta,Mobil_Bildirim
YKM02340,66,171,89865.94319696593,8436.939074455488,4,Orta,37,1,3,1,1,Yuksek,Mobil_Bildirim
YKM02341,71,74,116834.67356877214,47567.38065531184,1,Orta,43,1,1,1,0,Orta,Mobil_Bildirim
YKM02342,45,120,29824.71767043607,19019.458719948634,3,Orta,37,0,0,0,1,Dusuk,SMS
YKM02343,50,97,26479.8350686582,29940.146566226307,2,Yuksek,41,0,2,1,1,Dusuk,SMS
YKM02344,38,37,69902.6310440809,38926.772899969925,1,Orta,29,1,2,1,0,Yuksek,SMS
YKM02345,22,59,31812.704562693194,9184.630340169639,6,Dusuk,32,0,4,1,1,Yuksek,Eposta
YKM02346,59,142,39713.58166252426,23355.572370717884,4,Yuksek,33,0,3,1,1,Orta,Mobil_Bildirim
YKM02347,56,10,36689.15452918872,11722.54446049926,3,Orta,43,0,3,1,1,Yuksek,SMS
YKM02348,56,69,67982.14737047524,8382.839082316195,2,Yuksek,35,0,2,1,0,Orta,Mobil_Bildirim
YKM02349,29,128,51900.286140546064,28740.555912889875,2,Orta,41,0,0,1,0,Yuksek,SMS
YKM02350,27,64,32514.967046029902,55273.5627981178,3,Orta,36,0,3,1,0,Yuksek,Eposta
YKM02351,40,129,65078.46165143076,19348.37037206708,1,Yuksek,27,0,0,1,1,Dusuk,SMS
YKM02352,35,83,30949.359349248676,29677.73394019879,2,Orta,35,1,1,1,1,Dusuk,SMS
YKM02353,43,133,48939.23477928888,90555.93326614927,6,Orta,48,0,0,1,1,Orta,SMS
YKM02354,49,67,20240.676037948917,6728.646183111334,6,Dusuk,33,1,0,1,1,Yuksek,SMS
YKM02355,46,105,35147.51457323913,43541.899593816255,4,Orta,30,1,1,1,0,Orta,Mobil_Bildirim
YKM02356,52,58,33405.4752645595,65070.24576265821,4,Orta,27,1,2,0,1,Dusuk,SMS
YKM02357,45,63,24982.597105555018,24405.225346103445,4,Orta,52,0,0,1,1,Dusuk,SMS
YKM02358,37,51,41250.933703451374,10456.035992963176,4,Orta,44,1,0,1,1,Orta,Mobil_Bildirim
YKM02359,68,174,69749.4136020214,17493.969818811096,5,Dusuk,38,1,3,0,0,Orta,Eposta
YKM02360,54,4,59411.08869304803,43932.765219550485,4,Dusuk,36,0,2,1,0,Yuksek,Mobil_Bildirim
YKM02361,27,81,43430.83516658982,16291.590467735276,4,Yuksek,34,1,0,0,1,Yuksek,SMS
YKM02362,57,29,26106.606975892006,18476.21397315466,3,Orta,36,0,3,1,1,Yuksek,SMS
YKM02363,28,1,56934.79266871084,24434.68582483112,5,Yuksek,36,1,1,1,0,Yuksek,Mobil_Bildirim
YKM02364,57,173,26327.703383000786,18804.605159266026,4,Orta,38,0,2,1,1,Dusuk,Eposta
YKM02365,54,35,40070.33078426316,53888.39056896345,1,Dusuk,36,1,1,1,0,Dusuk,SMS
YKM02366,53,104,29632.618217437328,21740.600485290397,3,Yuksek,43,0,2,1,1,Dusuk,SMS
YKM02367,55,7,36799.69610513385,52313.69990666099,4,Orta,48,0,3,1,1,Yuksek,Mobil_Bildirim
YKM02368,59,141,110390.83221341022,32558.147903877652,3,Dusuk,28,0,2,0,0,Dusuk,Mobil_Bildirim
YKM02369,47,80,20657.775786718525,14624.759736532436,2,Yuksek,35,0,1,1,1,Orta,SMS
YKM02370,44,123,25761.751258757693,49574.21592958899,3,Dusuk,34,0,3,0,0,Yuksek,Eposta
YKM02371,39,79,114555.72860881356,20579.54014983347,3,Orta,29,0,2,1,0,Dusuk,Mobil_Bildirim
YKM02372,52,84,41906.723520152256,8259.946788591524,2,Yuksek,43,0,1,0,1,Orta,Mobil_Bildirim
YKM02373,58,94,101003.0632958312,24862.211487899505,4,Orta,41,1,2,1,1,Orta,Eposta
YKM02374,24,168,42201.599621615824,30087.103476538377,5,Yuksek,38,1,1,1,0,Dusuk,Mobil_Bildirim
YKM02375,51,23,96276.87750648723,42610.3585966405,6,Dusuk,41,1,0,1,1,Orta,Mobil_Bildirim
YKM02376,49,57,54422.4155679169,28497.180368301524,2,Orta,36,1,4,1,1,Orta,Mobil_Bildirim
YKM02377,48,87,51956.152353085556,18772.833818260067,2,Yuksek,31,0,1,1,1,Yuksek,Mobil_Bildirim
YKM02378,35,55,54827.15288554217,12041.779398587214,3,Orta,32,0,2,1,1,Orta,Mobil_Bildirim
YKM02379,49,44,42896.82698379622,20958.38959334875,3,Yuksek,49,0,1,1,0,Orta,SMS
YKM02380,26,133,42730.89582384346,41126.81858316199,2,Dusuk,23,1,1,0,0,Yuksek,Mobil_Bildirim
YKM02381,46,138,29365.963018599396,27431.4223355099,4,Dusuk,31,1,0,1,1,Yuksek,SMS
YKM02382,60,15,58410.31517986187,12865.304113394608,3,Dusuk,37,1,1,1,0,Yuksek,Mobil_Bildirim
YKM02383,67,109,88057.63448072097,25115.273073039592,2,Yuksek,41,0,3,0,1,Orta,Eposta
YKM02384,38,91,28728.258036092677,22888.763519690718,5,Yuksek,33,0,2,1,1,Yuksek,Mobil_Bildirim
YKM02385,43,103,51553.05238790063,40159.45354608534,1,Orta,45,0,0,1,1,Orta,SMS
YKM02386,60,104,42604.358570234544,14770.755749182377,5,Yuksek,48,1,2,1,0,Dusuk,Mobil_Bildirim
YKM02387,29,102,54348.949916723774,16184.598575123204,4,Orta,39,0,0,0,1,Orta,SMS
YKM02388,54,179,45204.60396400592,15385.793905430062,6,Dusuk,35,0,2,1,0,Yuksek,SMS
YKM02389,36,60,56102.6067957002,21801.42070127485,1,Orta,44,0,3,1,0,Orta,Eposta
YKM02390,35,51,42546.07624185399,21473.458943494177,1,Dusuk,32,0,2,1,1,Yuksek,Eposta
YKM02391,56,43,101918.16235481341,23697.127904516292,1,Orta,42,0,2,0,1,Dusuk,SMS
YKM02392,26,179,78266.20192367419,34869.848661784825,2,Dusuk,43,1,2,1,1,Yuksek,SMS
YKM02393,49,147,34579.80385957049,24244.117583928946,1,Dusuk,44,0,1,1,0,Dusuk,SMS
YKM02394,54,143,102732.73296452213,12135.506878236622,2,Dusuk,36,0,4,0,1,Orta,SMS
YKM02395,61,112,89617.43143903435,28121.723624815586,6,Yuksek,39,0,1,1,0,Yuksek,Mobil_Bildirim
YKM02396,29,143,13027.004953587439,18549.30036277911,4,Yuksek,36,1,1,1,0,Orta,Eposta
YKM02397,20,67,101894.25971958275,32940.88546981782,5,Orta,38,0,2,1,1,Orta,Mobil_Bildirim
YKM02398,32,42,96020.2718299246,32996.3335855,4,Dusuk,31,0,1,1,1,Orta,SMS
YKM02399,28,61,25860.290853990988,47326.95333855353,1,Orta,41,0,2,1,0,Orta,Eposta
YKM02400,28,120,42714.61028838356,79399.22233547267,1,Orta,41,0,2,1,1,Yuksek,Eposta
YKM02401,56,179,120967.43981871015,18587.69390443445,4,Orta,38,1,0,1,1,Orta,Mobil_Bildirim
YKM02402,23,93,26178.820867414415,20466.581067381125,2,Orta,35,0,2,1,0,Dusuk,Mobil_Bildirim
YKM02403,58,113,53450.44799575889,22530.60965659033,1,Orta,42,1,1,1,0,Orta,SMS
YKM02404,20,109,40180.79073739854,53068.10451772241,2,Orta,29,0,0,1,0,Yuksek,SMS
YKM02405,20,68,64856.219085098564,12851.595438820512,2,Yuksek,34,0,0,1,1,Yuksek,Eposta
YKM02406,59,80,45631.4664484757,24776.030406315243,2,Yuksek,29,0,2,1,0,Yuksek,Eposta
YKM02407,53,179,151381.66617131344,26656.328427682096,1,Orta,30,0,2,1,1,Yuksek,Mobil_Bildirim
YKM02408,38,23,222251.38050971128,27595.698488240687,5,Yuksek,43,0,1,1,1,Yuksek,Mobil_Bildirim
YKM02409,64,21,64348.36587650275,26382.103464655993,4,Orta,33,0,2,0,1,Orta,Eposta
YKM02410,31,124,37301.79906228434,13949.861878814167,3,Orta,35,0,0,1,1,Orta,SMS
YKM02411,57,63,57988.937420312504,10682.582612151533,5,Orta,44,1,1,1,1,Yuksek,Mobil_Bildirim
YKM02412,56,84,89008.62523590736,19673.65922005092,3,Dusuk,52,0,0,1,1,Orta,SMS
YKM02413,40,92,13234.968128475844,63206.550924162795,2,Yuksek,39,1,0,1,1,Orta,SMS
YKM02414,43,172,45751.97167874285,44906.2528934057,3,Yuksek,39,0,0,1,1,Yuksek,SMS
YKM02415,70,11,39051.049893934935,28299.667416777073,3,Orta,41,0,1,1,1,Orta,Mobil_Bildirim
YKM02416,38,1,45123.66581730734,18292.555920319508,4,Dusuk,37,1,1,1,1,Orta,Eposta
YKM02417,26,124,66876.22924462645,73785.93621942455,5,Orta,31,1,1,0,1,Orta,SMS
YKM02418,32,69,16279.708562377982,66150.6873820351,2,Orta,39,0,0,1,1,Yuksek,Mobil_Bildirim
YKM02419,63,66,41145.177550949265,33872.52725590527,2,Orta,33,0,2,1,0,Yuksek,Mobil_Bildirim
YKM02420,24,58,34346.506195421585,47537.751496973084,4,Yuksek,43,0,3,0,1,Orta,Eposta
YKM02421,65,91,34906.509693767744,26671.34138724647,4,Yuksek,38,0,1,1,0,Orta,Mobil_Bildirim
YKM02422,51,166,24495.684611558314,32057.12324068553,4,Orta,29,0,1,1,1,Yuksek,Mobil_Bildirim
YKM02423,56,165,39364.456051625464,29666.3855667117,3,Orta,35,1,0,1,1,Yuksek,Eposta
YKM02424,59,99,26927.34904555766,28483.597259338792,3,Orta,48,0,0,0,1,Orta,SMS
YKM02425,39,110,56271.06828429489,45915.41275744833,3,Yuksek,31,0,2,1,0,Orta,Mobil_Bildirim
YKM02426,46,139,62959.105210543494,27887.64349337493,4,Orta,42,0,1,1,1,Orta,SMS
YKM02427,60,1,18026.35200424583,53180.35228717165,1,Orta,27,1,2,1,1,Orta,Mobil_Bildirim
YKM02428,66,98,59036.15181627393,43178.147420596855,3,Orta,44,0,2,1,0,Orta,Mobil_Bildirim
YKM02429,32,137,135284.39836976863,25862.436210348736,4,Yuksek,44,1,0,1,0,Orta,Mobil_Bildirim
YKM02430,33,60,43803.825527461675,23785.2085179921,1,Orta,43,1,4,1,1,Yuksek,Mobil_Bildirim
YKM02431,20,148,60595.76140356493,18007.911843971735,5,Orta,35,0,1,1,1,Yuksek,Mobil_Bildirim
YKM02432,63,89,50016.22564779679,21048.113527177426,4,Orta,51,0,3,0,1,Dusuk,Mobil_Bildirim
YKM02433,34,32,93511.94440373789,37715.96759630235,1,Dusuk,41,1,1,1,1,Orta,SMS
YKM02434,39,67,54242.454460276815,26755.979920531903,4,Yuksek,32,0,0,1,1,Yuksek,Eposta
YKM02435,35,110,65204.63527501876,14187.870698346373,1,Orta,35,0,1,1,1,Orta,Mobil_Bildirim
YKM02436,62,17,20035.54329183762,25623.87972196937,5,Yuksek,45,0,1,1,0,Orta,SMS
YKM02437,61,21,50023.95199587865,25564.010371951557,6,Yuksek,30,0,2,1,0,Yuksek,SMS
YKM02438,62,38,29539.381744033893,29538.016140902913,4,Yuksek,28,0,1,0,1,Yuksek,SMS
YKM02439,36,91,71602.78635695773,33031.62394348164,2,Yuksek,37,0,3,1,1,Dusuk,SMS
YKM02440,58,153,25179.88288515772,41174.685061216514,4,Orta,42,0,0,1,1,Orta,SMS
YKM02441,23,27,37089.41332826375,52350.13313389192,6,Orta,46,0,2,0,1,Orta,Mobil_Bildirim
YKM02442,54,180,46059.6031540249,15447.983872769435,6,Dusuk,37,0,2,1,0,Yuksek,SMS
YKM02443,24,33,29653.02906930574,39799.33557656446,4,Dusuk,38,0,0,1,1,Dusuk,Mobil_Bildirim
YKM02444,66,144,98805.59713261346,35319.189049701454,5,Orta,32,0,1,1,1,Orta,Mobil_Bildirim
YKM02445,65,12,79794.2298926219,37506.08641439445,3,Dusuk,39,1,2,1,1,Orta,SMS
YKM02446,66,20,19614.699811970993,36671.92525389245,6,Dusuk,44,0,1,1,1,Yuksek,Mobil_Bildirim
YKM02447,26,147,47029.63232224902,34407.02796145393,6,Yuksek,39,0,0,1,1,Orta,Eposta
YKM02448,23,84,107596.61311407384,27400.76289804268,2,Orta,22,0,0,1,1,Yuksek,Mobil_Bildirim
YKM02449,48,170,93345.18990061655,19181.672810553846,2,Yuksek,33,0,4,1,1,Orta,Mobil_Bildirim
YKM02450,42,139,42207.70412758086,25722.747975239083,3,Yuksek,38,1,0,1,1,Yuksek,Mobil_Bildirim
YKM02451,29,164,19028.830633463192,25767.296418599883,4,Orta,47,0,0,1,1,Orta,Mobil_Bildirim
YKM02452,63,125,40494.95669187152,24548.946496439974,4,Orta,38,0,2,1,1,Yuksek,Eposta
YKM02453,36,175,26458.180920425628,65116.07075849903,4,Yuksek,42,0,2,1,1,Yuksek,Mobil_Bildirim
YKM02454,68,145,29916.0673924498,21506.308435679217,4,Orta,23,0,3,1,1,Yuksek,Eposta
YKM02455,42,63,47850.62405900772,41881.78434118807,2,Orta,39,0,0,1,1,Yuksek,SMS
YKM02456,41,110,31429.67854136415,19980.63947463271,3,Yuksek,41,0,1,1,1,Dusuk,SMS
YKM02457,63,82,56784.38076027465,15462.13175671053,5,Yuksek,49,1,2,0,0,Orta,SMS
YKM02458,56,179,43926.525763977465,40206.656150302195,2,Orta,39,1,4,1,1,Orta,Mobil_Bildirim
YKM02459,19,127,41842.791470745855,38561.317183793704,2,Orta,41,1,3,1,1,Orta,Eposta
YKM02460,25,16,130710.56625184497,29318.776846051747,3,Yuksek,33,0,0,1,1,Orta,Eposta
YKM02461,34,73,17634.3813498027,40687.45971919669,3,Dusuk,36,0,1,1,0,Orta,Mobil_Bildirim
YKM02462,22,71,60207.49276717391,43605.084342242844,3,Orta,30,0,1,0,0,Orta,Eposta
YKM02463,39,79,45850.79035776864,41709.36081108158,1,Yuksek,30,0,1,1,0,Orta,Eposta
YKM02464,19,133,32744.383970575887,42216.45393870334,3,Orta,51,1,4,1,1,Orta,SMS
YKM02465,23,12,35854.05188319874,18355.54096291853,6,Yuksek,37,0,3,0,1,Orta,Mobil_Bildirim
YKM02466,20,10,48219.178840262706,33979.707793587375,2,Orta,43,0,2,1,1,Orta,Mobil_Bildirim
YKM02467,50,60,42928.074977872435,17707.602415641788,6,Yuksek,33,0,1,1,0,Dusuk,SMS
YKM02468,62,78,64648.02815092247,26662.251166364924,2,Dusuk,53,0,2,1,0,Orta,Eposta
YKM02469,50,77,33448.0645630199,17121.35032266308,4,Yuksek,27,0,1,1,1,Orta,SMS
YKM02470,64,134,22522.379060170657,39767.8884721543,4,Dusuk,37,1,0,1,0,Orta,Mobil_Bildirim
YKM02471,34,46,44346.76164949305,15594.150051010429,6,Yuksek,40,0,2,1,1,Orta,SMS
YKM02472,30,142,59259.291560426915,17261.393811311005,3,Orta,41,0,0,1,0,Orta,SMS
YKM02473,66,125,29564.45146477008,19526.738793671317,5,Dusuk,35,0,0,0,0,Orta,SMS
YKM02474,41,23,103883.54800564065,43614.626108177516,5,Orta,50,0,1,1,0,Orta,SMS
YKM02475,20,161,62327.01455984811,19492.73110430735,5,Yuksek,35,1,2,0,0,Orta,Mobil_Bildirim
YKM02476,46,114,27722.0413183751,19789.430388345372,2,Orta,41,0,1,0,1,Orta,Eposta
YKM02477,42,141,45791.49199886404,12112.885878271856,5,Orta,45,1,0,1,1,Orta,Eposta
YKM02478,66,114,33156.023798151604,43271.042772559565,1,Orta,37,0,3,1,1,Orta,SMS
YKM02479,41,80,71587.19603943637,14090.505168792068,6,Yuksek,47,1,1,1,0,Yuksek,Mobil_Bildirim
YKM02480,52,39,51492.49766455551,17780.17061702143,5,Orta,34,1,3,0,1,Yuksek,SMS
YKM02481,52,65,42741.383967779955,19310.18824419512,1,Dusuk,29,0,2,1,0,Orta,Mobil_Bildirim
YKM02482,30,119,39869.590897994975,14230.932453025667,5,Yuksek,40,0,0,1,1,Orta,SMS
YKM02483,65,130,53510.96689856638,35794.013992322536,4,Orta,41,0,2,0,1,Orta,SMS
YKM02484,54,64,72231.54220572459,29008.593841390983,2,Orta,34,1,0,1,0,Yuksek,Mobil_Bildirim
YKM02485,38,173,57878.00537007628,51986.869636898424,4,Yuksek,42,0,0,1,1,Dusuk,SMS
YKM02486,64,128,36756.817532879715,35209.93574019749,4,Orta,40,0,1,1,1,Yuksek,SMS
YKM02487,50,179,41794.89314086431,44731.95791351232,5,Yuksek,44,0,0,1,1,Yuksek,SMS
YKM02488,56,139,116803.16479101533,9679.00888253762,3,Yuksek,28,0,1,0,1,Orta,Mobil_Bildirim
YKM02489,66,15,40204.90601351019,28100.827536123226,3,Orta,34,0,2,1,1,Orta,Mobil_Bildirim
YKM02490,62,126,39937.23096081392,22480.243328696644,6,Yuksek,30,0,3,0,0,Yuksek,SMS
YKM02491,23,125,42905.45282937224,32616.30810490244,4,Yuksek,30,1,0,1,0,Orta,Mobil_Bildirim
YKM02492,36,27,26574.410028720253,23241.961887013455,2,Orta,36,1,2,1,0,Orta,Mobil_Bildirim
YKM02493,49,156,71654.74874009003,40860.99240550316,3,Yuksek,39,1,3,1,1,Orta,Eposta
YKM02494,25,58,55495.04063301807,29302.438730642032,5,Yuksek,45,0,2,1,0,Orta,Eposta
YKM02495,34,53,61159.42226021463,45211.03779855727,5,Orta,46,0,0,1,1,Orta,SMS
YKM02496,53,156,29570.349162803643,11298.618015165062,5,Dusuk,44,0,0,1,1,Orta,Eposta
YKM02497,32,149,30029.79812018285,20485.293403469972,6,Orta,31,0,1,1,1,Yuksek,Eposta
YKM02498,64,130,46851.59236883429,39409.736674018546,6,Yuksek,38,0,4,0,1,Dusuk,SMS
YKM02499,49,106,22619.505621865297,42583.33294861686,1,Orta,32,0,1,1,1,Dusuk,Mobil_Bildirim
YKM02500,67,109,52980.22471110612,34569.26474659857,2,Yuksek,35,1,1,1,0,Dusuk,Eposta
YKM02501,49,117,63095.81050565084,26749.176199083144,4,Orta,31,0,3,1,1,Orta,Mobil_Bildirim
YKM02502,32,15,26265.055811967573,34291.82984726984,2,Dusuk,35,1,1,1,1,Dusuk,Mobil_Bildirim
YKM02503,33,147,116585.65745319294,19437.50566542744,5,Yuksek,45,0,2,1,0,Yuksek,Eposta
YKM02504,42,95,103763.80389019368,24090.445527464846,1,Orta,33,0,1,1,0,Orta,SMS
YKM02505,38,91,74606.96540511948,12602.639622515237,2,Dusuk,34,0,2,1,0,Dusuk,SMS
YKM02506,59,100,42413.895512674244,52503.19207638216,1,Orta,33,0,1,1,1,Dusuk,SMS
YKM02507,64,65,51886.58458712523,24678.338299819658,4,Orta,37,0,2,1,0,Yuksek,Mobil_Bildirim
YKM02508,57,3,42846.7166055398,25339.94072065915,1,Dusuk,43,0,2,0,0,Yuksek,Mobil_Bildirim
YKM02509,67,113,58956.967357053545,33207.44584223814,1,Orta,40,0,1,1,1,Yuksek,Mobil_Bildirim
YKM02510,51,111,90389.30054885558,32191.174949587417,6,Orta,42,0,3,1,0,Orta,Eposta
YKM02511,68,187,92347.09075929559,15216.423819963147,3,Dusuk,35,0,2,1,0,Yuksek,Mobil_Bildirim
YKM02512,49,56,68247.26096694313,38494.83868303842,6,Orta,31,1,1,1,1,Orta,SMS
YKM02513,51,136,33264.53622921984,13021.647312801799,6,Dusuk,46,0,2,1,0,Orta,SMS
YKM02514,52,1,60196.0902298066,29805.914643842807,1,Orta,37,0,1,1,1,Dusuk,SMS
YKM02515,64,99,82853.07734276722,15595.823507554105,1,Orta,28,0,1,1,1,Dusuk,SMS
YKM02516,34,76,19506.304041351737,25422.864334189122,1,Yuksek,31,0,0,1,0,Yuksek,SMS
YKM02517,37,160,94972.13133886446,46042.650931849465,4,Orta,52,1,2,1,1,Dusuk,Mobil_Bildirim
YKM02518,60,151,86452.16057368011,76908.46025542199,1,Orta,33,0,2,1,1,Orta,Eposta
YKM02519,54,86,26145.40926255221,16987.824423569895,4,Orta,37,1,1,1,1,Yuksek,Eposta
YKM02520,19,102,34573.62910732797,21223.836401163066,2,Orta,44,1,2,1,0,Dusuk,Mobil_Bildirim
YKM02521,69,46,64918.446170736264,31290.162896127127,6,Dusuk,31,1,1,1,0,Dusuk,Eposta
YKM02522,56,89,72299.29334292022,10310.568658454984,5,Yuksek,39,0,0,1,0,Dusuk,Mobil_Bildirim
YKM02523,36,39,35397.695628163536,13167.08867033122,4,Orta,24,0,0,1,1,Orta,Eposta
YKM02524,35,135,42692.930138315096,34268.49158771836,5,Orta,40,0,2,1,1,Dusuk,Mobil_Bildirim
YKM02525,61,89,99108.72701219715,23341.927129677475,4,Orta,40,1,2,1,1,Orta,Eposta
YKM02526,65,60,17959.029108697297,68430.09481417993,5,Orta,28,0,2,1,0,Yuksek,SMS
YKM02527,56,20,37394.21995048827,37188.84604920181,1,Dusuk,43,1,0,1,1,Yuksek,Eposta
YKM02528,51,64,137754.88089596256,40257.670551971816,3,Yuksek,37,0,1,0,1,Dusuk,SMS
YKM02529,49,35,98398.58645461769,21115.969017631374,1,Dusuk,43,0,1,1,1,Yuksek,Eposta
YKM02530,34,39,61281.37465835625,11952.110310859414,1,Yuksek,40,1,1,1,1,Orta,SMS
YKM02531,27,148,40578.93423803595,12866.415642021719,5,Yuksek,27,0,0,1,1,Yuksek,Mobil_Bildirim
YKM02532,24,151,57681.4446173909,26493.083363139325,3,Yuksek,38,1,2,1,0,Dusuk,SMS
YKM02533,55,188,48800.18380026535,18417.84574673038,2,Yuksek,52,1,2,1,1,Orta,Mobil_Bildirim
YKM02534,62,65,64565.722786850085,27708.22323832865,6,Orta,44,0,0,1,0,Orta,Eposta
YKM02535,37,147,33907.282347701104,81274.01898155481,2,Yuksek,44,1,1,1,1,Orta,Mobil_Bildirim
YKM02536,60,177,45103.72481215885,32405.533358653684,1,Orta,25,0,1,0,1,Orta,SMS
YKM02537,55,70,14751.996258244193,28570.529285168464,2,Yuksek,32,0,2,1,1,Yuksek,Mobil_Bildirim
YKM02538,37,34,53444.14954076088,21579.267507808516,1,Yuksek,35,1,2,0,1,Yuksek,Eposta
YKM02539,39,68,63240.964346825036,24292.654370029955,6,Orta,35,0,1,1,0,Yuksek,Eposta
YKM02540,63,124,15383.578164277409,25734.319422155622,3,Orta,42,1,3,1,0,Orta,Eposta
YKM02541,47,141,32282.510553554566,20395.73590061482,4,Yuksek,18,0,2,0,1,Orta,SMS
YKM02542,40,134,15940.586574187808,30316.625407503994,4,Orta,42,1,2,1,0,Yuksek,SMS
YKM02543,26,136,29461.726746518496,32746.004156130875,1,Dusuk,43,0,2,1,0,Orta,Mobil_Bildirim
YKM02544,22,39,83145.29456847082,20794.127467712653,5,Yuksek,43,0,1,1,0,Dusuk,Mobil_Bildirim
YKM02545,58,15,24553.365843722222,26467.023196291935,1,Dusuk,32,0,2,1,0,Yuksek,Mobil_Bildirim
YKM02546,56,18,31148.179427662908,42926.29694554181,2,Orta,43,0,0,1,0,Yuksek,Mobil_Bildirim
YKM02547,29,15,43119.4371783489,34096.0400989267,2,Orta,31,0,0,1,1,Yuksek,Mobil_Bildirim
YKM02548,49,1,81377.73885913563,26826.35746678023,5,Orta,24,0,0,1,0,Yuksek,SMS
YKM02549,62,120,42400.71455602471,27131.487769107785,1,Dusuk,50,1,1,1,0,Yuksek,SMS
YKM02550,58,24,63369.27004992058,23720.326968409132,3,Yuksek,43,0,1,1,0,Yuksek,SMS
YKM02551,65,79,21466.61598592574,79013.34849022342,2,Orta,42,1,1,0,0,Dusuk,Mobil_Bildirim
YKM02552,40,89,32935.402047101816,29941.21373725416,4,Yuksek,36,0,3,1,0,Dusuk,Mobil_Bildirim
YKM02553,67,174,39787.176237561136,18093.856012636086,6,Orta,45,1,3,1,1,Orta,Mobil_Bildirim
YKM02554,57,166,40726.16462236082,8099.471272215307,4,Orta,37,0,2,1,1,Dusuk,Mobil_Bildirim
YKM02555,32,124,64095.5591980667,12706.979172169584,6,Orta,45,1,1,0,1,Yuksek,Mobil_Bildirim
YKM02556,26,182,115911.16173882819,27720.31432701569,3,Orta,33,0,0,1,1,Dusuk,Mobil_Bildirim
YKM02557,49,50,60920.89455319738,14075.991896598247,6,Yuksek,36,0,2,1,1,Orta,Eposta
YKM02558,69,79,59112.601679823405,22596.646203609176,6,Yuksek,36,0,1,0,1,Yuksek,SMS
YKM02559,55,143,23762.167863725397,33315.947028985276,6,Yuksek,43,0,2,1,1,Orta,Eposta
YKM02560,64,121,82234.20266415013,20184.705303580668,2,Yuksek,37,0,0,1,0,Yuksek,Eposta
YKM02561,48,136,34222.657338044286,32914.95157249053,5,Orta,46,0,1,1,0,Dusuk,SMS
YKM02562,61,25,28495.50178299975,28747.24713857832,5,Orta,25,1,0,1,0,Yuksek,SMS
YKM02563,56,117,75246.39899314927,20759.584093092657,3,Orta,42,1,1,1,1,Dusuk,Eposta
YKM02564,41,100,84590.81317687148,26626.941300343045,3,Orta,42,0,1,1,1,Dusuk,Mobil_Bildirim
YKM02565,51,14,30844.72354130687,9318.754949756705,1,Orta,50,1,1,1,1,Dusuk,Mobil_Bildirim
YKM02566,42,167,65288.3878206446,33056.155928427674,4,Orta,34,1,0,1,1,Yuksek,Eposta
YKM02567,37,132,49641.67526421662,37285.59570370424,6,Orta,36,0,3,0,1,Yuksek,Mobil_Bildirim
YKM02568,32,154,56240.199182584634,11788.09507597997,4,Orta,41,1,2,1,1,Yuksek,Eposta
YKM02569,64,11,38693.02692711969,19588.61119909447,6,Orta,41,0,1,1,0,Orta,Mobil_Bildirim
YKM02570,48,83,75419.3687619437,13838.841020296675,6,Orta,56,0,2,1,1,Orta,Mobil_Bildirim
YKM02571,45,85,36838.83558025853,24219.472064563182,6,Yuksek,49,1,1,1,1,Dusuk,Mobil_Bildirim
YKM02572,32,164,48140.218046022,32882.55793626644,1,Dusuk,38,0,0,1,1,Dusuk,SMS
YKM02573,60,66,39037.67335184966,18088.971155131498,4,Dusuk,35,0,0,1,1,Orta,Mobil_Bildirim
YKM02574,24,145,27166.137608247158,21884.853416529673,3,Orta,43,0,1,1,0,Dusuk,SMS
YKM02575,60,14,57257.06313906521,42860.77549583664,5,Dusuk,31,0,1,1,1,Dusuk,Mobil_Bildirim
YKM02576,47,37,74182.6807621601,25751.484754437315,5,Yuksek,34,0,3,1,1,Yuksek,Mobil_Bildirim
YKM02577,65,56,41770.63387521384,20669.509266608467,3,Orta,35,1,1,1,0,Orta,SMS
YKM02578,63,166,57302.95755080869,18370.435291443875,5,Yuksek,33,0,1,1,1,Orta,SMS
YKM02579,67,162,22866.43385947701,34997.52929837477,2,Yuksek,43,0,6,1,1,Orta,Mobil_Bildirim
YKM02580,41,158,38689.7647085701,64744.823572624584,5,Orta,37,0,2,1,1,Dusuk,Eposta
YKM02581,65,175,15911.532664805625,35691.0987624593,4,Yuksek,34,0,2,1,0,Yuksek,Mobil_Bildirim
YKM02582,34,103,51360.39843448454,64163.39542924346,2,Dusuk,35,0,0,0,1,Yuksek,SMS
YKM02583,26,83,52299.08092266831,16891.74751099023,4,Yuksek,41,0,0,1,0,Orta,SMS
YKM02584,54,156,23155.59201747194,12026.093404710406,5,Orta,38,1,2,1,0,Orta,Eposta
YKM02585,32,137,45715.20319169361,38795.813130772636,2,Dusuk,25,0,2,1,0,Dusuk,Mobil_Bildirim
YKM02586,41,145,45350.112909737865,23623.97567738488,3,Orta,38,0,0,1,1,Yuksek,SMS
YKM02587,42,148,95404.01246470123,48392.80723334052,1,Yuksek,44,1,3,1,1,Orta,SMS
YKM02588,64,179,123352.00357414225,34928.29933545419,4,Orta,30,0,3,0,0,Dusuk,SMS
YKM02589,61,50,29982.906152652315,37532.167829415186,6,Yuksek,38,0,2,1,0,Orta,Mobil_Bildirim
YKM02590,51,51,42514.05960217527,38316.378598350515,2,Yuksek,35,0,3,1,0,Dusuk,Mobil_Bildirim
YKM02591,57,33,35744.1877986317,8868.71295105023,2,Yuksek,44,1,1,1,1,Yuksek,Mobil_Bildirim
YKM02592,67,7,57150.375334996745,28940.170066710212,5,Orta,39,0,2,0,1,Yuksek,Mobil_Bildirim
YKM02593,63,78,45936.87977349842,18593.061204632348,3,Yuksek,40,0,1,1,1,Orta,Mobil_Bildirim
YKM02594,68,19,67756.94800588096,21483.58653783552,3,Dusuk,30,1,0,1,1,Yuksek,SMS
YKM02595,35,9,30540.87069448722,60934.38042556433,2,Dusuk,34,1,2,1,1,Dusuk,Mobil_Bildirim
YKM02596,34,14,35352.69064175302,26911.4380931022,1,Yuksek,41,0,1,1,0,Orta,SMS
YKM02597,45,74,44894.75418765316,20692.008594590305,5,Dusuk,40,0,0,1,0,Dusuk,Eposta
YKM02598,27,114,40030.65243260028,79655.34250772902,1,Orta,47,0,2,1,1,Yuksek,Eposta
YKM02599,24,5,33548.67153393746,14580.879000804474,2,Orta,42,0,2,0,0,Yuksek,Eposta
YKM02600,60,33,38101.13117060319,43514.28987223725,1,Yuksek,34,0,1,1,1,Yuksek,Mobil_Bildirim
YKM02601,39,85,72268.1985748813,14790.156577420405,6,Yuksek,52,1,1,1,0,Yuksek,Mobil_Bildirim
YKM02602,33,56,31878.588046931614,73893.29283570446,5,Orta,30,1,2,1,1,Yuksek,SMS
YKM02603,43,102,44711.50940314296,53414.07041422169,3,Orta,39,0,2,1,0,Dusuk,SMS
YKM02604,59,133,15968.655052015096,39866.16553275243,4,Orta,44,0,0,0,1,Orta,Mobil_Bildirim
YKM02605,68,107,24983.023017052998,20738.82503210184,2,Orta,40,1,1,1,1,Orta,SMS
YKM02606,54,6,21800.997687256604,26756.77572471767,2,Yuksek,35,0,4,1,1,Orta,SMS
YKM02607,59,42,57108.933616865994,58365.17732844004,5,Orta,33,1,1,1,1,Orta,Mobil_Bildirim
YKM02608,47,122,32493.12702109253,43239.99688071446,5,Orta,45,0,1,1,0,Yuksek,Mobil_Bildirim
YKM02609,45,1,97668.22036759167,35474.583912345275,4,Yuksek,44,0,0,1,1,Orta,Eposta
YKM02610,40,116,41996.91609373128,21183.074904819146,2,Yuksek,44,1,1,1,0,Orta,SMS
YKM02611,29,175,37434.07312097481,48433.39661003329,3,Dusuk,44,1,0,1,1,Orta,Eposta
YKM02612,42,152,48456.58755283087,13846.157296212312,1,Orta,33,1,0,1,0,Yuksek,Eposta
YKM02613,24,73,60510.27489427907,23540.565260134164,1,Dusuk,33,0,0,1,1,Yuksek,Mobil_Bildirim
YKM02614,61,149,64777.01625968816,10506.422837779613,4,Yuksek,48,1,0,1,1,Orta,Eposta
YKM02615,36,83,159995.04247216048,9871.002547960336,3,Yuksek,37,0,4,1,1,Yuksek,SMS
YKM02616,24,31,13674.270045334362,16499.88454447801,5,Orta,40,0,1,1,0,Yuksek,Mobil_Bildirim
YKM02617,35,109,47366.51450775699,24406.109181789383,4,Orta,29,0,0,1,1,Orta,SMS
YKM02618,28,94,25089.39094879512,23782.789192708384,2,Dusuk,35,0,1,1,1,Dusuk,Eposta
YKM02619,42,135,64718.29644998348,61933.431840811914,4,Yuksek,34,0,1,1,0,Yuksek,SMS
YKM02620,37,21,35896.70650712198,8042.586077881769,3,Yuksek,36,1,1,1,0,Dusuk,Mobil_Bildirim
YKM02621,42,35,49120.99810407683,21561.935171144974,5,Dusuk,33,1,2,0,0,Dusuk,Mobil_Bildirim
YKM02622,49,2,27984.952192087916,23271.537880544034,1,Yuksek,37,1,1,1,1,Yuksek,Mobil_Bildirim
YKM02623,60,34,66686.49035748772,28402.576886007864,2,Yuksek,41,0,1,1,0,Orta,Mobil_Bildirim
YKM02624,30,128,59174.80405004304,33188.885771567795,3,Orta,30,0,3,1,1,Orta,SMS
YKM02625,40,68,44722.56767207203,39071.03688537903,2,Orta,41,1,3,1,0,Dusuk,SMS
YKM02626,23,132,96961.96637490175,21935.843718408818,1,Orta,44,1,1,0,1,Orta,Mobil_Bildirim
YKM02627,61,138,28206.784695750626,17245.7208735091,2,Dusuk,44,0,1,0,0,Yuksek,SMS
YKM02628,50,30,52933.2360873809,40729.661114462055,1,Dusuk,35,0,0,0,1,Orta,Mobil_Bildirim
YKM02629,46,166,90766.54407567394,38752.293326364175,6,Dusuk,36,1,1,0,0,Yuksek,Mobil_Bildirim
YKM02630,43,96,85920.11638045074,35018.892278340245,4,Orta,42,0,4,0,1,Orta,Eposta
YKM02631,33,83,43612.999572607434,11037.385101439813,5,Yuksek,34,1,3,1,0,Dusuk,Eposta
YKM02632,40,30,67307.35173279213,14404.830272321757,3,Yuksek,35,1,1,1,0,Yuksek,Eposta
YKM02633,44,96,57398.31514991648,12040.906455999264,5,Orta,35,0,2,1,1,Orta,SMS
YKM02634,48,186,25463.184728213022,13720.542760904544,5,Yuksek,30,0,3,1,0,Orta,SMS
YKM02635,66,94,17755.009014676412,48450.286668372864,1,Yuksek,49,0,2,0,1,Yuksek,Eposta
YKM02636,61,124,57832.58741054937,17453.342044493173,1,Orta,27,0,1,1,1,Dusuk,Mobil_Bildirim
YKM02637,62,88,30120.43503544283,69817.7972239399,2,Yuksek,42,0,2,1,1,Dusuk,Eposta
YKM02638,40,154,58558.7244404596,20940.756175975264,2,Dusuk,42,1,2,1,1,Yuksek,SMS
YKM02639,29,126,133633.8055497019,23233.34099398753,3,Orta,33,0,2,0,0,Orta,SMS
YKM02640,58,156,46611.040514452245,17521.221302804915,3,Yuksek,48,0,3,1,1,Dusuk,SMS
YKM02641,46,111,65386.11254858833,43513.539575721705,3,Dusuk,31,1,1,1,1,Orta,SMS
YKM02642,48,173,44425.390877911996,21253.085369423534,1,Orta,49,0,0,1,1,Yuksek,Mobil_Bildirim
YKM02643,23,97,75956.21646567885,43695.995136491154,4,Yuksek,51,1,1,1,0,Dusuk,SMS
YKM02644,43,148,23992.34325406552,19953.695432179447,3,Yuksek,38,0,2,1,0,Dusuk,Mobil_Bildirim
YKM02645,48,90,23993.771003502094,19703.29823587585,2,Yuksek,34,0,2,1,1,Yuksek,Mobil_Bildirim
YKM02646,52,69,44009.97188682159,23478.821737850754,5,Yuksek,38,0,0,1,1,Orta,Mobil_Bildirim
YKM02647,24,63,27173.4130046329,21552.098909400323,5,Dusuk,45,0,1,1,1,Dusuk,Mobil_Bildirim
YKM02648,27,140,69855.88679754351,20712.450928958322,5,Dusuk,30,1,2,1,1,Yuksek,Mobil_Bildirim
YKM02649,32,67,40087.75545344077,21328.32967752805,1,Yuksek,32,0,1,0,1,Orta,Mobil_Bildirim
YKM02650,59,47,57615.8112533555,46810.56711707874,2,Orta,35,0,0,1,1,Orta,SMS
YKM02651,38,115,55791.741755867515,28443.054118470707,4,Orta,29,0,3,0,0,Yuksek,Mobil_Bildirim
YKM02652,41,100,48315.793571476526,21934.425989599527,6,Orta,29,0,1,1,1,Yuksek,Eposta
YKM02653,59,21,65061.35472434186,25575.41562050116,2,Orta,43,0,0,1,1,Yuksek,Mobil_Bildirim
YKM02654,56,82,17113.01491243545,22248.068532150195,4,Dusuk,41,0,2,0,0,Yuksek,Eposta
YKM02655,53,163,43563.79055133979,49073.644953372655,5,Yuksek,40,1,2,1,0,Dusuk,SMS
YKM02656,37,73,41530.04939954722,28189.471347351857,2,Yuksek,33,1,2,0,1,Yuksek,Mobil_Bildirim
YKM02657,31,170,96193.61179713887,13474.214734453677,2,Dusuk,32,0,2,1,1,Yuksek,Mobil_Bildirim
YKM02658,40,127,35450.58728616376,29816.594925522044,2,Dusuk,44,0,1,1,1,Yuksek,Mobil_Bildirim
YKM02659,29,43,74959.8320272131,11496.239114846738,6,Dusuk,44,0,2,0,1,Yuksek,Mobil_Bildirim
YKM02660,41,10,37249.08080179728,17074.797503075046,3,Orta,43,1,3,1,1,Orta,Eposta
YKM02661,57,100,125621.91910401834,21118.38784651648,3,Orta,29,0,1,1,1,Yuksek,Mobil_Bildirim
YKM02662,26,119,68796.90447370465,23354.765408297037,2,Yuksek,37,0,0,1,1,Orta,Mobil_Bildirim
YKM02663,55,91,47797.914094256164,20889.113855323998,3,Orta,41,0,1,1,1,Orta,Mobil_Bildirim
YKM02664,58,50,84263.59781428808,36065.754131012785,2,Yuksek,28,0,0,1,1,Dusuk,SMS
YKM02665,26,35,56263.33032157453,34222.01559866877,4,Orta,27,0,3,0,1,Orta,Mobil_Bildirim
YKM02666,68,82,35811.891777325545,35999.22001343326,2,Yuksek,58,0,2,1,1,Dusuk,Eposta
YKM02667,64,77,54961.92785324215,23476.76397683063,6,Orta,34,1,3,1,1,Orta,Mobil_Bildirim
YKM02668,42,46,48675.43242890922,60576.20240655119,4,Orta,36,0,1,0,1,Orta,SMS
YKM02669,57,43,61240.072488336016,35089.51956159057,6,Dusuk,45,0,0,1,1,Orta,Eposta
YKM02670,43,126,41889.883797710165,16000.720371381776,3,Yuksek,42,0,0,1,1,Orta,Mobil_Bildirim
YKM02671,55,149,34214.65928767204,12938.14380940191,4,Dusuk,32,1,1,1,0,Orta,Mobil_Bildirim
YKM02672,25,126,125350.15411593714,84320.25843224728,3,Orta,34,0,3,1,0,Yuksek,SMS
YKM02673,37,10,17774.245244611386,16928.31011261644,5,Orta,33,0,2,1,0,Yuksek,Mobil_Bildirim
YKM02674,34,16,32948.202857057506,11973.956612666538,5,Yuksek,32,0,2,1,0,Yuksek,Mobil_Bildirim
YKM02675,21,149,27454.474133475658,80151.63023584615,6,Yuksek,27,0,3,1,1,Orta,SMS
YKM02676,42,65,31806.0865401106,24449.397127666627,4,Yuksek,26,0,0,0,1,Yuksek,Eposta
YKM02677,38,65,51420.62339818211,26881.278860051167,3,Yuksek,31,0,1,1,0,Yuksek,SMS
YKM02678,52,51,47387.008482249075,19669.246099397846,1,Dusuk,36,0,0,1,1,Yuksek,Eposta
YKM02679,33,1,18811.368220077708,23606.199385133797,5,Dusuk,27,0,0,0,1,Orta,Eposta
YKM02680,37,10,29606.31335401457,28625.73202276949,6,Yuksek,33,0,0,1,1,Yuksek,SMS
YKM02681,53,131,28172.289198235216,47310.81319440736,5,Yuksek,27,0,0,1,1,Dusuk,Eposta
YKM02682,32,99,25804.807194134402,33601.02346250085,5,Orta,38,0,1,1,1,Yuksek,Mobil_Bildirim
YKM02683,33,102,70558.6654468893,20456.474643006448,4,Yuksek,52,1,1,1,1,Yuksek,Mobil_Bildirim
YKM02684,66,22,59051.72374518287,22082.664446553892,5,Dusuk,41,1,1,1,1,Yuksek,Eposta
YKM02685,23,138,47313.09796461101,44211.48648864563,3,Orta,27,0,2,1,0,Orta,SMS
YKM02686,34,144,32683.638243573918,24291.72380265304,6,Orta,36,0,0,1,1,Dusuk,Mobil_Bildirim
YKM02687,39,93,38294.47340990959,57217.505266059874,3,Yuksek,48,0,0,1,1,Orta,Mobil_Bildirim
YKM02688,66,137,87842.07914259215,29332.289889602343,3,Dusuk,41,0,1,1,1,Dusuk,SMS
YKM02689,51,63,57644.97862233614,36235.16503226354,3,Orta,41,1,0,1,1,Yuksek,Mobil_Bildirim
YKM02690,54,43,34908.12604871525,40549.42600434399,2,Orta,36,0,1,1,1,Orta,SMS
YKM02691,34,63,29193.283641395108,31994.866923951107,3,Orta,28,0,2,1,0,Dusuk,SMS
YKM02692,26,79,31594.09308077233,60046.788780332034,5,Yuksek,43,0,1,0,1,Dusuk,SMS
YKM02693,43,124,56038.689434766144,34926.76764104006,3,Dusuk,34,1,0,1,1,Dusuk,Mobil_Bildirim
YKM02694,33,152,96107.17014733196,27699.9028087364,5,Orta,30,0,1,1,1,Orta,Mobil_Bildirim
YKM02695,54,122,32426.15801212675,14097.928948718505,3,Orta,38,0,0,0,1,Yuksek,SMS
YKM02696,30,153,25746.749631987623,21732.72270181294,3,Yuksek,48,1,1,1,1,Yuksek,SMS
YKM02697,35,78,46366.226798099335,50993.10409591391,4,Orta,39,1,0,1,1,Yuksek,SMS
YKM02698,21,164,45611.04964782826,23678.604341097256,2,Orta,32,0,1,1,1,Orta,SMS
YKM02699,37,36,38331.8447455818,15357.51278427282,3,Yuksek,41,0,1,1,0,Orta,SMS
YKM02700,35,133,57282.35727189715,15430.143319566689,4,Yuksek,40,1,1,1,1,Yuksek,SMS
YKM02701,25,152,27813.00174302622,27150.839308558297,5,Dusuk,35,0,0,0,0,Yuksek,Mobil_Bildirim
YKM02702,43,151,55416.041887972126,23867.856050191665,1,Orta,52,0,0,1,1,Orta,Mobil_Bildirim
YKM02703,54,179,21437.50680664092,12741.591682209066,1,Dusuk,43,0,3,1,1,Orta,Mobil_Bildirim
YKM02704,40,164,157801.14503375866,15399.341419579208,6,Yuksek,42,0,2,1,1,Orta,Mobil_Bildirim
YKM02705,54,173,33783.874710984695,21461.961114976242,2,Orta,42,0,2,1,1,Yuksek,Mobil_Bildirim
YKM02706,54,100,54681.34802609139,70005.80693867072,1,Yuksek,36,0,0,1,0,Yuksek,Mobil_Bildirim
YKM02707,58,171,48022.634790337026,17289.615883091406,2,Yuksek,38,0,3,1,1,Dusuk,Mobil_Bildirim
YKM02708,58,74,30462.08359755992,13714.371695265663,3,Yuksek,43,1,1,1,0,Yuksek,Mobil_Bildirim
YKM02709,58,56,34186.27323200194,12997.028300134009,2,Yuksek,34,0,0,1,1,Orta,Mobil_Bildirim
YKM02710,47,11,40860.18935510039,19031.808808463615,5,Yuksek,42,1,2,1,0,Dusuk,SMS
YKM02711,55,18,38819.700381861054,31969.06400444372,1,Orta,53,1,3,1,1,Orta,Mobil_Bildirim
YKM02712,33,56,63126.02515776364,22270.497175878147,4,Dusuk,36,0,0,1,1,Dusuk,SMS
YKM02713,37,47,48472.01738419357,15393.156227874291,3,Orta,26,0,1,1,1,Orta,Mobil_Bildirim
YKM02714,25,180,38717.694547141284,67671.11565308624,4,Yuksek,35,1,4,1,1,Orta,Eposta
YKM02715,54,104,28789.57072016708,8056.762773600768,3,Dusuk,30,0,2,1,1,Orta,Eposta
YKM02716,36,109,66260.71839266802,12574.397846870117,5,Orta,40,0,1,0,0,Orta,Mobil_Bildirim
YKM02717,35,47,22240.936761870697,19649.58766379032,5,Orta,39,1,3,1,1,Orta,SMS
YKM02718,55,162,36492.948593647925,12766.957227190473,4,Orta,45,0,1,1,1,Dusuk,Eposta
YKM02719,58,123,30413.518452251497,85485.30944786317,2,Yuksek,43,0,2,1,0,Yuksek,Eposta
YKM02720,65,101,40430.169210340144,76266.12494031666,3,Orta,33,0,2,0,1,Orta,Mobil_Bildirim
YKM02721,60,169,47713.43455549333,27423.825056483107,5,Dusuk,42,0,2,0,0,Yuksek,Eposta
YKM02722,49,56,83074.43710410835,16469.376603798926,6,Orta,43,0,4,1,1,Dusuk,Mobil_Bildirim
YKM02723,61,162,64726.39321274592,22410.80295643098,3,Yuksek,31,1,2,1,1,Orta,Eposta
YKM02724,33,85,35475.70900637642,24283.393142508932,6,Orta,29,0,0,0,0,Yuksek,SMS
YKM02725,59,141,34403.72533700175,27097.54228684302,4,Dusuk,39,0,0,1,1,Orta,Mobil_Bildirim
YKM02726,42,18,54449.73331399878,22736.87742763345,1,Dusuk,23,1,1,1,1,Yuksek,Eposta
YKM02727,30,88,20996.872756303022,19031.937399533075,4,Yuksek,43,1,1,0,1,Dusuk,Mobil_Bildirim
YKM02728,41,43,31612.5463876481,17198.329937604623,1,Orta,34,1,0,1,1,Orta,Eposta
YKM02729,53,68,28186.02182444686,24179.66790881266,4,Orta,32,0,1,1,1,Yuksek,SMS
YKM02730,31,169,35345.60403202501,12723.82172059565,3,Orta,34,0,4,1,0,Orta,Eposta
YKM02731,28,126,83000.14016415128,12147.953263723419,3,Yuksek,31,1,3,1,0,Dusuk,SMS
YKM02732,24,93,107201.02866334362,44488.84324240799,3,Orta,39,0,0,1,0,Yuksek,Mobil_Bildirim
YKM02733,45,67,48496.80623645861,18453.49150543152,5,Orta,34,0,1,1,0,Orta,Eposta
YKM02734,60,32,98365.9917918821,24658.421512764788,2,Dusuk,37,1,1,0,1,Orta,Mobil_Bildirim
YKM02735,30,31,35646.914212094256,14793.515986822704,3,Orta,31,0,1,0,1,Orta,SMS
YKM02736,42,152,24421.860145539977,21770.471085859113,6,Orta,26,0,1,1,1,Dusuk,Mobil_Bildirim
YKM02737,37,70,88918.1595572735,23092.2938163439,6,Dusuk,37,0,2,1,1,Dusuk,Mobil_Bildirim
YKM02738,37,165,29125.1305007926,79856.9403636999,2,Dusuk,48,0,4,1,1,Dusuk,Mobil_Bildirim
YKM02739,26,47,40176.96705045972,27558.97370444753,3,Yuksek,37,0,1,1,1,Yuksek,Mobil_Bildirim
YKM02740,48,2,52170.49805425044,30684.390243965834,5,Dusuk,40,0,2,0,1,Orta,Mobil_Bildirim
YKM02741,36,28,62083.86405547221,31196.388842578264,4,Dusuk,43,0,2,1,0,Orta,Mobil_Bildirim
YKM02742,47,92,52509.19264374019,72895.79840148629,4,Orta,39,1,2,0,0,Orta,SMS
YKM02743,58,179,39257.238273492934,23543.156602132694,6,Orta,39,0,0,1,1,Yuksek,Eposta
YKM02744,33,41,10879.578747066238,24023.60407798213,3,Orta,38,1,0,0,0,Dusuk,Mobil_Bildirim
YKM02745,70,43,50609.10941659129,33142.01656893387,4,Yuksek,38,0,2,1,1,Orta,SMS
YKM02746,33,27,53440.861177532905,30594.6582585776,6,Yuksek,42,0,2,1,0,Orta,Eposta
YKM02747,58,105,29696.217390100323,16498.249989430744,5,Yuksek,30,0,2,0,1,Orta,SMS
YKM02748,38,93,27004.65183523054,66605.66591514932,5,Yuksek,40,0,4,1,1,Dusuk,Mobil_Bildirim
YKM02749,34,5,25032.089878197283,18186.012626541902,5,Yuksek,32,0,2,1,1,Dusuk,Eposta
YKM02750,57,150,26064.97254081895,28482.507352594916,5,Dusuk,40,0,1,1,1,Yuksek,Mobil_Bildirim
YKM02751,55,15,55142.63245718174,23585.497412313623,5,Orta,48,1,1,1,1,Orta,SMS
YKM02752,21,65,92542.78634127202,23980.31211596106,1,Dusuk,47,0,0,0,1,Dusuk,Mobil_Bildirim
YKM02753,63,129,42258.77729766812,19036.207126135847,4,Orta,40,0,0,1,1,Dusuk,Mobil_Bildirim
YKM02754,51,167,26106.074880465123,39372.497804835584,2,Yuksek,31,0,2,1,1,Dusuk,Eposta
YKM02755,70,170,56091.69994629717,38292.74161687856,4,Yuksek,46,0,3,1,1,Dusuk,Mobil_Bildirim
YKM02756,59,74,40644.091035435464,29711.441871244348,4,Orta,39,1,2,1,1,Orta,SMS
YKM02757,42,86,64006.027628645665,21571.030249502117,5,Orta,38,0,0,1,1,Yuksek,SMS
YKM02758,43,98,34971.80340527704,29903.989065838367,4,Yuksek,36,0,1,1,1,Orta,SMS
YKM02759,27,5,38430.49459234525,16246.88750471618,2,Yuksek,43,0,0,1,1,Yuksek,Mobil_Bildirim
YKM02760,22,92,55268.118016187735,50273.45457970912,5,Orta,32,1,1,1,1,Yuksek,SMS
YKM02761,65,111,33228.22706017686,16723.820163641474,1,Yuksek,36,0,1,1,1,Orta,SMS
YKM02762,25,80,54913.03897534187,42351.73474616292,1,Orta,24,0,1,1,0,Orta,Mobil_Bildirim
YKM02763,49,49,87588.15277611022,35061.583708003054,5,Dusuk,39,1,0,1,1,Yuksek,Mobil_Bildirim
YKM02764,25,100,28576.95174216554,36317.31859981249,5,Dusuk,43,1,1,0,1,Orta,Mobil_Bildirim
YKM02765,55,74,46894.014956490646,25951.460597935864,6,Orta,37,0,3,1,1,Yuksek,Mobil_Bildirim
YKM02766,44,86,37770.273482962395,19932.78861464713,4,Orta,43,0,2,1,0,Orta,SMS
YKM02767,19,62,39017.303771185114,21571.77519393053,2,Yuksek,45,0,1,1,1,Orta,Mobil_Bildirim
YKM02768,33,97,21333.20813949229,23467.040204434277,4,Yuksek,35,0,3,1,1,Dusuk,Mobil_Bildirim
YKM02769,69,172,109197.40401803661,15160.424452090454,2,Orta,39,0,0,1,0,Yuksek,SMS
YKM02770,69,122,58282.73965020757,64074.839153085726,6,Dusuk,40,0,2,1,1,Orta,Mobil_Bildirim
YKM02771,56,60,42762.701781290336,17232.01470420498,2,Orta,37,1,3,1,0,Yuksek,Mobil_Bildirim
YKM02772,54,39,51755.731257238214,22343.59864727476,2,Yuksek,46,1,4,1,0,Orta,SMS
YKM02773,38,18,26380.800026069064,15448.913981787999,1,Orta,43,0,2,1,0,Orta,Mobil_Bildirim
YKM02774,44,96,39595.71733246401,13735.30173494535,3,Yuksek,37,1,2,0,0,Yuksek,SMS
YKM02775,68,1,41241.992628144646,26437.53601493449,3,Yuksek,47,1,2,1,1,Yuksek,Mobil_Bildirim
YKM02776,50,117,37479.385995646706,24357.565493562703,3,Dusuk,50,1,2,1,1,Yuksek,SMS
YKM02777,54,168,33635.80762899958,28022.757414577645,4,Orta,27,0,0,1,0,Orta,SMS
YKM02778,37,59,48803.00317063504,26924.120822736237,4,Yuksek,35,1,1,0,1,Yuksek,Mobil_Bildirim
YKM02779,23,178,53370.168632364715,37989.33589054909,6,Dusuk,28,1,1,0,1,Orta,Mobil_Bildirim
YKM02780,50,143,38860.01864986669,31100.44825075801,6,Orta,36,0,0,1,1,Orta,Mobil_Bildirim
YKM02781,40,125,29194.482222823506,42769.87974583134,5,Yuksek,42,1,0,1,0,Yuksek,Eposta
YKM02782,60,28,55394.25624812447,26494.627718783417,6,Yuksek,35,0,1,1,0,Yuksek,Mobil_Bildirim
YKM02783,52,133,84414.97239146223,39642.817876183224,4,Yuksek,35,0,1,1,0,Yuksek,Mobil_Bildirim
YKM02784,39,51,164178.01473358076,31463.936369288003,2,Yuksek,33,0,3,0,0,Orta,Mobil_Bildirim
YKM02785,63,83,26722.852103468493,71161.05549056092,2,Yuksek,46,0,2,1,1,Dusuk,Eposta
YKM02786,65,17,29632.378360348965,17063.74386745734,4,Orta,33,0,2,1,0,Yuksek,Mobil_Bildirim
YKM02787,68,70,41886.29640525275,45076.24793305411,5,Orta,22,0,0,0,1,Yuksek,SMS
YKM02788,42,167,76010.55649339661,10658.996596109515,4,Dusuk,41,0,1,1,0,Orta,SMS
YKM02789,41,135,63615.58854545172,36682.685689935686,3,Yuksek,36,0,2,1,1,Yuksek,Mobil_Bildirim
YKM02790,37,71,43703.09719773705,27436.93673192974,2,Yuksek,29,1,2,0,1,Yuksek,Mobil_Bildirim
YKM02791,27,85,53809.02804569615,15935.703737286824,2,Yuksek,40,0,2,0,0,Orta,SMS
YKM02792,24,83,56539.579521970605,51342.31710471859,4,Yuksek,31,0,2,1,1,Dusuk,Mobil_Bildirim
YKM02793,32,147,25319.892328668677,48950.97836548721,1,Yuksek,39,1,0,1,0,Dusuk,SMS
YKM02794,67,40,35638.93560223979,31661.951413442075,4,Orta,33,0,0,1,0,Orta,Mobil_Bildirim
YKM02795,38,84,35629.83775521555,19497.848003014104,1,Dusuk,42,0,1,0,0,Orta,Mobil_Bildirim
YKM02796,45,151,30603.475538033792,23605.287231341845,4,Orta,32,1,2,1,1,Orta,SMS
YKM02797,28,149,48401.33832213507,28118.509504634567,1,Orta,37,0,1,1,0,Yuksek,SMS
YKM02798,65,71,87837.50800486804,21599.801748229896,3,Orta,21,0,0,1,1,Dusuk,Eposta
YKM02799,42,39,34942.25733391957,20568.131387141002,1,Orta,40,0,3,0,1,Orta,SMS
YKM02800,51,117,37941.86057588354,22957.365761863122,1,Dusuk,46,0,2,0,1,Yuksek,SMS
YKM02801,25,13,71846.15929773448,43787.9881805796,5,Orta,36,1,1,0,1,Yuksek,Mobil_Bildirim
YKM02802,23,39,52601.13168177643,35092.66043866389,1,Yuksek,27,1,3,0,0,Dusuk,Eposta
YKM02803,70,17,32309.61879095105,14027.78384340567,2,Yuksek,43,1,3,1,0,Dusuk,Eposta
YKM02804,34,141,61637.663797196445,46799.467941205075,4,Dusuk,43,1,1,0,0,Orta,Mobil_Bildirim
YKM02805,44,140,27129.194212513445,20078.512312851806,1,Yuksek,27,0,0,0,0,Yuksek,Mobil_Bildirim
YKM02806,62,1,55476.100116944835,10597.5855331093,4,Dusuk,39,1,0,1,0,Orta,SMS
YKM02807,48,152,38995.339509704085,42807.7946089808,6,Yuksek,32,1,1,0,0,Orta,Eposta
YKM02808,50,71,23701.562157199256,23907.147530504495,6,Yuksek,45,0,2,1,0,Yuksek,SMS
YKM02809,31,167,65285.2199991656,32410.009996428347,6,Orta,56,0,4,1,1,Orta,Eposta
YKM02810,37,51,66416.00369188223,29952.93014337001,3,Orta,37,0,2,1,0,Orta,SMS
YKM02811,26,171,54025.414344113095,28919.915945604866,4,Yuksek,40,1,3,1,1,Yuksek,Mobil_Bildirim
YKM02812,33,54,34484.76491307723,36372.87316007751,3,Dusuk,27,1,1,1,1,Yuksek,SMS
YKM02813,40,45,64279.696492042385,52929.64417948224,1,Yuksek,27,1,1,1,1,Orta,SMS
YKM02814,47,141,78228.72224706132,23560.295776353774,6,Orta,32,0,0,1,0,Yuksek,Mobil_Bildirim
YKM02815,33,85,34075.39914698154,26254.798662337915,5,Orta,34,0,0,0,0,Yuksek,Mobil_Bildirim
YKM02816,54,113,35085.99633751525,30376.92632736855,2,Orta,45,1,2,1,1,Yuksek,Eposta
YKM02817,58,39,45680.514371947414,23557.822731602126,2,Orta,35,0,2,1,1,Orta,SMS
YKM02818,57,102,29035.55500471916,18745.38375240667,5,Yuksek,32,0,2,0,1,Orta,SMS
YKM02819,56,82,24536.110500897696,55696.927632486855,2,Orta,32,0,1,1,0,Yuksek,Eposta
YKM02820,26,1,44929.00000639262,8754.500782579615,4,Orta,47,0,1,1,0,Orta,Eposta
YKM02821,57,45,102041.31827621425,22983.60893924055,1,Orta,44,0,2,0,1,Dusuk,SMS
YKM02822,69,40,41529.44658095259,16041.269083662406,4,Orta,34,0,0,1,1,Orta,SMS
YKM02823,39,23,74152.01843403172,50603.532349610025,5,Yuksek,34,1,1,1,0,Dusuk,Mobil_Bildirim
YKM02824,48,34,57475.10998563637,12048.170943480205,6,Orta,42,1,0,1,1,Yuksek,Eposta
YKM02825,56,22,34167.081220158485,30246.545176972708,2,Orta,46,1,2,1,1,Orta,SMS
YKM02826,55,127,31862.750976771957,34110.407729514234,5,Dusuk,36,1,3,1,1,Yuksek,Mobil_Bildirim
YKM02827,25,73,72227.04855129821,21881.760093500383,4,Orta,43,1,2,1,1,Orta,SMS
YKM02828,25,123,52388.96521077845,12436.181397077082,6,Yuksek,38,1,1,1,0,Orta,Mobil_Bildirim
YKM02829,49,45,45015.93260173222,43838.63759056173,6,Dusuk,24,0,2,1,0,Orta,Eposta
YKM02830,45,90,34471.83365822142,22519.85114484008,2,Yuksek,37,0,2,1,1,Orta,Eposta
YKM02831,38,21,39586.94220151524,30891.7389915774,3,Dusuk,36,0,0,1,1,Dusuk,Mobil_Bildirim
YKM02832,66,127,28992.948407551597,18499.533760854953,2,Yuksek,34,0,2,0,1,Orta,Mobil_Bildirim
YKM02833,22,45,36645.43800574691,15713.730459925646,4,Orta,41,0,1,0,1,Orta,Mobil_Bildirim
YKM02834,22,58,84696.2856353378,24685.959145818102,2,Orta,38,0,2,0,1,Yuksek,Eposta
YKM02835,55,90,29936.08630868934,14590.665575596453,5,Yuksek,25,0,1,1,1,Dusuk,SMS
YKM02836,21,68,79532.16749085441,37148.83922211429,3,Yuksek,57,0,1,0,0,Orta,SMS
YKM02837,54,170,22299.5463965864,12780.197016459962,5,Yuksek,33,0,3,1,1,Yuksek,SMS
YKM02838,52,11,43917.76463147126,9897.321012816103,4,Yuksek,43,0,1,1,1,Yuksek,SMS
YKM02839,33,122,41242.040415808675,13428.662572292922,2,Orta,45,0,4,1,0,Yuksek,Eposta
YKM02840,47,103,53264.39093589295,24966.84313241726,6,Yuksek,39,0,0,0,1,Dusuk,Mobil_Bildirim
YKM02841,21,158,106549.11402841087,18608.046633236638,1,Yuksek,40,0,2,1,1,Yuksek,Eposta
YKM02842,36,35,64618.44090287133,24893.221763250713,5,Orta,30,0,3,1,1,Yuksek,Mobil_Bildirim
YKM02843,52,181,75414.09889751472,34137.29252257949,1,Orta,36,0,0,0,0,Yuksek,SMS
YKM02844,46,130,44121.76897515311,22250.27507505104,2,Orta,35,1,2,0,1,Orta,Eposta
YKM02845,52,145,60045.1970428249,37332.54674451419,4,Orta,28,1,6,1,0,Dusuk,Mobil_Bildirim
YKM02846,55,54,26814.36048630361,28676.75572018011,2,Orta,36,0,2,1,1,Yuksek,SMS
YKM02847,59,99,32891.66383653108,20848.469263036233,1,Dusuk,45,1,2,1,0,Orta,SMS
YKM02848,43,165,38340.83548943226,23724.115751213634,6,Yuksek,51,1,1,1,1,Orta,SMS
YKM02849,51,21,24564.908143119843,17265.787689352765,3,Orta,30,1,6,1,1,Yuksek,SMS
YKM02850,49,104,13351.884092607741,22018.408498016688,4,Orta,34,0,1,1,0,Dusuk,Eposta
YKM02851,64,164,34946.49311839133,15483.558827601715,2,Orta,31,0,1,0,1,Orta,SMS
YKM02852,32,77,78603.16575751723,20640.77655709266,3,Yuksek,33,0,0,1,0,Orta,Eposta
YKM02853,51,79,27044.827352580585,29655.60615348722,1,Orta,45,0,2,1,1,Orta,Eposta
YKM02854,23,81,24733.893047431062,20525.13088253922,4,Orta,41,0,2,1,1,Orta,Mobil_Bildirim
YKM02855,38,84,55264.40669949178,57099.77737091939,4,Dusuk,45,0,3,1,0,Dusuk,SMS
YKM02856,60,12,22938.545859079808,25022.527553123942,1,Dusuk,34,0,2,1,0,Yuksek,Mobil_Bildirim
YKM02857,43,162,53533.872101630055,35268.296816318514,5,Yuksek,51,0,5,0,1,Orta,SMS
YKM02858,60,127,42878.02911924735,18056.140986225953,2,Yuksek,28,0,0,1,0,Orta,SMS
YKM02859,57,104,39597.777547838625,57263.83970740978,2,Orta,40,0,2,1,0,Yuksek,Mobil_Bildirim
YKM02860,23,71,131642.90903285609,24696.871153912358,3,Yuksek,31,0,1,1,1,Orta,Mobil_Bildirim
YKM02861,47,57,44458.19444445208,12689.57543287444,5,Orta,33,0,1,1,1,Orta,SMS
YKM02862,68,121,46837.501145542825,22194.584289950126,2,Dusuk,30,0,4,1,1,Yuksek,Mobil_Bildirim
YKM02863,35,166,53680.36872672568,35352.48757583434,5,Dusuk,38,0,0,1,0,Yuksek,Mobil_Bildirim
YKM02864,40,1,22096.008236140366,25762.391262533634,2,Yuksek,36,0,0,1,0,Yuksek,Mobil_Bildirim
YKM02865,35,106,38949.33462773144,11659.672928942833,2,Orta,43,0,1,1,1,Dusuk,SMS
YKM02866,23,92,63627.503189706295,14037.949205953986,5,Orta,34,0,3,1,0,Orta,Mobil_Bildirim
YKM02867,34,98,26336.291270514423,24054.2107362992,1,Yuksek,52,0,0,1,1,Dusuk,Mobil_Bildirim
YKM02868,32,173,32648.164698102573,20338.011193774306,2,Orta,34,0,1,1,1,Orta,SMS
YKM02869,26,134,62064.07159896765,60022.97625064815,3,Orta,37,0,1,1,0,Yuksek,Mobil_Bildirim
YKM02870,63,153,29282.120958087977,38050.47204719958,2,Yuksek,43,1,1,1,1,Orta,SMS
YKM02871,55,52,32108.456956008435,38693.70912725339,2,Orta,32,0,1,1,1,Yuksek,Mobil_Bildirim
YKM02872,54,158,121523.9504517315,13278.141997572633,3,Yuksek,34,0,1,0,1,Orta,Mobil_Bildirim
YKM02873,33,151,13038.417192929637,46226.87204507553,3,Yuksek,43,0,4,1,1,Orta,Mobil_Bildirim
YKM02874,55,142,78678.18166614606,26041.67445697822,1,Orta,38,0,0,0,0,Dusuk,Mobil_Bildirim
YKM02875,58,83,25622.164599475313,20228.079944071098,2,Orta,41,1,2,1,0,Yuksek,SMS
YKM02876,31,1,18910.96660979708,17407.406343814528,4,Dusuk,32,1,2,1,1,Yuksek,Mobil_Bildirim
YKM02877,53,132,24763.8189386012,22745.381676293207,1,Orta,30,1,0,1,0,Yuksek,Mobil_Bildirim
YKM02878,38,158,31985.3054541057,15274.604484345782,4,Dusuk,52,1,0,0,1,Dusuk,Mobil_Bildirim
YKM02879,36,123,60259.46672979616,29392.66120750748,5,Yuksek,42,1,1,1,0,Yuksek,Eposta
YKM02880,66,87,24186.729909843594,33738.22311698045,4,Dusuk,45,0,2,1,1,Orta,Eposta
YKM02881,48,18,33368.55622231693,30807.641044407224,6,Dusuk,29,1,1,1,1,Orta,Eposta
YKM02882,49,10,66349.9876330597,10818.972870578751,1,Yuksek,32,0,0,1,0,Yuksek,SMS
YKM02883,65,71,27130.106281953125,36713.861640835516,1,Orta,18,0,1,1,1,Dusuk,Mobil_Bildirim
YKM02884,42,90,34913.7677311906,52551.50541075271,1,Orta,47,0,6,1,1,Yuksek,Mobil_Bildirim
YKM02885,65,36,114600.49777884572,20301.195042307634,2,Orta,33,0,3,0,0,Orta,SMS
YKM02886,62,9,69497.59499700062,14915.578852337774,5,Dusuk,25,0,1,1,0,Orta,SMS
YKM02887,63,66,89351.6209109654,17133.16467460624,3,Dusuk,45,0,2,1,1,Orta,SMS
YKM02888,40,90,55471.834463259,17726.081878214565,5,Dusuk,49,0,0,1,0,Yuksek,SMS
YKM02889,67,154,42462.818361278114,15217.759450590116,3,Dusuk,43,0,0,1,0,Orta,SMS
YKM02890,49,101,42225.31142464719,25426.62884748556,4,Yuksek,41,0,4,0,0,Yuksek,SMS
YKM02891,45,103,48774.678984255894,18280.10558497082,1,Yuksek,42,0,2,1,1,Orta,Mobil_Bildirim
YKM02892,63,131,44635.28711589206,24914.587773218966,6,Orta,37,0,0,1,1,Orta,Mobil_Bildirim
YKM02893,33,137,21144.812420737737,32463.076753055353,5,Dusuk,37,0,2,1,1,Yuksek,Eposta
YKM02894,28,77,30504.84959691548,43860.871451107305,2,Yuksek,36,0,2,1,1,Yuksek,SMS
YKM02895,67,167,75619.90288661429,27610.34491461039,2,Orta,36,0,2,1,1,Yuksek,Mobil_Bildirim
YKM02896,53,172,61395.99851425268,11584.249186209463,6,Dusuk,48,1,2,0,1,Yuksek,Mobil_Bildirim
YKM02897,58,101,36403.28248294366,56252.96519962548,1,Dusuk,49,0,1,0,1,Yuksek,Mobil_Bildirim
YKM02898,47,165,37630.46952938919,18955.3448334159,3,Orta,34,1,1,1,1,Dusuk,SMS
YKM02899,29,70,26295.71694386857,27675.821583658446,1,Orta,40,0,0,1,0,Yuksek,SMS
YKM02900,32,140,78930.16637519888,35172.10063721833,1,Orta,37,0,1,1,1,Yuksek,Mobil_Bildirim
YKM02901,25,44,30392.337875403085,27487.905826631035,4,Orta,47,0,2,1,1,Orta,Mobil_Bildirim
YKM02902,26,90,37184.35730212995,88654.25495500906,2,Yuksek,30,0,1,1,0,Dusuk,Mobil_Bildirim
YKM02903,38,161,49187.018059928196,13201.749263908863,4,Dusuk,45,0,1,1,0,Yuksek,Eposta
YKM02904,61,1,39121.50129425493,13678.482215382148,5,Orta,46,0,2,0,1,Orta,Mobil_Bildirim
YKM02905,53,177,69634.68992780487,17085.76784736648,5,Dusuk,33,1,1,1,1,Orta,Mobil_Bildirim
YKM02906,65,92,17026.60318188118,31222.557117735185,3,Orta,40,1,0,1,1,Dusuk,SMS
YKM02907,37,138,71251.87470556781,24841.68965349658,1,Yuksek,34,0,3,1,1,Orta,Eposta
YKM02908,54,94,40794.84232999218,23789.295318388755,3,Dusuk,33,1,1,1,0,Yuksek,Eposta
YKM02909,54,24,30191.448183068584,18730.989935621055,1,Yuksek,38,0,1,1,1,Orta,Mobil_Bildirim
YKM02910,45,158,34363.58154417587,20633.83716368097,1,Dusuk,34,0,1,0,1,Dusuk,SMS
YKM02911,65,106,40623.081761017114,36113.273097216224,6,Orta,37,0,4,0,1,Yuksek,Mobil_Bildirim
YKM02912,45,48,100907.25897615246,30452.675107492585,2,Yuksek,39,0,3,1,0,Orta,Mobil_Bildirim
YKM02913,63,115,41585.77376624309,29137.46628844752,3,Yuksek,33,1,1,0,1,Yuksek,Eposta
YKM02914,20,47,48634.536206831195,42585.887266395905,5,Orta,37,1,1,1,1,Orta,SMS
YKM02915,40,15,30067.006851015038,13033.57984363044,2,Orta,41,1,1,0,1,Yuksek,Mobil_Bildirim
YKM02916,52,111,60182.53173542545,18261.524777803603,4,Dusuk,32,0,0,1,1,Orta,Mobil_Bildirim
YKM02917,66,76,35357.97816334817,27501.61017499813,4,Yuksek,27,1,2,1,1,Yuksek,Mobil_Bildirim
YKM02918,56,29,93760.75094178878,42179.40676290939,5,Yuksek,39,0,0,1,0,Orta,SMS
YKM02919,19,9,68369.18796986442,21366.59437412011,2,Yuksek,37,0,0,1,1,Yuksek,Eposta
YKM02920,43,42,33120.70610401767,18534.999061078423,4,Dusuk,39,0,0,0,0,Orta,Mobil_Bildirim
YKM02921,62,98,109490.96166182982,61001.000363148036,6,Yuksek,22,1,1,1,0,Yuksek,Mobil_Bildirim
YKM02922,64,113,40644.20411010827,32718.862669976326,4,Yuksek,42,1,1,1,1,Yuksek,Mobil_Bildirim
YKM02923,45,169,77439.69043199922,32315.39826508068,3,Yuksek,46,0,0,1,0,Yuksek,Eposta
YKM02924,43,151,57284.27494786246,10772.787622039023,5,Orta,35,0,0,1,1,Yuksek,Mobil_Bildirim
YKM02925,56,4,32478.556345947498,45403.096914494534,3,Dusuk,37,0,2,1,1,Yuksek,Mobil_Bildirim
YKM02926,64,110,31769.38196975674,17498.948212522177,5,Yuksek,44,0,1,1,1,Yuksek,SMS
YKM02927,29,52,42313.75570103336,17296.500177262453,3,Yuksek,37,0,0,1,1,Yuksek,SMS
YKM02928,45,13,21767.301565519163,39861.43297551254,5,Yuksek,44,0,2,1,0,Yuksek,Mobil_Bildirim
YKM02929,25,95,97408.00290588458,19247.536991320598,1,Yuksek,34,1,2,1,1,Yuksek,Eposta
YKM02930,39,154,32421.462113001846,17369.700935699882,4,Dusuk,56,1,0,0,1,Dusuk,Mobil_Bildirim
YKM02931,58,60,158808.7985825854,33928.17561205519,2,Orta,52,0,0,0,1,Dusuk,SMS
YKM02932,63,94,27716.440127940088,44557.69652022991,1,Dusuk,36,0,1,1,1,Dusuk,Mobil_Bildirim
YKM02933,38,49,40257.711174909186,23377.971993901752,3,Orta,40,1,1,1,1,Orta,Mobil_Bildirim
YKM02934,36,42,58300.412106817515,24380.653572932268,4,Dusuk,43,0,1,1,1,Yuksek,Mobil_Bildirim
YKM02935,55,41,44047.00180710557,39141.39461171954,2,Yuksek,25,1,3,1,1,Orta,SMS
YKM02936,40,158,43142.422397096045,43015.4725377537,5,Dusuk,44,0,1,1,1,Yuksek,Mobil_Bildirim
YKM02937,44,4,82096.90266985745,12113.076386448778,6,Yuksek,45,0,3,1,1,Dusuk,SMS
YKM02938,50,104,75887.77831719277,65332.9660108313,4,Yuksek,33,0,0,1,1,Orta,Eposta
YKM02939,43,80,61215.91528469609,39960.069015138775,4,Dusuk,32,0,1,1,1,Orta,Eposta
YKM02940,33,103,133856.69936598686,53455.97418273099,2,Orta,34,0,2,1,0,Orta,Mobil_Bildirim
YKM02941,71,43,30043.594460312514,34990.53915926212,1,Orta,34,0,3,1,1,Orta,Eposta
YKM02942,65,18,68914.86398885406,30162.2229662355,3,Yuksek,29,0,0,1,0,Dusuk,Mobil_Bildirim
YKM02943,38,133,39618.10017667758,36165.19890795629,3,Orta,35,0,2,1,1,Orta,SMS
YKM02944,43,110,32902.43635381542,25649.83484004171,2,Yuksek,41,1,2,1,1,Orta,Mobil_Bildirim
YKM02945,69,23,65609.46039936208,36286.396098987345,6,Dusuk,39,0,1,1,1,Orta,Eposta
YKM02946,60,94,53553.20780537509,60870.213098358865,1,Yuksek,38,0,2,1,1,Yuksek,Eposta
YKM02947,60,111,24941.505126821416,30644.20902525989,5,Yuksek,34,0,3,1,1,Yuksek,Mobil_Bildirim
YKM02948,36,159,46676.694423755434,40379.50021358529,2,Yuksek,32,0,0,1,1,Yuksek,SMS
YKM02949,42,127,87488.29527272252,45196.1242255511,4,Yuksek,27,0,0,1,0,Dusuk,Mobil_Bildirim
YKM02950,71,165,139664.74253768128,15527.36075272842,5,Orta,38,0,2,1,1,Orta,Mobil_Bildirim
YKM02951,47,85,28470.468031842414,34229.514005714096,2,Orta,30,0,0,1,0,Orta,Eposta
YKM02952,28,119,32825.54331945589,27064.76393672323,2,Orta,31,0,2,1,1,Orta,Mobil_Bildirim
YKM02953,64,20,85282.32809029928,18928.05678091118,2,Orta,47,0,0,0,1,Yuksek,Mobil_Bildirim
YKM02954,27,180,32919.43342450078,18156.753476283982,1,Yuksek,36,0,2,1,0,Orta,Mobil_Bildirim
YKM02955,25,19,36843.75446078055,28477.624090944944,1,Yuksek,37,0,0,0,0,Dusuk,Mobil_Bildirim
YKM02956,26,91,31160.48184425102,52557.73913951162,4,Dusuk,36,0,0,1,1,Yuksek,Mobil_Bildirim
YKM02957,42,68,41247.7618476338,8229.708174045581,3,Dusuk,38,1,0,1,1,Yuksek,SMS
YKM02958,48,140,83527.69261464846,22183.776809471154,6,Orta,28,0,0,1,0,Yuksek,Mobil_Bildirim
YKM02959,37,64,60510.45260777665,18576.539523939326,6,Dusuk,31,0,3,1,0,Orta,SMS
YKM02960,46,158,52694.16545126912,17189.885918605203,5,Orta,39,0,2,1,1,Yuksek,Mobil_Bildirim
YKM02961,38,73,25508.257041863137,21742.24073444593,5,Orta,24,0,2,1,0,Yuksek,Eposta
YKM02962,22,27,74258.31889193217,29029.91146706603,6,Orta,30,0,1,1,0,Orta,Mobil_Bildirim
YKM02963,60,139,42146.78159520173,5285.073580741581,5,Dusuk,36,0,2,0,1,Orta,Mobil_Bildirim
YKM02964,39,127,93083.72877934265,13043.399558238812,2,Orta,47,0,0,1,0,Dusuk,Eposta
YKM02965,46,68,53875.127606141745,38006.81560540422,4,Yuksek,49,0,1,0,0,Orta,SMS
YKM02966,55,107,38974.613459670305,26093.230446757745,6,Yuksek,44,1,2,1,1,Yuksek,Mobil_Bildirim
YKM02967,71,138,31763.806055072495,19778.28639068192,4,Orta,26,0,3,1,1,Yuksek,Eposta
YKM02968,56,73,42731.03998125988,52001.23906513871,2,Orta,38,0,1,1,1,Orta,Mobil_Bildirim
YKM02969,43,40,35856.26825123989,21469.983974848234,6,Orta,34,0,1,1,0,Orta,SMS
YKM02970,49,56,35571.079862088474,50661.00666040457,4,Orta,46,0,3,1,1,Orta,SMS
YKM02971,43,106,34585.76956196787,17723.1193369691,6,Orta,43,0,1,1,1,Yuksek,Mobil_Bildirim
YKM02972,48,23,90342.93140967577,32099.571497840076,1,Orta,41,0,1,1,1,Dusuk,Mobil_Bildirim
YKM02973,66,161,69168.85596956623,17677.506310470715,2,Yuksek,31,1,1,1,1,Yuksek,SMS
YKM02974,63,152,36440.57207716053,18071.362169258893,2,Orta,28,0,1,0,1,Orta,SMS
YKM02975,63,71,36368.28773312385,89052.96017119708,1,Yuksek,25,0,2,0,1,Dusuk,SMS
YKM02976,67,122,28809.153586483557,13556.299266205515,4,Yuksek,35,0,0,1,1,Yuksek,Mobil_Bildirim
YKM02977,32,14,28348.93018498279,20645.835245541923,1,Orta,36,0,1,1,1,Yuksek,Eposta
YKM02978,51,95,91631.65931715659,14579.352065163148,3,Orta,49,0,2,1,1,Yuksek,SMS
YKM02979,68,153,63986.45871255629,17462.435933216526,4,Orta,36,0,0,1,1,Dusuk,Mobil_Bildirim
YKM02980,57,105,51470.18159239781,17175.183988676086,1,Yuksek,52,0,2,1,0,Yuksek,SMS
YKM02981,27,112,34505.049279497114,21849.18622871072,1,Yuksek,41,0,2,0,1,Orta,Mobil_Bildirim
YKM02982,57,168,65433.96747587154,18850.16015179454,2,Yuksek,32,0,1,1,1,Orta,Mobil_Bildirim
YKM02983,57,184,41420.86645897182,41696.808805907815,2,Orta,40,1,4,1,1,Orta,Mobil_Bildirim
YKM02984,34,162,30532.958318843837,22699.073664804382,6,Yuksek,39,1,0,1,1,Yuksek,Eposta
YKM02985,20,52,158230.13395937075,32107.1158265447,2,Orta,43,0,0,0,1,Dusuk,SMS
YKM02986,63,80,30949.536105012252,17227.39781024806,6,Orta,40,0,0,1,0,Yuksek,SMS
YKM02987,64,160,44915.63176687274,36548.90520554663,4,Dusuk,35,0,1,1,0,Orta,Mobil_Bildirim
YKM02988,28,159,50856.57515786788,23987.49375983222,1,Yuksek,30,0,2,1,1,Dusuk,Eposta
YKM02989,63,147,42502.19639352176,48534.9367202022,3,Dusuk,44,0,1,1,1,Dusuk,SMS
YKM02990,55,137,25007.605924529293,32550.649133793857,6,Yuksek,45,0,2,1,1,Orta,Eposta
YKM02991,39,37,47101.39597524186,34647.84425614004,5,Yuksek,35,0,0,1,1,Orta,Eposta
YKM02992,44,66,55777.10864166402,45231.21204196058,1,Orta,45,0,2,1,1,Yuksek,SMS
YKM02993,68,105,32035.0559388748,25677.316639155048,4,Yuksek,32,0,1,1,0,Orta,Mobil_Bildirim
YKM02994,51,24,71812.03853932643,47215.59592596112,4,Dusuk,47,0,3,1,0,Orta,SMS
YKM02995,49,129,48990.134181332134,27337.155308660673,2,Yuksek,30,0,0,1,1,Orta,SMS
YKM02996,45,129,54952.402215200964,22625.038791389172,2,Dusuk,34,0,1,1,0,Orta,Mobil_Bildirim
YKM02997,40,1,40626.37991213706,19239.883751619873,6,Yuksek,43,0,0,1,1,Orta,SMS
YKM02998,61,120,41883.9320188418,21777.532567979393,2,Orta,30,0,3,1,1,Yuksek,SMS
YKM02999,28,156,70267.97328836627,68539.23805992879,3,Orta,28,0,3,1,1,Orta,Eposta
YKM03000,31,29,33770.40926134659,23436.510697611568,6,Dusuk,35,1,0,1,1,Dusuk,Eposta
YKM03001,60,62,37815.785806536136,26217.70829337352,2,Yuksek,48,0,0,1,0,Yuksek,Mobil_Bildirim
YKM03002,38,141,31388.133556005552,28200.59618220874,5,Orta,21,1,1,1,1,Orta,SMS
YKM03003,31,67,72929.3090903493,24141.06695359949,3,Yuksek,52,0,0,0,0,Orta,Mobil_Bildirim
YKM03004,31,10,34441.702472570076,8902.930691527192,5,Yuksek,31,0,2,1,0,Yuksek,Mobil_Bildirim
YKM03005,45,109,48357.603663881935,17203.834670793545,5,Dusuk,45,0,2,0,0,Orta,Mobil_Bildirim
YKM03006,56,43,25202.24059977547,18468.65485950536,3,Dusuk,46,0,2,0,1,Yuksek,Mobil_Bildirim
YKM03007,43,137,42279.74311692143,46606.93671230428,6,Dusuk,42,0,1,1,0,Yuksek,SMS
YKM03008,55,34,35903.446335785084,8795.709494229837,6,Orta,41,0,0,1,1,Dusuk,Mobil_Bildirim
YKM03009,28,143,70446.69148679233,37173.66406023231,6,Yuksek,44,0,2,1,1,Yuksek,Eposta
YKM03010,44,173,76867.34482836247,43302.38588845642,4,Yuksek,40,0,1,1,1,Orta,SMS
YKM03011,52,161,30586.850681665455,20338.789127612465,2,Orta,35,1,2,1,0,Orta,Mobil_Bildirim
YKM03012,45,138,48437.7160343064,18239.363781512875,5,Orta,37,0,0,1,1,Yuksek,Mobil_Bildirim
YKM03013,49,56,87081.96037456515,44362.88464457164,2,Yuksek,32,0,1,1,1,Yuksek,SMS
YKM03014,33,99,53040.29029508143,66601.41971964602,2,Dusuk,37,0,0,0,1,Yuksek,SMS
YKM03015,33,19,132431.63390232378,23295.029081787907,2,Yuksek,34,0,1,0,1,Dusuk,Mobil_Bildirim
YKM03016,55,75,73234.06683412397,21555.655130868996,1,Yuksek,33,0,3,1,0,Orta,Mobil_Bildirim
YKM03017,61,63,25806.35969736413,52333.735664397405,1,Dusuk,42,0,3,1,0,Yuksek,Mobil_Bildirim
YKM03018,30,77,52979.38851216684,78254.99290730015,3,Dusuk,42,0,1,1,0,Yuksek,Eposta
YKM03019,67,59,113679.17800705605,48319.53764272015,4,Yuksek,30,0,3,1,1,Orta,Mobil_Bildirim
YKM03020,58,3,32645.402221657485,24408.78785243846,4,Dusuk,38,0,2,1,1,Orta,Mobil_Bildirim
YKM03021,25,52,37105.28844997549,49173.66078562367,4,Yuksek,46,0,3,0,1,Orta,Eposta
YKM03022,53,58,48548.71653161002,10784.445050595197,5,Orta,43,1,1,1,0,Orta,SMS
YKM03023,56,22,119442.9602506857,21679.693578148246,6,Orta,34,0,1,1,1,Dusuk,Mobil_Bildirim
YKM03024,54,89,35669.06746854947,30275.34003303864,4,Dusuk,46,1,1,1,1,Orta,SMS
YKM03025,23,76,46289.37809993281,38372.6483357714,5,Orta,21,0,1,1,1,Yuksek,SMS
YKM03026,35,58,18587.916273810763,19787.68826936113,1,Orta,27,0,2,1,0,Orta,Eposta
YKM03027,41,38,82866.5641067431,37227.650788269,3,Yuksek,50,1,4,1,1,Yuksek,SMS
YKM03028,53,169,85754.94716513352,22949.39162060762,2,Dusuk,41,0,0,1,1,Yuksek,Mobil_Bildirim
YKM03029,32,73,24545.214578016887,10616.190790339078,3,Yuksek,35,0,2,1,1,Yuksek,SMS
YKM03030,47,101,44591.20217065506,46383.63516954393,3,Orta,25,1,0,1,0,Orta,Mobil_Bildirim
YKM03031,30,117,35817.31546956806,21434.925831576147,2,Yuksek,38,0,3,1,1,Yuksek,Mobil_Bildirim
YKM03032,52,41,76056.4689983115,34919.81228025029,5,Orta,38,0,1,1,1,Orta,Mobil_Bildirim
YKM03033,24,140,101774.90259836482,25983.69240751554,1,Orta,43,0,2,1,1,Orta,SMS
YKM03034,25,79,40082.55282972567,25294.353348484052,1,Orta,30,1,1,1,1,Orta,SMS
YKM03035,71,116,48503.90420470976,12907.955793009272,3,Dusuk,43,0,0,1,1,Yuksek,Mobil_Bildirim
YKM03036,26,84,25821.435232830976,23516.880596141054,2,Dusuk,39,1,4,1,1,Orta,SMS
YKM03037,64,145,69069.79927325589,11805.09003399649,4,Orta,32,1,0,0,1,Yuksek,SMS
YKM03038,54,149,32569.37891846286,11864.056899368079,4,Dusuk,33,1,1,1,0,Orta,Mobil_Bildirim
YKM03039,30,39,30745.723165725612,11411.467283424814,6,Yuksek,43,1,2,1,0,Orta,Eposta
YKM03040,43,76,107809.48167904298,38576.508837220856,5,Dusuk,59,0,2,1,1,Yuksek,SMS
YKM03041,54,107,23466.436108150825,62035.296633456805,3,Orta,31,0,2,1,1,Orta,Mobil_Bildirim
YKM03042,63,88,36383.28858857452,87789.23012202086,1,Yuksek,25,0,2,0,1,Dusuk,SMS
YKM03043,35,173,50050.87857718037,38336.833308859015,4,Orta,37,1,1,1,1,Orta,Mobil_Bildirim
YKM03044,59,1,47432.27812519588,19225.225696067864,3,Dusuk,37,0,0,1,0,Yuksek,Mobil_Bildirim
YKM03045,61,43,35109.70246981497,16648.14009983799,4,Yuksek,30,0,2,1,1,Yuksek,Mobil_Bildirim
YKM03046,43,163,36859.30774482003,10696.392857724424,5,Orta,41,0,0,1,1,Orta,Mobil_Bildirim
YKM03047,63,131,137036.367445166,25740.35001768832,2,Dusuk,29,0,3,1,0,Yuksek,Mobil_Bildirim
YKM03048,39,143,26419.33561440443,13791.555367600573,5,Yuksek,30,0,2,1,1,Yuksek,Mobil_Bildirim
YKM03049,47,142,68947.5090434392,20295.100497113475,2,Yuksek,34,0,1,1,0,Yuksek,Eposta
YKM03050,27,155,46156.46942771106,45006.224139595724,2,Orta,31,1,1,0,0,Orta,Mobil_Bildirim
YKM03051,55,96,21676.55540059398,24711.585804001203,4,Orta,25,0,1,1,0,Dusuk,SMS
YKM03052,32,2,62002.99144599755,27846.38709652792,4,Yuksek,48,0,4,1,1,Dusuk,Mobil_Bildirim
YKM03053,49,75,46449.027330758276,17044.311427324923,5,Yuksek,37,0,1,1,1,Orta,Mobil_Bildirim
YKM03054,66,169,86863.22741386511,31366.45571772381,2,Orta,38,0,0,1,1,Dusuk,Eposta
YKM03055,46,26,43760.732737611776,23086.892053495274,5,Yuksek,49,0,3,1,1,Yuksek,Eposta
YKM03056,29,163,57538.13302004271,23225.19639097108,3,Dusuk,32,1,1,1,1,Yuksek,Mobil_Bildirim
YKM03057,66,154,31874.003844496146,19731.818962959467,2,Yuksek,38,0,1,1,0,Yuksek,Mobil_Bildirim
YKM03058,68,2,28250.045398164973,18649.142163937406,2,Yuksek,25,0,1,1,0,Yuksek,Mobil_Bildirim
YKM03059,23,129,72301.74732536639,18204.766548102612,1,Orta,33,1,1,1,1,Yuksek,SMS
YKM03060,68,128,22438.615681942792,38814.247650820755,6,Yuksek,32,0,1,1,0,Dusuk,Mobil_Bildirim
YKM03061,64,14,45718.94730355007,10608.723174975048,3,Yuksek,50,1,1,1,1,Yuksek,Eposta
YKM03062,47,18,34509.32149027562,6933.311642108188,2,Orta,38,0,1,1,1,Dusuk,Mobil_Bildirim
YKM03063,68,140,14187.567175371132,25131.752744309422,3,Orta,22,0,2,0,1,Orta,SMS
YKM03064,30,172,31808.206677768434,20494.539894871996,3,Yuksek,30,0,0,1,1,Dusuk,Eposta
YKM03065,46,103,28259.254512126212,29115.461787303553,6,Yuksek,41,0,1,0,0,Yuksek,Mobil_Bildirim
YKM03066,31,79,28302.39647055032,18947.86369949067,6,Orta,38,0,0,1,0,Yuksek,Mobil_Bildirim
YKM03067,26,126,43829.37235037377,41929.211329567115,3,Orta,35,0,2,1,0,Dusuk,Mobil_Bildirim
YKM03068,59,131,70655.54939719253,36298.9219067113,6,Orta,37,0,2,1,1,Orta,SMS
YKM03069,42,14,24642.770667319055,18876.20667965364,4,Orta,22,1,2,1,0,Yuksek,Mobil_Bildirim
YKM03070,55,176,35566.828071119315,53330.89148906208,5,Dusuk,30,0,1,1,1,Yuksek,SMS
YKM03071,28,135,86421.60953869787,33912.928317673104,3,Orta,40,1,0,1,0,Orta,SMS
YKM03072,42,21,27439.390348746623,10511.721572841307,6,Orta,40,0,1,1,1,Orta,SMS
YKM03073,61,51,44415.33962567477,41890.3800885411,4,Orta,42,1,4,1,0,Yuksek,SMS
YKM03074,44,34,50689.825853866074,23205.107336493384,6,Yuksek,25,0,1,1,1,Dusuk,SMS
YKM03075,24,18,47363.56742289094,21271.21233090382,1,Orta,41,1,3,0,1,Yuksek,Mobil_Bildirim
YKM03076,61,13,46128.49160301214,20806.011724566728,3,Orta,40,0,0,1,1,Yuksek,SMS
YKM03077,56,127,33367.52793459795,26746.266322429095,5,Orta,45,0,1,0,0,Yuksek,SMS
YKM03078,20,36,40136.584708961156,19189.35335642367,6,Yuksek,28,1,0,1,0,Yuksek,Mobil_Bildirim
YKM03079,35,9,13843.340519911586,33706.24493314525,1,Orta,30,0,2,1,1,Orta,Mobil_Bildirim
YKM03080,52,23,57580.1994932019,30187.94513984341,4,Orta,44,0,1,1,1,Orta,SMS
YKM03081,62,182,85711.32751890352,19579.55091370686,3,Orta,36,0,1,1,1,Yuksek,Eposta
YKM03082,34,69,73000.78834281626,39190.0253114817,6,Orta,31,0,0,1,0,Orta,Mobil_Bildirim
YKM03083,68,106,48765.19325602048,32926.43967472956,2,Yuksek,44,1,2,1,1,Dusuk,SMS
YKM03084,28,125,122783.78478697593,26496.33693473704,1,Yuksek,40,1,2,1,1,Yuksek,Mobil_Bildirim
YKM03085,33,12,94599.84429541157,40271.949807770936,1,Yuksek,39,0,0,1,0,Dusuk,Mobil_Bildirim
YKM03086,39,160,40149.86107927971,48492.71621794721,2,Yuksek,45,1,3,1,1,Orta,Mobil_Bildirim
YKM03087,63,31,61545.882346914485,33464.06003420391,6,Yuksek,39,0,0,1,0,Dusuk,SMS
YKM03088,65,106,59173.819510605055,12785.171869569449,6,Orta,29,0,2,1,1,Orta,Mobil_Bildirim
YKM03089,31,69,78522.35225742262,25191.101107482613,6,Orta,39,0,2,1,0,Yuksek,Mobil_Bildirim
YKM03090,62,88,59245.132881840786,51189.20857387277,6,Dusuk,29,0,2,1,0,Yuksek,SMS
YKM03091,68,94,17855.32635279921,45209.34514495754,4,Orta,32,0,1,1,0,Dusuk,Eposta
YKM03092,30,103,49062.232248640845,44042.84088442982,4,Orta,36,0,2,1,1,Dusuk,Mobil_Bildirim
YKM03093,48,88,78946.17165378324,12180.267905116736,5,Yuksek,41,0,2,1,1,Orta,Mobil_Bildirim
YKM03094,43,92,48759.09760515169,63896.99555636661,1,Dusuk,27,0,0,0,1,Yuksek,SMS
YKM03095,25,128,19688.533200409933,9716.061327091493,1,Yuksek,33,1,0,1,1,Dusuk,Mobil_Bildirim
YKM03096,21,38,69335.26052451236,33518.86250495269,2,Dusuk,34,0,3,1,1,Yuksek,Mobil_Bildirim
YKM03097,30,83,47274.08098683226,26831.894353711705,3,Yuksek,35,1,1,1,0,Yuksek,Mobil_Bildirim
YKM03098,42,24,49962.68403267911,27626.56429235061,3,Dusuk,30,0,0,1,0,Yuksek,Mobil_Bildirim
YKM03099,68,69,48361.423363874586,20613.036034746372,4,Orta,41,0,2,1,0,Yuksek,Mobil_Bildirim
YKM03100,35,81,44549.040323812245,35126.93166667058,4,Orta,34,0,4,1,1,Yuksek,SMS
YKM03101,46,153,49614.02351953135,11667.887627054863,5,Dusuk,43,0,0,1,0,Yuksek,SMS
YKM03102,20,128,37422.32258935635,33384.70621675211,4,Dusuk,33,0,0,0,1,Orta,SMS
YKM03103,49,30,27327.596565169824,16362.188708797572,4,Orta,44,0,2,1,1,Dusuk,SMS
YKM03104,67,134,43320.68423933724,16326.782464547487,4,Orta,41,0,0,0,1,Yuksek,Mobil_Bildirim
YKM03105,62,22,31189.89531566996,24785.090169707397,4,Yuksek,43,1,1,1,1,Yuksek,SMS
YKM03106,26,184,50467.71770624241,27083.035644544063,4,Yuksek,28,0,4,1,0,Dusuk,SMS
YKM03107,54,81,80745.78742678168,23681.133084517634,4,Orta,45,0,1,1,1,Orta,Mobil_Bildirim
YKM03108,41,15,20642.491018509347,17384.428732341163,1,Dusuk,33,1,0,1,1,Yuksek,Mobil_Bildirim
YKM03109,47,61,59731.72352423662,27799.172900701942,5,Orta,37,1,1,1,1,Orta,Mobil_Bildirim
YKM03110,55,63,70726.23446635761,12566.011633556445,3,Dusuk,47,0,6,0,0,Dusuk,Eposta
YKM03111,62,71,35240.613680917755,16764.235748187122,2,Orta,27,0,1,1,0,Yuksek,Mobil_Bildirim
YKM03112,33,167,64451.95710061389,31402.679455254238,6,Orta,55,0,4,1,1,Orta,Eposta
YKM03113,45,56,40947.92478640885,13185.82054231428,5,Yuksek,48,1,0,1,0,Dusuk,Eposta
YKM03114,59,52,72349.42822134373,27645.538739404594,6,Orta,39,0,0,1,0,Orta,Mobil_Bildirim
YKM03115,64,123,59491.9424520213,10960.07197505548,2,Yuksek,42,0,0,0,1,Yuksek,SMS
YKM03116,42,155,35280.736844958636,32569.31727445405,3,Orta,37,0,1,1,0,Orta,Eposta
YKM03117,34,113,62879.03996391557,15461.678931389404,1,Orta,38,0,1,1,1,Orta,Mobil_Bildirim
YKM03118,32,113,50371.65709007111,23024.91159591141,2,Orta,41,0,1,1,0,Dusuk,Mobil_Bildirim
YKM03119,34,79,61568.42348891038,32580.78149665323,3,Orta,42,0,2,1,1,Yuksek,Mobil_Bildirim
YKM03120,46,82,43926.86410695339,20844.76066099591,1,Orta,40,1,2,0,1,Yuksek,Mobil_Bildirim
YKM03121,51,60,120285.70920798423,44597.122531606285,6,Orta,41,1,1,0,1,Orta,Mobil_Bildirim
YKM03122,41,177,69231.16626663419,22389.287647329547,1,Yuksek,32,1,3,0,1,Yuksek,Mobil_Bildirim
YKM03123,60,118,45022.275052001656,40421.19978984965,1,Orta,34,0,4,1,1,Dusuk,Eposta
YKM03124,22,145,44041.62098358491,25325.14232045644,5,Dusuk,40,0,2,1,0,Yuksek,Mobil_Bildirim
YKM03125,62,76,53942.26625581291,34203.40082443114,5,Yuksek,30,0,2,0,1,Yuksek,Eposta
YKM03126,27,27,40470.16210249386,12009.718722470512,6,Orta,42,0,1,1,0,Orta,SMS
YKM03127,60,114,47984.84046003178,27442.869615044336,5,Yuksek,35,1,1,1,1,Yuksek,Mobil_Bildirim
YKM03128,67,149,37966.22307410235,105928.74314716247,5,Yuksek,28,0,2,1,1,Yuksek,Eposta
YKM03129,40,135,33966.03098249171,45355.47412133182,4,Dusuk,30,0,2,1,0,Yuksek,Mobil_Bildirim
YKM03130,29,92,43991.208462592855,22176.307822205094,3,Orta,39,0,2,1,1,Orta,SMS
YKM03131,30,38,40860.58953688931,25416.66923353715,5,Orta,40,0,0,1,1,Yuksek,Mobil_Bildirim
YKM03132,50,6,41248.282587337744,16618.939871157225,6,Yuksek,32,1,2,1,1,Yuksek,Eposta
YKM03133,62,105,18062.7484480797,32994.99701577945,4,Dusuk,38,1,1,1,0,Yuksek,Mobil_Bildirim
YKM03134,37,74,43974.88575944881,59427.73147544782,1,Orta,43,0,1,1,1,Dusuk,SMS
YKM03135,26,164,62235.70475873403,28825.433974162836,1,Orta,31,0,3,1,1,Orta,Mobil_Bildirim
YKM03136,38,88,105110.53546439492,21688.689792539026,4,Orta,31,1,1,1,0,Yuksek,SMS
YKM03137,24,63,36396.229725793186,22126.15723157633,4,Yuksek,34,0,1,1,0,Yuksek,Eposta
YKM03138,39,98,37746.9503350509,17623.622408172505,4,Yuksek,48,0,1,1,1,Orta,Mobil_Bildirim
YKM03139,63,126,85561.49125077292,20532.356408162308,2,Yuksek,37,0,0,1,0,Yuksek,Eposta
YKM03140,44,155,38717.70386397978,11685.503336911335,2,Yuksek,36,1,3,1,1,Dusuk,Mobil_Bildirim
YKM03141,24,171,74670.81507456572,34273.42410363387,5,Yuksek,17,1,2,1,0,Yuksek,Mobil_Bildirim
YKM03142,48,125,46533.43768038356,16629.982120503664,6,Orta,33,0,1,1,1,Yuksek,SMS
YKM03143,27,157,28959.314594482275,15892.362824221016,3,Dusuk,44,0,1,1,1,Orta,Mobil_Bildirim
YKM03144,38,28,40984.649795890175,21303.023033090543,4,Dusuk,37,0,0,1,1,Orta,Mobil_Bildirim
YKM03145,23,33,82022.72915892786,61198.305541186994,4,Orta,35,0,0,1,1,Yuksek,Mobil_Bildirim
YKM03146,57,178,51892.28492926523,74044.26770981868,4,Yuksek,43,0,1,1,1,Orta,Mobil_Bildirim
YKM03147,60,13,25018.594489480012,14191.679817381719,5,Orta,48,0,1,1,1,Dusuk,Eposta
YKM03148,49,140,71548.51927994048,7613.012062426735,4,Orta,39,0,2,1,0,Yuksek,SMS
YKM03149,44,125,106096.59715749841,18053.52882951493,1,Dusuk,34,0,0,0,0,Orta,Eposta
YKM03150,29,160,65281.03832227363,17700.45354080949,3,Yuksek,31,1,2,1,0,Yuksek,SMS
YKM03151,55,72,41748.832158074554,47884.40552530903,3,Yuksek,30,0,1,1,0,Dusuk,SMS
YKM03152,60,22,62974.343005963725,18479.991099726187,1,Yuksek,38,0,0,1,1,Dusuk,SMS
YKM03153,61,54,62987.84074934888,11533.665730413326,5,Yuksek,36,0,2,1,1,Orta,Eposta
YKM03154,44,107,42419.30983072834,26345.391561591518,2,Orta,37,0,1,1,0,Yuksek,Mobil_Bildirim
YKM03155,66,132,47218.81272192371,21551.067738555405,2,Dusuk,27,0,4,1,1,Yuksek,Mobil_Bildirim
YKM03156,63,40,34926.500390075074,30702.00435634326,3,Orta,37,1,2,1,1,Orta,SMS
YKM03157,43,47,56691.99077903237,31236.113209416588,2,Yuksek,38,0,1,1,1,Dusuk,Mobil_Bildirim
YKM03158,41,132,45813.50543911904,17999.757167993575,1,Orta,31,0,0,1,1,Yuksek,Eposta
YKM03159,20,20,46369.53623980085,13854.469329498823,2,Yuksek,43,1,0,1,1,Yuksek,Mobil_Bildirim
YKM03160,61,178,61268.511068286854,18631.924404501042,1,Yuksek,49,0,0,0,1,Dusuk,Mobil_Bildirim
YKM03161,55,139,40130.4376284353,32424.208587174875,5,Orta,33,0,0,1,1,Yuksek,Eposta
YKM03162,42,56,73363.51891811541,20041.82005015901,2,Orta,30,0,3,1,1,Yuksek,SMS
YKM03163,58,61,67683.04783921702,14399.317050454012,4,Yuksek,38,0,1,1,1,Yuksek,Mobil_Bildirim
YKM03164,41,134,108312.54850179917,42347.33315608651,1,Orta,30,1,2,1,1,Yuksek,SMS
YKM03165,21,138,105354.74861499807,18902.09438484058,6,Yuksek,37,0,1,1,1,Yuksek,Mobil_Bildirim
YKM03166,55,87,41977.41711616145,24465.03712567004,2,Orta,36,0,1,1,1,Yuksek,Eposta
YKM03167,29,174,44317.15361126951,28483.04048450061,3,Orta,46,0,2,1,1,Yuksek,Eposta
YKM03168,28,140,38929.21285087602,96373.6613064908,6,Yuksek,30,0,0,1,1,Orta,SMS
YKM03169,51,167,44881.78302093515,24584.996862771455,1,Yuksek,34,0,1,1,1,Yuksek,Mobil_Bildirim
YKM03170,54,153,73813.7080969322,32755.647223797834,2,Yuksek,40,0,0,1,1,Dusuk,Mobil_Bildirim
YKM03171,54,149,26569.73055020447,25757.663172429173,2,Yuksek,39,0,1,1,1,Yuksek,SMS
YKM03172,38,179,34754.59370465841,25350.731820832105,6,Dusuk,33,0,1,0,1,Yuksek,Mobil_Bildirim
YKM03173,37,172,32448.69593518253,30008.13863684463,1,Yuksek,32,1,0,1,0,Orta,SMS
YKM03174,40,41,36063.3519054869,16523.224154421376,6,Orta,37,0,0,1,0,Yuksek,SMS
YKM03175,33,96,55177.506281324386,14478.840355792772,2,Dusuk,32,0,0,1,1,Dusuk,SMS
YKM03176,37,40,39301.381350859774,18459.226304727148,6,Orta,39,0,0,1,0,Yuksek,SMS
YKM03177,46,121,29556.377199814546,36222.74613676651,2,Dusuk,41,0,1,0,1,Orta,Mobil_Bildirim
YKM03178,54,142,96274.87672351142,36069.30215029147,2,Yuksek,27,0,0,1,1,Orta,SMS
YKM03179,24,12,42151.96110874817,9188.654467181099,2,Yuksek,43,1,1,0,1,Dusuk,SMS
YKM03180,51,63,69197.10843932108,13593.794099173294,3,Yuksek,46,0,2,1,1,Orta,Mobil_Bildirim
YKM03181,26,9,77546.55689999323,28733.729859967676,1,Yuksek,31,0,0,0,1,Orta,Mobil_Bildirim
YKM03182,20,128,46239.98660464253,15539.497224769004,5,Yuksek,34,1,0,1,1,Yuksek,Mobil_Bildirim
YKM03183,23,117,10313.123951182812,12431.094523833033,3,Orta,34,0,2,1,0,Orta,Mobil_Bildirim
YKM03184,33,107,68946.50587823417,29571.182054312456,6,Yuksek,29,1,1,1,1,Orta,Mobil_Bildirim
YKM03185,45,128,30493.54269766638,21019.68356890169,5,Dusuk,36,0,0,1,1,Dusuk,SMS
YKM03186,32,130,51515.209821451775,11862.240280331851,5,Yuksek,28,0,2,1,0,Yuksek,Mobil_Bildirim
YKM03187,45,162,23471.640685940838,19436.04824024703,6,Dusuk,37,1,1,1,0,Yuksek,Mobil_Bildirim
YKM03188,46,142,29644.037632178417,19788.10334138956,3,Dusuk,40,0,1,1,1,Yuksek,Mobil_Bildirim
YKM03189,54,148,37014.209138127015,28800.84355050183,4,Yuksek,26,1,0,1,1,Yuksek,Mobil_Bildirim
YKM03190,54,86,21332.605988602176,24337.502464468456,6,Dusuk,33,0,3,1,1,Yuksek,Mobil_Bildirim
YKM03191,21,67,27877.986890102573,31683.615267228142,6,Dusuk,40,1,1,1,0,Dusuk,Mobil_Bildirim
YKM03192,20,56,31529.80139836616,26941.40020478954,2,Yuksek,39,0,0,1,1,Yuksek,SMS
YKM03193,67,71,27106.123554629303,19840.964195586606,6,Orta,35,0,4,1,1,Dusuk,Eposta
YKM03194,56,137,31694.526593124796,20845.949585766404,4,Dusuk,47,0,2,1,0,Dusuk,SMS
YKM03195,36,80,38591.199007062445,34458.84365650357,2,Orta,37,0,2,1,1,Dusuk,Eposta
YKM03196,30,45,19216.387289881175,52620.049891626135,2,Yuksek,40,0,3,1,1,Yuksek,SMS
YKM03197,36,93,52753.61661845952,16333.473352897001,6,Orta,38,0,1,1,1,Yuksek,Mobil_Bildirim
YKM03198,48,66,31163.17587498357,14801.0519934376,6,Orta,33,0,0,1,1,Orta,SMS
YKM03199,27,22,22414.42340103218,39389.632158571956,4,Yuksek,42,1,3,1,0,Orta,Eposta
YKM03200,34,86,31446.470239622802,13905.778154529266,2,Dusuk,37,1,4,1,0,Orta,Mobil_Bildirim
YKM03201,46,14,78427.40524951582,30806.623270209126,1,Yuksek,40,1,1,1,1,Yuksek,Eposta
YKM03202,64,79,69975.14059045438,23009.114448494718,5,Orta,24,0,1,1,0,Orta,Mobil_Bildirim
YKM03203,48,130,62547.92940525308,17532.09552365443,4,Yuksek,29,0,1,0,0,Dusuk,Mobil_Bildirim
YKM03204,59,122,45920.64199781988,32280.21580048171,4,Orta,33,1,3,1,0,Yuksek,Mobil_Bildirim
YKM03205,25,19,38696.01262372729,38690.42735357723,6,Yuksek,26,0,1,1,0,Yuksek,Mobil_Bildirim
YKM03206,59,17,63412.79796066798,44633.16352764127,3,Orta,34,0,2,1,0,Dusuk,SMS
YKM03207,25,181,60712.89182728231,20681.572783943335,4,Orta,47,1,3,1,1,Yuksek,Mobil_Bildirim
YKM03208,24,66,36101.408045552336,23235.981587329752,5,Orta,36,0,2,1,1,Dusuk,Mobil_Bildirim
YKM03209,62,137,45549.2528529739,38431.27523074821,3,Orta,40,0,3,1,1,Yuksek,SMS
YKM03210,24,1,36719.02237138505,62374.558003525344,2,Dusuk,44,0,1,0,0,Orta,SMS
YKM03211,57,115,38165.974805193284,19662.483016352926,4,Dusuk,37,0,0,0,0,Orta,Mobil_Bildirim
YKM03212,35,40,51670.86067111162,39555.240060916614,2,Orta,41,0,3,1,1,Yuksek,Mobil_Bildirim
YKM03213,56,84,30816.8292060508,26650.522415976586,2,Dusuk,37,1,0,0,1,Orta,SMS
YKM03214,23,124,46817.46439733726,30933.096734170664,2,Dusuk,34,0,3,1,1,Orta,Mobil_Bildirim
YKM03215,47,31,38547.31131490848,32353.625009208867,4,Orta,38,0,0,1,0,Yuksek,SMS
YKM03216,56,115,45186.72071474511,21862.304882051227,5,Orta,31,0,1,1,1,Yuksek,Mobil_Bildirim
YKM03217,46,139,23275.734560044242,21706.643402021567,2,Dusuk,45,1,1,1,1,Orta,Mobil_Bildirim
YKM03218,56,54,40735.550714820805,46217.731080804006,3,Orta,42,0,0,0,0,Yuksek,Mobil_Bildirim
YKM03219,54,107,57203.93550481832,16363.57121115019,3,Dusuk,35,0,2,1,0,Dusuk,SMS
YKM03220,56,1,43864.61421479238,39263.20066387669,1,Yuksek,24,0,3,0,0,Dusuk,SMS
YKM03221,65,1,30724.463842802168,30543.553343742813,6,Yuksek,39,0,1,1,1,Orta,Mobil_Bildirim
YKM03222,65,164,76479.68149135214,68606.04559875537,1,Yuksek,53,1,0,1,1,Yuksek,Eposta
YKM03223,21,64,42839.22211250457,71977.82650818925,4,Orta,39,0,3,0,1,Dusuk,Mobil_Bildirim
YKM03224,48,59,87163.9042967854,22856.1561803294,1,Yuksek,28,0,2,1,1,Orta,SMS
YKM03225,40,161,65261.63178009732,15147.764702573359,2,Orta,39,1,1,1,1,Orta,SMS
YKM03226,38,164,31718.410624459528,20648.25455846556,5,Yuksek,34,1,1,1,1,Orta,Eposta
YKM03227,24,11,46415.76478563089,20686.009437057728,5,Yuksek,36,1,0,1,0,Orta,SMS
YKM03228,24,151,75391.59287092982,40117.16340739439,2,Dusuk,35,0,2,1,1,Orta,Mobil_Bildirim
YKM03229,31,136,37048.572268846685,53365.79837378459,6,Orta,44,1,0,1,1,Orta,Mobil_Bildirim
YKM03230,22,138,50149.71610115053,33359.707941566994,2,Yuksek,38,1,1,1,1,Orta,Eposta
YKM03231,39,61,41165.448924499324,28685.889046587985,4,Orta,35,0,1,1,0,Orta,SMS
YKM03232,51,48,32553.135568788806,16277.293923770365,1,Yuksek,33,0,3,1,1,Dusuk,SMS
YKM03233,37,127,71523.09355565497,23258.942582766707,1,Yuksek,31,0,1,0,1,Orta,Mobil_Bildirim
YKM03234,30,115,27245.01315640608,7751.237701036132,2,Yuksek,39,0,1,1,0,Orta,Mobil_Bildirim
YKM03235,24,20,38543.57885603778,52794.95171561582,1,Yuksek,48,0,0,1,1,Yuksek,SMS
YKM03236,61,60,56793.16140000047,31693.221402440868,2,Yuksek,36,1,0,1,1,Yuksek,Eposta
YKM03237,27,115,43578.31153608661,20576.513489681787,5,Yuksek,35,0,3,1,1,Dusuk,Eposta
YKM03238,53,57,44646.518901633535,43456.000398633005,3,Yuksek,53,0,1,1,0,Orta,Mobil_Bildirim
YKM03239,55,103,31002.939755593845,23888.11502280559,5,Yuksek,26,1,1,1,1,Yuksek,Mobil_Bildirim
YKM03240,26,23,23510.872390174383,23787.848144332558,5,Dusuk,53,0,1,1,1,Yuksek,Mobil_Bildirim
YKM03241,50,124,50654.49247314132,15394.80860938276,4,Orta,42,0,3,1,0,Orta,Mobil_Bildirim
YKM03242,27,83,29689.442273820907,15987.85422953745,4,Dusuk,53,1,2,1,0,Yuksek,Mobil_Bildirim
YKM03243,51,88,41711.78499238922,11100.158590521807,6,Orta,46,1,1,1,0,Dusuk,Eposta
YKM03244,68,44,37319.90081293897,49703.44905974192,3,Orta,40,0,2,1,1,Yuksek,Eposta
YKM03245,67,158,15080.383764050275,25576.618912952017,4,Orta,43,1,0,1,0,Dusuk,Mobil_Bildirim
YKM03246,51,53,27699.745377700863,35579.003880145334,2,Yuksek,30,0,0,1,1,Yuksek,Mobil_Bildirim
YKM03247,52,53,56621.40915503589,25617.868547476955,2,Orta,35,1,4,1,1,Orta,Mobil_Bildirim
YKM03248,22,80,110781.00575884692,27018.32230882184,2,Orta,22,0,0,1,1,Yuksek,Mobil_Bildirim
YKM03249,41,32,77187.77549073641,17108.01658212312,2,Orta,32,0,0,1,1,Yuksek,Eposta
YKM03250,64,106,61692.41482598784,27268.283877368343,3,Dusuk,32,0,2,1,1,Orta,Eposta
YKM03251,59,90,53694.138508637145,25588.75288607909,5,Orta,50,0,1,0,1,Orta,SMS
YKM03252,36,42,41368.76442089082,23722.90915238734,3,Orta,41,1,1,1,1,Orta,Mobil_Bildirim
YKM03253,31,70,31140.77657269328,11333.440504984008,2,Orta,40,1,4,0,0,Orta,Mobil_Bildirim
YKM03254,24,147,70595.21059898268,34837.442772617345,6,Dusuk,39,0,1,1,0,Orta,Mobil_Bildirim
YKM03255,21,141,37713.756137942044,11431.606489814003,6,Orta,39,1,2,1,1,Orta,SMS
YKM03256,63,97,53083.058488224764,30333.608824864452,2,Dusuk,28,0,0,1,1,Yuksek,Mobil_Bildirim
YKM03257,53,37,106383.41085586156,28869.67398239054,4,Yuksek,23,1,2,1,1,Yuksek,Eposta
YKM03258,24,36,75935.4044326634,15004.160596862752,4,Orta,34,0,2,0,0,Orta,SMS
YKM03259,45,143,41613.97454084981,16684.54644375542,6,Orta,39,1,1,1,1,Yuksek,Mobil_Bildirim
YKM03260,53,111,44906.199385844135,11238.014154409293,1,Yuksek,42,0,0,0,1,Yuksek,Eposta
YKM03261,38,49,31157.43879630546,17320.818689753418,6,Yuksek,25,1,3,0,1,Orta,Mobil_Bildirim
YKM03262,56,125,52403.70719890016,18906.752072091476,2,Orta,40,0,0,0,0,Orta,Mobil_Bildirim
YKM03263,48,118,88687.28251048333,33400.21422080179,3,Orta,35,1,1,1,0,Dusuk,SMS
YKM03264,43,175,43709.68088544239,29286.253956960085,1,Dusuk,42,0,2,1,1,Dusuk,Eposta
YKM03265,46,169,28070.405673066885,19475.743418886796,1,Orta,33,1,0,1,1,Yuksek,Mobil_Bildirim
YKM03266,67,19,55618.72920538103,31021.640363834817,4,Yuksek,28,0,2,0,0,Yuksek,Eposta
YKM03267,36,46,69649.96424223649,12472.994340136762,5,Orta,25,0,0,1,1,Orta,Mobil_Bildirim
YKM03268,59,160,22772.23780422757,31507.588489019512,5,Orta,40,0,0,1,1,Yuksek,Mobil_Bildirim
YKM03269,54,58,39500.7170622493,45641.18716638408,3,Orta,45,0,0,0,0,Yuksek,Mobil_Bildirim
YKM03270,20,46,87208.405341439,8509.745780154994,6,Orta,29,0,2,1,0,Orta,Mobil_Bildirim
YKM03271,54,29,41517.921024258445,30533.46819803193,4,Yuksek,36,0,3,1,1,Orta,Mobil_Bildirim
YKM03272,55,94,64602.230556508446,56938.9453120358,5,Orta,41,0,0,1,0,Dusuk,Mobil_Bildirim
YKM03273,53,4,42226.725198727,26268.572028150866,2,Yuksek,30,0,2,1,0,Yuksek,Mobil_Bildirim
YKM03274,68,161,65784.24216735945,35106.31721209232,3,Orta,46,0,1,1,0,Yuksek,Mobil_Bildirim
YKM03275,57,52,51539.28243078439,22245.767680121968,3,Orta,32,1,0,1,1,Dusuk,SMS
YKM03276,63,78,92009.48092990107,19866.602515213224,3,Orta,23,0,0,1,1,Dusuk,Eposta
YKM03277,66,158,44950.67475607903,25023.24996292373,6,Dusuk,34,0,3,1,0,Yuksek,SMS
YKM03278,39,144,89651.48651862402,47399.638441137016,6,Orta,40,0,0,0,1,Orta,Mobil_Bildirim
YKM03279,66,46,42438.96746741803,10047.314271301164,4,Dusuk,46,0,2,0,1,Dusuk,Eposta
YKM03280,65,114,70922.79745456598,3867.7272623413755,1,Orta,40,0,2,1,1,Dusuk,SMS
YKM03281,27,68,131412.8763188076,22808.974552303058,3,Yuksek,28,0,1,1,1,Orta,Mobil_Bildirim
YKM03282,30,114,72906.96678757526,18928.36519004796,5,Yuksek,34,0,1,1,1,Dusuk,Mobil_Bildirim
YKM03283,26,157,35476.43970514594,10272.397536719141,1,Dusuk,24,0,1,1,0,Dusuk,SMS
YKM03284,50,40,15084.170608807015,70241.02566343051,4,Yuksek,38,0,0,1,0,Orta,SMS
YKM03285,63,164,30598.252418761876,89856.78414603544,4,Dusuk,46,1,3,1,1,Orta,Mobil_Bildirim
YKM03286,64,50,50837.41011711339,31980.581991698782,2,Yuksek,40,1,3,1,1,Orta,Mobil_Bildirim
YKM03287,43,35,42755.1511510303,33002.85386120298,4,Dusuk,52,1,2,1,0,Dusuk,Mobil_Bildirim
YKM03288,64,10,24940.587185755092,14319.392683669997,1,Yuksek,33,1,2,1,1,Orta,Eposta
YKM03289,63,122,57462.99696631753,10280.227448315942,2,Yuksek,41,0,0,0,1,Yuksek,SMS
YKM03290,36,182,73468.90524629268,35043.761470779646,4,Orta,43,0,0,0,0,Orta,SMS
YKM03291,62,73,86832.74340135878,38412.119609942594,5,Dusuk,36,0,1,1,1,Orta,Mobil_Bildirim
YKM03292,36,96,57044.329465339484,26016.192910076483,3,Dusuk,37,0,0,1,1,Orta,SMS
YKM03293,46,58,101568.39674928597,24807.318636662512,5,Dusuk,41,0,1,1,1,Orta,SMS
YKM03294,28,123,60302.126416550695,60938.60638515452,6,Yuksek,44,0,0,1,1,Orta,Mobil_Bildirim
YKM03295,43,20,37474.705797071,35445.40507103668,1,Orta,43,0,1,1,0,Dusuk,SMS
YKM03296,53,142,25471.915199295432,27221.30465373159,2,Yuksek,34,0,1,1,1,Yuksek,SMS
YKM03297,36,74,28329.540017662766,24451.459598303263,4,Yuksek,43,0,0,1,0,Orta,SMS
YKM03298,56,145,40292.60575019351,25467.76260733484,1,Dusuk,37,1,1,0,0,Orta,Eposta
YKM03299,40,131,29385.15514444646,38299.06885114116,5,Orta,40,0,1,1,1,Dusuk,Mobil_Bildirim
YKM03300,38,57,55677.40466250137,31221.495249322255,4,Yuksek,37,1,0,1,0,Orta,Eposta
YKM03301,28,149,55943.18918393248,8968.006082807186,2,Dusuk,42,0,5,1,1,Yuksek,Eposta
YKM03302,51,26,33917.581584625055,16635.479024748773,2,Yuksek,51,0,3,1,1,Orta,SMS
YKM03303,58,155,60281.15945152333,18855.021894566493,2,Yuksek,43,0,0,0,1,Orta,SMS
YKM03304,63,152,44862.322238364526,13360.095339620253,5,Orta,39,1,1,0,1,Yuksek,Eposta
YKM03305,73,160,27230.960673383353,22436.878930836843,4,Orta,34,0,2,1,1,Yuksek,Eposta
YKM03306,55,54,39509.337218457724,37850.73407080454,6,Dusuk,44,0,0,1,0,Yuksek,SMS
YKM03307,40,39,63755.54142193189,17802.263970696225,5,Orta,41,1,2,1,1,Orta,Mobil_Bildirim
YKM03308,23,33,34745.03717910599,69183.1527791218,4,Orta,54,1,1,1,1,Yuksek,Eposta
YKM03309,27,61,18022.274327811705,17913.25238420664,4,Orta,30,1,0,1,1,Yuksek,SMS
YKM03310,46,36,78867.55375891956,14247.335261819491,1,Yuksek,39,1,1,0,0,Yuksek,Mobil_Bildirim
YKM03311,31,69,121350.20875064605,12849.775349555219,4,Yuksek,42,0,2,1,0,Orta,SMS
YKM03312,52,36,48396.43947657562,24697.755197723272,6,Yuksek,33,0,2,0,0,Orta,Mobil_Bildirim
YKM03313,33,69,44526.38450620436,12782.393044600984,4,Orta,45,0,0,0,0,Orta,SMS
YKM03314,46,18,35162.49204206574,40726.41435180498,6,Yuksek,46,0,4,0,1,Yuksek,Mobil_Bildirim
YKM03315,43,130,111281.57704489146,17974.266579903346,1,Dusuk,39,0,0,0,0,Orta,Eposta
YKM03316,47,71,52363.26693687084,21497.341273429076,6,Orta,48,0,0,0,1,Yuksek,SMS
YKM03317,34,24,17195.707891117123,16809.828148232056,4,Yuksek,27,0,2,1,1,Orta,Mobil_Bildirim
YKM03318,26,95,31904.150478650456,29065.60041328715,4,Orta,32,0,1,1,1,Yuksek,Eposta
YKM03319,39,1,17839.249357249442,35047.41120177453,1,Orta,32,0,2,1,1,Orta,Mobil_Bildirim
YKM03320,49,141,23855.04667343328,31901.47594822612,3,Orta,46,0,0,1,1,Orta,Mobil_Bildirim
YKM03321,38,30,112210.79451234655,21613.180645058932,2,Yuksek,33,0,2,1,1,Orta,SMS
YKM03322,22,100,66024.40485133225,27992.58030674393,1,Orta,43,0,5,1,1,Orta,Mobil_Bildirim
YKM03323,38,12,88586.46829113536,16362.682820845319,2,Orta,32,1,3,1,0,Yuksek,Mobil_Bildirim
YKM03324,57,39,50335.97578179667,89354.1208936994,4,Orta,34,0,0,0,0,Dusuk,Eposta
YKM03325,43,179,39513.10476104569,11734.396540354624,2,Yuksek,37,0,2,1,0,Yuksek,SMS
YKM03326,37,91,108887.0004219816,26032.457389854968,4,Yuksek,47,1,2,0,0,Orta,Mobil_Bildirim
YKM03327,26,77,21103.587873583438,42963.904929664524,2,Yuksek,32,0,0,1,0,Orta,SMS
YKM03328,63,104,35213.377647198635,10941.904890831409,4,Orta,40,0,1,1,1,Yuksek,SMS
YKM03329,36,88,76410.12623560529,14241.208973772975,4,Yuksek,40,1,2,0,1,Yuksek,Mobil_Bildirim
YKM03330,26,23,28314.422814776575,28425.357736466303,4,Orta,34,0,1,1,1,Yuksek,Eposta
YKM03331,61,32,28562.23397469183,13333.056853959652,1,Yuksek,42,0,1,1,1,Dusuk,SMS
YKM03332,61,63,22264.407259149677,34356.0219161928,6,Yuksek,26,1,3,1,0,Yuksek,SMS
YKM03333,45,132,27662.953466084306,20807.80511046272,4,Orta,35,0,2,1,1,Yuksek,Eposta
YKM03334,37,145,58469.22502918152,37201.68892369499,1,Yuksek,37,0,2,1,1,Orta,Mobil_Bildirim
YKM03335,50,150,41768.39698208341,43373.2128755198,3,Dusuk,37,1,2,0,1,Orta,Mobil_Bildirim
YKM03336,39,1,132443.18860378227,16945.593285211304,6,Dusuk,32,0,5,1,1,Orta,SMS
YKM03337,39,136,34714.81967205588,12400.267708872492,3,Yuksek,31,1,3,1,0,Orta,Mobil_Bildirim
YKM03338,61,73,75581.59745153286,21216.250813715367,4,Dusuk,45,1,2,1,0,Orta,SMS
YKM03339,50,61,69636.72102490136,40054.64924177942,1,Orta,29,0,2,0,1,Dusuk,SMS
YKM03340,56,56,35298.796649305084,23171.74240636215,1,Yuksek,33,0,2,1,0,Dusuk,Eposta
YKM03341,62,157,47529.138003693326,39852.36233821686,1,Yuksek,45,0,0,1,0,Yuksek,Eposta
YKM03342,53,102,35645.685854732954,28489.858791164625,5,Yuksek,35,1,1,1,1,Yuksek,SMS
YKM03343,70,178,15436.674466314438,22505.794829468927,5,Orta,35,1,1,1,0,Yuksek,Eposta
YKM03344,24,1,68385.54546863127,34183.536750699735,3,Yuksek,33,1,2,1,1,Orta,SMS
YKM03345,59,83,55369.420621966936,70678.49733580927,2,Orta,34,1,2,1,0,Orta,Eposta
YKM03346,62,30,21953.527250678002,29741.915627507322,1,Dusuk,43,0,2,1,0,Yuksek,Mobil_Bildirim
YKM03347,60,9,42625.23892059298,24951.766655517014,3,Dusuk,29,0,2,1,1,Orta,Eposta
YKM03348,30,60,53066.82605766199,20855.0849512753,2,Dusuk,37,0,2,0,0,Yuksek,Mobil_Bildirim
YKM03349,50,84,34587.236341605545,23515.049828110485,6,Yuksek,45,1,1,1,0,Orta,Eposta
YKM03350,64,37,27978.427212334398,9203.29977743269,2,Dusuk,42,1,3,1,1,Yuksek,Eposta
YKM03351,48,31,67076.62366003287,20295.35734902755,5,Yuksek,29,1,0,1,1,Orta,SMS
YKM03352,70,49,29772.824258824734,19577.005516853438,4,Yuksek,40,0,2,1,0,Orta,SMS
YKM03353,46,155,47758.09664383602,61969.03077389955,5,Orta,37,0,1,0,1,Yuksek,Mobil_Bildirim
YKM03354,28,108,36202.370361525,14958.355969307479,2,Orta,28,1,2,1,1,Dusuk,SMS
YKM03355,38,90,41648.67097760913,23843.20626170598,6,Dusuk,30,0,0,1,1,Dusuk,Eposta
YKM03356,35,70,17613.729664514554,19426.227992575787,4,Yuksek,38,1,3,1,1,Orta,SMS
YKM03357,42,99,87874.40806619792,34637.260645746224,4,Orta,39,0,4,0,1,Orta,Eposta
YKM03358,63,108,84492.20435559505,18672.760868928235,1,Yuksek,43,0,1,0,1,Orta,SMS
YKM03359,43,110,78234.88744172534,16125.069478129726,6,Orta,40,0,1,1,1,Yuksek,Mobil_Bildirim
YKM03360,58,161,57319.21211528512,31676.100305686046,1,Yuksek,35,0,0,1,1,Dusuk,SMS
YKM03361,52,170,47793.01548358036,54360.34083119436,4,Yuksek,35,0,3,1,1,Dusuk,Eposta
YKM03362,18,1,36387.5747670017,25663.66816927802,4,Dusuk,41,0,0,1,0,Dusuk,SMS
YKM03363,68,13,110723.29891654162,28206.546447781206,4,Dusuk,50,0,1,0,1,Yuksek,Mobil_Bildirim
YKM03364,34,120,56122.159440529176,24294.615110408406,4,Yuksek,43,1,0,1,1,Orta,Mobil_Bildirim
YKM03365,70,169,25962.648513340322,17402.96904325071,4,Orta,29,0,0,1,1,Yuksek,SMS
YKM03366,27,127,51877.984553362425,24304.28457212084,1,Dusuk,42,0,3,1,1,Yuksek,Mobil_Bildirim
YKM03367,31,49,78263.71268507403,42821.72787218731,4,Yuksek,42,0,0,0,1,Orta,Mobil_Bildirim
YKM03368,50,100,100722.8832788783,12237.748825276401,2,Dusuk,23,0,1,1,1,Yuksek,Mobil_Bildirim
YKM03369,39,19,33149.76497373837,12459.131669376267,2,Orta,45,1,1,0,1,Yuksek,Mobil_Bildirim
YKM03370,69,155,33593.27739458128,12714.786637130941,3,Orta,45,1,3,1,0,Yuksek,Eposta
YKM03371,64,10,77122.8855363866,16670.61370214614,3,Orta,43,0,4,1,0,Orta,Mobil_Bildirim
YKM03372,49,138,20731.893972451668,36954.370496513184,1,Yuksek,39,0,0,1,1,Yuksek,Mobil_Bildirim
YKM03373,48,85,20400.687451199363,26466.729747501708,6,Yuksek,32,1,0,0,0,Yuksek,Mobil_Bildirim
YKM03374,31,53,71821.06416308325,36748.529771402864,1,Orta,46,0,0,1,1,Orta,SMS
YKM03375,54,178,91726.71163361058,22871.851148712107,4,Yuksek,45,0,4,1,1,Orta,Eposta
YKM03376,45,12,32458.251487682795,52057.80235781052,2,Yuksek,41,1,2,0,1,Orta,SMS
YKM03377,23,176,53311.85077270544,24917.223497013816,1,Yuksek,48,0,3,1,1,Orta,Mobil_Bildirim
YKM03378,61,120,40264.88717438793,38576.63978390557,4,Yuksek,28,0,0,1,1,Orta,SMS
YKM03379,45,69,121063.08706765315,97220.12198023494,1,Orta,40,0,0,1,1,Yuksek,Eposta
YKM03380,28,80,71578.35838786843,23799.002847381173,2,Dusuk,45,0,4,1,1,Orta,Mobil_Bildirim
YKM03381,45,113,37603.5846341794,24797.864425368567,3,Yuksek,39,0,1,1,0,Yuksek,SMS
YKM03382,69,10,54864.97835884071,16714.415630004445,4,Orta,35,1,0,1,0,Orta,SMS
YKM03383,63,145,105710.69637950913,31240.56069937566,3,Dusuk,28,0,2,0,0,Dusuk,Mobil_Bildirim
YKM03384,45,152,51155.250648266854,47094.430089262394,1,Yuksek,32,1,1,1,0,Dusuk,SMS
YKM03385,63,94,42790.71614357769,10159.143529402787,3,Orta,28,0,2,0,1,Orta,SMS
YKM03386,45,150,24554.588128959484,8350.66517116854,4,Dusuk,44,0,0,0,1,Yuksek,Mobil_Bildirim
YKM03387,48,104,48031.0143594862,8583.316032556508,4,Orta,35,1,0,1,1,Orta,Mobil_Bildirim
YKM03388,54,31,52234.79505419334,16660.966665349166,6,Orta,39,1,1,0,1,Orta,Mobil_Bildirim
YKM03389,31,127,52253.243583200914,52128.244502956164,3,Dusuk,40,0,1,1,0,Dusuk,SMS
YKM03390,41,126,53072.04001416932,26859.897348025366,6,Yuksek,42,1,2,0,0,Dusuk,Eposta
YKM03391,21,114,62270.769233824496,17219.220241494182,1,Yuksek,39,0,3,1,1,Dusuk,Eposta
YKM03392,32,69,51486.06515027553,31939.60605356298,1,Orta,37,1,0,1,0,Orta,Eposta
YKM03393,21,71,51565.70400490613,58619.861354727705,5,Yuksek,43,0,2,0,1,Orta,Mobil_Bildirim
YKM03394,24,40,35633.312505480215,37727.088799518664,2,Dusuk,37,0,0,1,0,Yuksek,Mobil_Bildirim
YKM03395,31,47,49254.99565185571,40222.12439521988,3,Orta,38,0,1,1,0,Yuksek,Mobil_Bildirim
YKM03396,32,35,48205.63042300225,22324.79010299201,4,Orta,46,1,3,1,0,Yuksek,Eposta
YKM03397,55,154,34232.409289113464,10273.077884494429,4,Yuksek,29,1,2,1,0,Orta,Mobil_Bildirim
YKM03398,46,116,26025.412905139026,20078.978903903637,2,Orta,40,0,1,0,1,Orta,Eposta
YKM03399,66,93,32476.666247151603,16246.39122725909,6,Dusuk,43,0,2,1,1,Orta,SMS
YKM03400,21,165,54666.19902943134,28879.26895512403,1,Yuksek,43,0,3,1,1,Orta,Mobil_Bildirim
YKM03401,61,2,43670.00307076326,29933.812190672594,5,Orta,37,0,2,1,0,Orta,Mobil_Bildirim
YKM03402,61,72,49967.926206040574,55689.87261086897,3,Yuksek,36,1,4,1,0,Yuksek,SMS
YKM03403,57,106,29715.37296533816,20142.85019346321,6,Yuksek,35,0,1,1,1,Orta,Mobil_Bildirim
YKM03404,56,143,12765.027811820062,13534.436165048379,3,Yuksek,39,1,3,1,1,Yuksek,SMS
YKM03405,20,94,52778.99469280752,23744.21043049457,6,Yuksek,38,0,0,1,0,Dusuk,Mobil_Bildirim
YKM03406,28,163,28055.265657950218,21664.983703487025,6,Orta,35,0,2,1,1,Orta,Mobil_Bildirim
YKM03407,39,42,70098.25327718272,38937.79255930948,1,Orta,37,1,2,1,0,Yuksek,SMS
YKM03408,54,93,136820.24058960238,20736.360365489716,5,Orta,33,0,0,1,0,Orta,Eposta
YKM03409,35,112,46201.107840294964,18435.73527592607,3,Yuksek,40,0,2,1,1,Dusuk,Mobil_Bildirim
YKM03410,23,82,33079.24047164587,20451.61930834956,6,Dusuk,39,0,0,1,1,Yuksek,Mobil_Bildirim
YKM03411,50,56,61237.783130444746,16155.094450584562,5,Dusuk,34,1,4,1,1,Yuksek,Eposta
YKM03412,28,37,25841.47324641511,31741.158130936532,4,Yuksek,38,1,0,0,1,Orta,SMS
YKM03413,50,71,97092.15052640044,22328.599776590527,4,Dusuk,32,0,0,1,1,Dusuk,SMS
YKM03414,31,72,67608.43560516939,18433.29666650049,2,Orta,41,0,0,1,0,Yuksek,Mobil_Bildirim
YKM03415,33,118,57873.27329561123,22472.778314157295,4,Yuksek,34,1,0,1,1,Orta,Mobil_Bildirim
YKM03416,40,119,41287.44035975947,50329.36699453251,5,Dusuk,32,1,2,1,0,Orta,Mobil_Bildirim
YKM03417,40,29,30584.509754911844,26267.7766507452,5,Orta,31,0,0,1,1,Yuksek,SMS
YKM03418,25,174,61173.094697661916,22528.81620411387,4,Orta,49,1,3,1,1,Yuksek,Mobil_Bildirim
YKM03419,48,111,42322.457105364854,11977.301471408358,2,Orta,28,0,1,1,0,Yuksek,Eposta
YKM03420,63,145,22425.974540570835,34285.241448521156,6,Orta,42,0,1,1,1,Orta,SMS
YKM03421,33,52,32978.60358487839,20905.26196606364,5,Yuksek,31,0,1,1,1,Yuksek,Eposta
YKM03422,30,150,19492.928869700754,26087.10271806231,5,Orta,28,0,1,0,0,Dusuk,SMS
YKM03423,45,85,36262.7482221135,22633.9783035995,6,Orta,34,0,1,1,1,Yuksek,SMS
YKM03424,20,160,60010.40461754142,15864.41932166045,5,Orta,37,1,2,1,0,Dusuk,SMS
YKM03425,69,80,24840.894979049044,14862.383892860087,2,Dusuk,41,1,0,1,1,Yuksek,Mobil_Bildirim
YKM03426,42,133,28189.968020918313,40934.78157320903,1,Yuksek,45,0,3,0,1,Yuksek,Mobil_Bildirim
YKM03427,55,136,27464.677771330094,31799.771797176723,6,Orta,44,0,2,1,0,Dusuk,Mobil_Bildirim
YKM03428,32,70,31575.151335492686,30380.92299917291,5,Dusuk,26,0,1,1,0,Orta,Eposta
YKM03429,41,16,37319.083017821,19144.242011176746,1,Dusuk,30,0,0,1,0,Yuksek,Mobil_Bildirim
YKM03430,31,75,30886.584463516792,28278.507786795617,1,Orta,42,0,0,1,0,Yuksek,SMS
YKM03431,28,142,38708.45056705022,28972.344883285947,4,Yuksek,35,0,0,1,1,Dusuk,Mobil_Bildirim
YKM03432,50,150,16891.30027884755,36991.22856994787,4,Orta,17,0,2,1,0,Yuksek,Mobil_Bildirim
YKM03433,24,56,39423.20950534944,14479.794675267036,3,Yuksek,44,0,3,1,1,Yuksek,Mobil_Bildirim
YKM03434,48,13,23734.511789341836,24896.22180114649,6,Yuksek,42,0,2,0,1,Yuksek,Mobil_Bildirim
YKM03435,39,21,63425.55884659324,14883.840948804316,3,Yuksek,39,1,1,1,0,Yuksek,Eposta
YKM03436,28,154,64392.117801456276,25985.421972835793,1,Yuksek,34,0,2,1,1,Yuksek,Mobil_Bildirim
YKM03437,45,134,26964.84472818804,31243.526638763793,3,Orta,42,0,1,1,0,Yuksek,SMS
YKM03438,25,137,21186.832234600803,28613.00719186084,1,Orta,38,1,3,1,1,Yuksek,SMS
YKM03439,29,162,33497.69051775936,40118.26357387465,5,Yuksek,34,0,2,0,1,Orta,Mobil_Bildirim
YKM03440,60,61,56888.21598900335,18391.021889939846,5,Yuksek,34,1,3,1,1,Yuksek,SMS
YKM03441,45,41,70985.85284861123,13869.957866780409,6,Orta,51,0,0,1,1,Orta,SMS
YKM03442,60,23,37367.80244213569,11908.670090719652,4,Orta,49,0,2,1,1,Orta,Mobil_Bildirim
YKM03443,32,30,28278.833490828358,12996.449604305863,4,Orta,45,0,0,1,1,Orta,Mobil_Bildirim
YKM03444,60,26,40905.653749309284,25738.487135917367,5,Yuksek,44,0,2,0,1,Dusuk,Mobil_Bildirim
YKM03445,60,171,43533.23924870145,27582.538953624437,1,Orta,35,0,3,1,1,Dusuk,SMS
YKM03446,31,68,50040.876392883656,44335.234886784456,4,Dusuk,39,0,0,0,1,Dusuk,SMS
YKM03447,61,19,115885.42415100712,17848.643231293085,6,Dusuk,46,0,1,1,0,Dusuk,Mobil_Bildirim
YKM03448,65,151,52911.71024940906,15064.668073035278,2,Orta,33,0,0,1,0,Orta,Mobil_Bildirim
YKM03449,35,161,57100.78075547381,26856.244310630813,4,Dusuk,57,0,2,0,1,Orta,Mobil_Bildirim
YKM03450,41,69,84614.08928269116,17772.07936521473,3,Yuksek,47,1,0,0,1,Dusuk,Eposta
YKM03451,20,17,34093.958137228496,17504.600924149687,6,Yuksek,43,0,2,0,1,Orta,SMS
YKM03452,50,82,81550.3503798179,25792.400985211996,2,Orta,29,0,2,1,0,Yuksek,SMS
YKM03453,50,97,33044.02949794379,43474.81969017006,3,Yuksek,45,0,1,1,1,Orta,SMS
YKM03454,69,89,68150.49033928021,12355.901002235734,2,Yuksek,32,0,2,1,1,Orta,Mobil_Bildirim
YKM03455,29,28,55700.8743092236,53899.60894276705,2,Orta,38,0,1,1,1,Orta,Mobil_Bildirim
YKM03456,48,129,34462.35711630613,61259.67955783347,4,Dusuk,42,0,3,0,0,Orta,Mobil_Bildirim
YKM03457,45,142,59927.988812846255,22672.497924098247,3,Orta,32,1,0,0,0,Dusuk,SMS
YKM03458,49,129,56527.86675822873,24094.03402977078,5,Orta,27,0,1,1,1,Yuksek,SMS
YKM03459,56,177,39417.67919114757,43850.32171756898,4,Yuksek,43,0,3,0,1,Orta,SMS
YKM03460,30,121,40803.12410113876,24747.75978220279,4,Yuksek,27,0,1,1,1,Orta,SMS
YKM03461,37,29,77149.33501375753,9635.986521344508,4,Orta,40,0,4,1,1,Orta,Mobil_Bildirim
YKM03462,37,158,15421.391353383695,23800.46752460991,1,Yuksek,56,0,1,1,0,Orta,Eposta
YKM03463,55,109,45314.83009170046,52817.64114055603,1,Orta,47,0,0,1,1,Orta,Eposta
YKM03464,28,124,82714.9009888796,30778.338620950293,4,Yuksek,52,0,2,1,1,Yuksek,Eposta
YKM03465,41,85,23676.74918583184,33064.31071638182,5,Orta,41,1,2,1,1,Orta,Mobil_Bildirim
YKM03466,43,13,52588.41089601229,46938.77725592067,2,Orta,40,1,1,1,1,Dusuk,Mobil_Bildirim
YKM03467,54,20,115043.82212450936,14933.041669049979,2,Yuksek,41,0,1,0,1,Orta,SMS
YKM03468,48,111,46610.811856439424,42766.99488878225,5,Yuksek,39,0,1,1,1,Dusuk,SMS
YKM03469,41,55,74402.16431678897,36633.34127055592,6,Orta,44,1,1,1,0,Orta,SMS
YKM03470,41,1,71769.60071658336,42938.83237705291,5,Orta,33,1,0,1,0,Orta,Eposta
YKM03471,34,78,67906.26533920845,20127.304693812363,3,Yuksek,23,0,2,0,0,Orta,Mobil_Bildirim
YKM03472,46,90,55861.85928479546,21551.40244457972,3,Yuksek,34,0,2,1,0,Dusuk,Mobil_Bildirim
YKM03473,50,120,87197.45832328207,34633.915745017155,3,Orta,38,1,1,1,0,Dusuk,SMS
YKM03474,32,128,36966.30603315272,25191.539088994545,3,Orta,42,0,1,1,1,Orta,Mobil_Bildirim
YKM03475,36,178,75050.25303732204,24479.19770691815,3,Orta,30,0,1,1,1,Yuksek,Mobil_Bildirim
YKM03476,68,91,60054.874562338715,41950.35888527026,3,Orta,46,0,2,1,0,Orta,Mobil_Bildirim
YKM03477,43,142,37619.044648780684,20336.48652656461,1,Yuksek,22,0,2,1,1,Yuksek,Mobil_Bildirim
YKM03478,57,136,63505.7162193317,13673.603496819642,5,Orta,57,0,0,1,0,Yuksek,Mobil_Bildirim
YKM03479,51,121,29761.76263352055,21354.347221960805,5,Orta,36,0,3,0,1,Yuksek,Mobil_Bildirim
YKM03480,42,54,41178.18531932613,29862.57758262424,5,Orta,37,0,1,0,1,Orta,SMS
YKM03481,50,43,35030.419238482806,22651.127527254917,6,Yuksek,42,0,0,1,1,Yuksek,Eposta
YKM03482,62,94,50429.759948950494,25142.796312600312,4,Orta,50,0,3,0,1,Dusuk,Mobil_Bildirim
YKM03483,34,180,12672.030740289072,18451.420995483735,5,Yuksek,41,1,1,1,0,Dusuk,Mobil_Bildirim
YKM03484,44,174,43296.08821140881,8217.775354044423,2,Yuksek,37,0,2,1,0,Yuksek,SMS
YKM03485,43,173,74359.35210153661,19996.92946773522,3,Dusuk,33,0,1,1,1,Dusuk,Mobil_Bildirim
YKM03486,63,26,31346.263052147428,29146.185386578418,5,Orta,26,1,0,1,0,Yuksek,SMS
YKM03487,35,37,38465.722621599394,24726.162316482816,1,Orta,37,0,0,0,0,Yuksek,Mobil_Bildirim
YKM03488,32,122,50785.871637069795,45139.930470366286,3,Orta,34,1,3,1,0,Orta,SMS
YKM03489,58,9,46978.58738014914,24870.77143010781,3,Orta,36,0,1,1,1,Orta,Eposta
YKM03490,58,132,46327.86928480127,36929.53168910984,3,Orta,52,1,0,1,0,Orta,SMS
YKM03491,43,56,29649.277908136442,22062.689731388404,3,Dusuk,37,1,0,1,1,Orta,Mobil_Bildirim
YKM03492,45,138,57358.64951603748,12737.450313462821,6,Orta,28,0,1,1,0,Orta,Mobil_Bildirim
YKM03493,31,55,60733.03445033686,25134.819313166427,2,Dusuk,39,0,1,1,1,Yuksek,Mobil_Bildirim
YKM03494,37,30,27522.562706239994,69394.68144517195,2,Yuksek,34,0,0,1,1,Yuksek,SMS
YKM03495,46,15,45413.61350702453,14421.85649993032,4,Yuksek,47,1,0,1,1,Yuksek,SMS
YKM03496,49,95,33911.870230639564,21648.534974573093,5,Yuksek,40,1,0,1,0,Orta,SMS
YKM03497,51,139,33593.527888020006,48633.08464514706,6,Yuksek,39,1,2,1,1,Dusuk,Eposta
YKM03498,46,68,75510.98105881021,37572.719517862606,5,Yuksek,54,1,1,1,1,Orta,Eposta
YKM03499,31,145,43430.01686372752,35978.55816511517,4,Yuksek,33,1,1,0,0,Yuksek,Eposta
YKM03500,31,60,65824.46912524906,22131.955417788387,4,Orta,41,0,0,1,0,Orta,SMS
YKM03501,37,157,50402.471733173974,21366.530441990228,6,Dusuk,30,1,1,1,0,Yuksek,SMS
YKM03502,32,118,44462.964057862286,10961.267274568048,2,Orta,38,1,1,1,1,Orta,Eposta
YKM03503,40,143,49740.96432445834,16788.458209059387,5,Yuksek,58,0,2,0,1,Dusuk,Mobil_Bildirim
YKM03504,30,27,31533.996126860933,23193.693599942766,6,Dusuk,35,1,0,1,1,Dusuk,Eposta
YKM03505,42,20,30219.503995472016,16115.591263203529,2,Orta,36,0,2,1,1,Orta,SMS
YKM03506,60,128,29488.429080902373,19992.24312161321,3,Yuksek,46,0,3,1,0,Orta,Mobil_Bildirim
YKM03507,21,56,55315.176785530006,39021.17688820207,6,Orta,40,1,2,1,1,Orta,Eposta
YKM03508,56,91,51353.3273855528,47713.92325084041,5,Dusuk,39,1,1,1,0,Yuksek,Mobil_Bildirim
YKM03509,56,61,103363.35925990983,16931.858483174678,6,Orta,51,0,1,1,0,Orta,SMS
YKM03510,22,104,49883.278904437604,30518.139141547003,3,Dusuk,43,1,1,0,1,Orta,SMS
YKM03511,41,25,28652.516040491966,29668.0235485277,6,Orta,41,0,1,1,1,Orta,Eposta
YKM03512,23,96,29104.990564862615,31500.929426216877,6,Dusuk,36,1,0,1,1,Orta,SMS
YKM03513,53,168,90424.17497038946,21629.548988590017,4,Yuksek,42,0,4,1,1,Orta,Eposta
YKM03514,38,106,37883.223481618734,37422.97204570045,4,Dusuk,43,0,1,1,1,Orta,Mobil_Bildirim
YKM03515,38,106,39998.707037372566,31985.128315549176,3,Yuksek,32,0,0,1,1,Orta,SMS
YKM03516,47,68,36740.43298212948,24636.592966613123,5,Yuksek,25,0,1,1,1,Yuksek,Mobil_Bildirim
YKM03517,36,160,43646.7354262906,41385.49045426508,2,Yuksek,40,0,0,1,1,Yuksek,SMS
YKM03518,69,35,24355.07977337896,31795.707354550268,4,Orta,33,0,0,0,0,Yuksek,SMS
YKM03519,38,108,84159.96832880165,24937.641630546743,1,Orta,46,0,3,1,1,Yuksek,SMS
YKM03520,63,43,58572.140099812976,68789.25878602691,5,Yuksek,42,1,3,1,1,Orta,Mobil_Bildirim
YKM03521,48,38,17731.28453651392,39867.3188047571,6,Yuksek,37,0,1,0,1,Dusuk,Eposta
YKM03522,43,123,45125.2508650347,16630.376963393566,1,Orta,35,1,2,1,1,Orta,Mobil_Bildirim
YKM03523,54,74,123714.92625798378,38705.56873029791,5,Yuksek,47,0,0,1,0,Dusuk,Mobil_Bildirim
YKM03524,39,65,52269.17603897291,28868.94307306188,1,Orta,39,0,0,0,0,Orta,SMS
YKM03525,46,127,32434.612350433028,43058.342338412076,5,Orta,43,0,1,1,0,Yuksek,Mobil_Bildirim
YKM03526,69,104,48146.80649383008,21643.477476878295,5,Orta,35,0,2,0,1,Yuksek,Eposta
YKM03527,43,5,47183.0592407358,29767.761668828825,1,Yuksek,46,0,0,0,1,Yuksek,Mobil_Bildirim
YKM03528,34,109,65815.34014332163,37260.58084381516,6,Dusuk,32,0,0,1,1,Orta,Mobil_Bildirim
YKM03529,58,72,63289.72468995905,39104.36881197552,4,Orta,35,1,3,1,1,Yuksek,SMS
YKM03530,31,31,43551.35780508089,11293.585810837803,6,Dusuk,46,0,2,1,1,Yuksek,Mobil_Bildirim
YKM03531,53,56,58239.02768460222,33679.645976186024,5,Orta,33,1,0,1,1,Orta,SMS
YKM03532,24,141,41717.31847806165,27524.24399574059,2,Yuksek,35,1,1,1,0,Yuksek,Mobil_Bildirim
YKM03533,62,147,31037.04965047375,35582.40001941974,1,Yuksek,40,1,0,1,1,Orta,SMS
YKM03534,29,88,67982.00097492208,10587.046289472557,6,Orta,34,0,0,0,0,Yuksek,Eposta
YKM03535,51,93,24294.487344256668,12865.46008507489,5,Yuksek,43,0,0,0,1,Orta,Mobil_Bildirim
YKM03536,30,73,62296.761512833575,33473.54680994427,5,Orta,24,1,2,1,1,Yuksek,Mobil_Bildirim
YKM03537,63,123,30372.935657237722,16217.769556337806,6,Dusuk,38,1,2,0,1,Orta,Eposta
YKM03538,64,31,38801.55560014459,43652.34802107833,6,Yuksek,40,0,2,1,1,Dusuk,SMS
YKM03539,33,92,18094.5726949663,11573.222809743664,3,Yuksek,49,0,0,1,1,Orta,Mobil_Bildirim
YKM03540,40,13,49318.028250162744,34794.623643393585,6,Yuksek,36,0,2,1,0,Orta,SMS
YKM03541,53,68,28311.906810870267,18839.91317784836,3,Orta,32,0,0,1,1,Yuksek,SMS
YKM03542,67,105,67339.38212238443,14956.178541392639,6,Orta,46,0,2,1,1,Dusuk,SMS
YKM03543,65,78,80058.56654042062,23754.90611755835,3,Dusuk,40,0,1,1,0,Orta,Eposta
YKM03544,70,27,53985.36852517253,12371.933354216877,4,Orta,32,1,0,1,0,Orta,SMS
YKM03545,25,45,49013.867683726174,11110.879420434596,2,Orta,28,0,1,1,0,Yuksek,Mobil_Bildirim
YKM03546,25,37,25998.680093129035,25104.19265523561,4,Dusuk,45,1,3,1,1,Yuksek,Mobil_Bildirim
YKM03547,43,31,39566.30155871695,22895.350537745697,3,Orta,43,0,0,1,1,Orta,Eposta
YKM03548,34,82,54964.9047513074,10738.959563976716,2,Dusuk,34,0,0,1,1,Dusuk,SMS
YKM03549,67,71,29436.678623741722,21014.05038717716,3,Orta,43,0,1,1,1,Orta,Mobil_Bildirim
YKM03550,44,15,67050.53401790037,19168.591316053942,4,Orta,37,0,2,1,1,Yuksek,Mobil_Bildirim
YKM03551,24,85,53514.20282372044,15637.624124317512,2,Yuksek,38,0,2,0,0,Orta,SMS
YKM03552,61,108,40620.64477797448,66359.36949778357,4,Yuksek,52,0,0,1,1,Orta,SMS
YKM03553,24,152,31103.786210065115,40694.72617187781,2,Yuksek,34,0,2,1,1,Yuksek,SMS
YKM03554,39,13,25179.537371065944,59068.23135407646,2,Orta,50,1,0,1,1,Dusuk,Eposta
YKM03555,65,125,64753.75914106303,18113.216129473865,2,Orta,41,0,4,1,1,Orta,Mobil_Bildirim
YKM03556,31,127,31630.221076822738,36445.243807352475,4,Yuksek,44,0,1,1,1,Yuksek,Mobil_Bildirim
YKM03557,26,142,24705.874413319612,11382.123692327217,5,Orta,38,1,3,1,0,Dusuk,Mobil_Bildirim
YKM03558,31,48,70355.58541255172,18428.420766685704,1,Yuksek,25,0,0,1,1,Yuksek,SMS
YKM03559,54,35,52552.51453622559,28723.790282542817,4,Yuksek,39,0,3,0,0,Orta,SMS
YKM03560,67,43,38635.19090310561,51738.6100714276,3,Orta,41,0,2,1,1,Yuksek,Eposta
YKM03561,25,174,50784.660032104075,18721.312853587206,4,Orta,33,1,1,1,1,Yuksek,Mobil_Bildirim
YKM03562,21,69,80673.77254536944,39297.498425170306,3,Yuksek,52,0,1,0,0,Orta,SMS
YKM03563,62,66,42687.01712319978,19697.34257700039,3,Orta,33,0,2,1,0,Orta,SMS
YKM03564,41,36,60980.92718217346,81285.95994614175,3,Dusuk,41,0,0,1,1,Yuksek,Mobil_Bildirim
YKM03565,52,130,30832.170892845097,34590.49015711785,4,Yuksek,42,0,0,0,0,Yuksek,Eposta
YKM03566,43,24,108814.24771576705,43089.11838659038,5,Orta,48,0,1,1,0,Orta,SMS
YKM03567,34,42,38435.62581913496,58064.615177224674,1,Dusuk,33,0,1,1,1,Yuksek,Eposta
YKM03568,66,119,60838.24119982199,19387.877112508475,3,Yuksek,22,0,3,1,1,Yuksek,Mobil_Bildirim
YKM03569,58,2,129971.09660762719,40363.916907624734,2,Yuksek,25,1,3,1,0,Dusuk,Mobil_Bildirim
YKM03570,68,149,46100.028512910416,9544.241010900378,3,Dusuk,44,0,1,0,1,Dusuk,Mobil_Bildirim
YKM03571,31,125,55423.0163522554,25909.63422426105,6,Dusuk,47,0,1,1,1,Yuksek,Mobil_Bildirim
YKM03572,41,164,38646.68384711753,25406.35673433299,1,Yuksek,33,0,0,0,1,Dusuk,Mobil_Bildirim
YKM03573,62,151,30613.629967022567,63274.14681508973,4,Dusuk,41,0,1,1,1,Orta,Mobil_Bildirim
YKM03574,23,1,66343.62658275542,21760.52160343133,4,Orta,41,0,0,1,1,Yuksek,Eposta
YKM03575,44,122,29153.7743224124,31189.561381664393,1,Yuksek,43,0,0,1,1,Orta,Mobil_Bildirim
YKM03576,65,114,60997.552660744535,36367.11033788724,6,Dusuk,26,0,2,0,1,Orta,Eposta
YKM03577,23,110,25234.486188571234,14664.285140401173,5,Dusuk,41,0,4,1,1,Dusuk,Eposta
YKM03578,67,138,89990.57708396297,17451.193085724328,6,Yuksek,50,1,3,1,1,Yuksek,Mobil_Bildirim
YKM03579,63,28,77950.59279221448,12487.275217609595,3,Dusuk,33,1,0,1,0,Orta,Mobil_Bildirim
YKM03580,43,21,20799.06643475979,20922.450589356886,2,Orta,49,1,1,1,1,Orta,Mobil_Bildirim
YKM03581,61,88,66693.0189472989,12393.025560660324,6,Orta,46,0,0,1,1,Orta,SMS
YKM03582,60,180,28618.191829940544,34533.09752056263,2,Orta,30,0,1,1,0,Yuksek,Eposta
YKM03583,34,134,45082.71308978491,31164.380332142573,1,Yuksek,44,0,2,1,0,Yuksek,SMS
YKM03584,25,18,37880.82270888625,53534.3716979729,1,Yuksek,49,0,0,1,1,Yuksek,SMS
YKM03585,51,47,51450.595713355906,55484.61169008951,5,Orta,43,0,1,1,1,Orta,SMS
YKM03586,67,106,70518.81249754384,7402.289935370707,4,Orta,42,0,1,0,0,Yuksek,Mobil_Bildirim
YKM03587,39,33,65381.89258757506,23662.173073299105,4,Yuksek,44,0,2,1,1,Yuksek,Eposta
YKM03588,65,30,34176.66051751504,23056.670282912743,6,Dusuk,41,0,1,1,1,Orta,Eposta
YKM03589,32,136,38814.10160702487,15375.011625313533,5,Dusuk,39,0,0,1,0,Orta,SMS
YKM03590,20,34,33774.968078659775,33467.3684359847,5,Dusuk,34,1,3,1,1,Yuksek,Eposta
YKM03591,56,154,9786.904130982646,16387.388359492586,5,Orta,40,1,0,0,1,Dusuk,SMS
YKM03592,48,129,42381.02312980075,39969.479314755416,3,Dusuk,34,1,2,0,1,Orta,SMS
YKM03593,47,75,57068.77507970561,17266.894470477346,6,Yuksek,37,0,3,1,0,Yuksek,SMS
YKM03594,53,18,76904.47996489526,21304.07307895595,4,Orta,43,1,1,1,0,Yuksek,Eposta
YKM03595,64,123,46025.28414642273,10639.790068846436,5,Orta,43,0,1,1,1,Orta,Eposta
YKM03596,43,75,49774.31345447957,24111.783112304507,4,Yuksek,26,0,0,1,1,Yuksek,Eposta
YKM03597,25,104,53822.74261683933,13810.66522124178,5,Orta,48,1,1,1,1,Yuksek,Eposta
YKM03598,60,85,78492.81120841233,18335.838467603127,3,Yuksek,38,0,1,1,0,Orta,SMS
YKM03599,54,94,44891.37258812776,28931.49002457781,3,Yuksek,47,0,0,1,0,Orta,Mobil_Bildirim
YKM03600,50,28,24277.820046193996,15174.057922770122,4,Orta,35,0,1,1,1,Yuksek,Eposta
YKM03601,46,57,28372.985731703346,26440.81491182426,4,Orta,50,0,0,1,1,Dusuk,SMS
YKM03602,26,121,54474.41116797496,26568.741961421143,6,Yuksek,33,1,0,1,0,Dusuk,Eposta
YKM03603,58,50,28852.427913974527,34306.04220232137,4,Orta,33,0,1,1,0,Orta,SMS
YKM03604,37,40,15921.689918014143,28334.990025151805,6,Orta,31,0,0,1,1,Orta,Mobil_Bildirim
YKM03605,32,17,100631.70400148512,36086.24719047846,3,Yuksek,32,1,2,1,0,Yuksek,Mobil_Bildirim
YKM03606,26,82,35640.21371215877,36709.8462297429,3,Dusuk,40,0,1,0,1,Yuksek,SMS
YKM03607,43,68,31247.741100170802,39362.27513237987,1,Dusuk,36,1,0,1,0,Yuksek,Eposta
YKM03608,43,182,40117.44934708436,17401.10572864984,6,Yuksek,42,0,1,1,1,Orta,SMS
YKM03609,64,31,49072.71631353975,59001.55471399065,3,Orta,45,0,2,1,0,Yuksek,Mobil_Bildirim
YKM03610,23,180,46682.69939926568,51871.00654823736,3,Dusuk,41,0,3,1,1,Orta,Eposta
YKM03611,34,156,44487.79476807306,36411.58516525592,1,Orta,26,1,1,1,0,Orta,Mobil_Bildirim
YKM03612,56,51,42165.75797968579,23372.986439992263,2,Orta,44,0,2,1,0,Yuksek,SMS
YKM03613,26,130,33444.7250062204,19303.767922997573,4,Dusuk,39,0,3,0,0,Yuksek,SMS
YKM03614,66,14,87790.4000424411,45103.54457259213,2,Dusuk,30,0,0,0,1,Dusuk,Mobil_Bildirim
YKM03615,29,4,25038.898451267734,42973.787127960815,4,Orta,41,0,0,1,1,Yuksek,Mobil_Bildirim
YKM03616,58,60,93738.88370124732,60323.349352867954,2,Yuksek,49,0,2,1,1,Orta,SMS
YKM03617,51,83,31755.55394481436,15040.498940854195,1,Orta,38,0,1,1,1,Orta,Eposta
YKM03618,30,110,51231.72227102794,13950.73104599529,6,Yuksek,40,0,3,1,1,Orta,SMS
YKM03619,68,84,38629.4303617455,30825.72317081508,2,Yuksek,19,0,2,1,1,Orta,Mobil_Bildirim
YKM03620,45,29,42114.438994492855,51212.990817799415,2,Orta,33,0,2,1,1,Orta,Eposta
YKM03621,52,126,118900.45071794587,26945.976422820342,5,Orta,37,0,0,1,1,Yuksek,Mobil_Bildirim
YKM03622,62,137,69368.05536466367,38724.71582514493,3,Orta,36,0,0,1,1,Yuksek,SMS
YKM03623,20,47,79864.61158887396,8586.52733381155,3,Yuksek,37,0,2,1,0,Orta,Eposta
YKM03624,24,124,25326.378075068114,15964.705275897231,2,Orta,40,0,1,1,1,Yuksek,Mobil_Bildirim
YKM03625,66,173,65302.67926932546,20650.367304461477,5,Orta,40,0,2,0,0,Orta,Eposta
YKM03626,67,22,87564.2777504838,43723.03538359838,1,Orta,46,1,2,1,1,Yuksek,Mobil_Bildirim
YKM03627,64,144,139482.3238455516,19822.151865158055,4,Orta,30,0,3,1,0,Orta,Mobil_Bildirim
YKM03628,27,158,54088.06250851942,21407.265816532596,5,Yuksek,35,0,0,1,1,Yuksek,SMS
YKM03629,45,48,44968.15710894876,66458.07525182565,6,Dusuk,40,0,1,1,1,Orta,Mobil_Bildirim
YKM03630,53,33,61993.228322782976,24942.020538012748,6,Yuksek,30,1,1,1,1,Orta,Mobil_Bildirim
YKM03631,67,66,98630.7585927041,41522.044700661325,1,Orta,42,0,1,1,1,Yuksek,Eposta
YKM03632,44,146,62435.774607888365,29838.7509890899,1,Orta,21,0,2,1,1,Yuksek,SMS
YKM03633,46,178,22865.287969387133,25958.8771738036,2,Orta,44,1,0,1,0,Orta,Mobil_Bildirim
YKM03634,68,31,40424.32314769147,22186.447798878304,3,Orta,33,0,0,1,1,Dusuk,SMS
YKM03635,22,4,32352.560989309884,33167.93207332422,2,Yuksek,54,0,3,0,1,Orta,Eposta
YKM03636,20,49,39457.96520455681,27589.49336404109,3,Yuksek,36,0,1,1,1,Yuksek,Mobil_Bildirim
YKM03637,26,53,74098.57713864079,11521.210721469139,6,Yuksek,46,1,0,1,1,Yuksek,Eposta
YKM03638,58,162,30103.842291368594,21839.128279470933,1,Orta,40,0,2,1,1,Yuksek,SMS
YKM03639,47,27,28403.503630669144,31328.98176257974,2,Yuksek,34,0,2,1,1,Orta,Mobil_Bildirim
YKM03640,44,98,52604.901894503564,20490.519878012532,1,Yuksek,44,0,2,1,1,Orta,Mobil_Bildirim
YKM03641,55,77,62764.741690098126,46414.472861412825,3,Dusuk,40,0,0,0,1,Yuksek,SMS
YKM03642,31,72,36201.30291216918,59214.019243142546,5,Yuksek,37,1,2,0,1,Orta,Mobil_Bildirim
YKM03643,40,130,47033.220154906005,22321.356035182453,3,Orta,39,0,0,1,1,Yuksek,SMS
YKM03644,51,74,51518.0643651489,16047.723117996535,6,Yuksek,35,0,4,1,1,Yuksek,Mobil_Bildirim
YKM03645,67,164,61737.67404167492,56505.07743771582,2,Dusuk,49,0,5,0,1,Orta,SMS
YKM03646,42,73,34496.072337876256,23233.18865710309,2,Yuksek,38,0,2,1,0,Orta,SMS
YKM03647,62,50,56486.4233970439,28764.16357117194,3,Yuksek,30,1,1,0,0,Orta,Eposta
YKM03648,31,16,47808.99718858856,21281.245220707133,3,Orta,40,0,2,1,0,Dusuk,Eposta
YKM03649,56,108,164899.29881352696,23466.227817813568,5,Orta,38,1,1,1,0,Dusuk,SMS
YKM03650,62,74,74136.3313615271,13049.579641080207,6,Orta,46,1,1,1,1,Dusuk,SMS
YKM03651,58,166,53123.12530103378,49183.41961179944,1,Dusuk,38,1,2,1,1,Yuksek,SMS
YKM03652,31,56,49483.46688944838,27239.433739285185,5,Orta,41,1,1,1,1,Dusuk,Mobil_Bildirim
YKM03653,53,122,34632.87612673202,15555.017585377902,3,Orta,34,0,0,0,1,Yuksek,SMS
YKM03654,35,27,93783.23462033564,38222.67524505802,1,Yuksek,40,0,0,1,0,Dusuk,Mobil_Bildirim
YKM03655,24,105,37236.338094100116,29140.23285296175,5,Yuksek,25,1,0,1,0,Orta,SMS
YKM03656,69,135,33096.24801562926,23711.621703597513,6,Orta,40,1,3,1,0,Orta,Mobil_Bildirim
YKM03657,60,163,62166.71695016424,56510.53954612028,6,Yuksek,41,0,1,1,0,Dusuk,SMS
YKM03658,55,7,37777.705569544094,17118.6038772412,6,Dusuk,44,0,1,1,1,Orta,SMS
YKM03659,41,128,20164.68375418037,13131.58322414981,3,Orta,36,1,0,1,0,Orta,Eposta
YKM03660,23,89,63838.6251618752,21023.069631072947,5,Orta,32,0,1,1,1,Orta,SMS
YKM03661,50,106,23064.4899982469,15794.320314507317,6,Yuksek,41,0,1,0,1,Orta,SMS
YKM03662,61,20,41980.087561272754,31776.182916177077,5,Orta,35,0,2,1,0,Orta,Mobil_Bildirim
YKM03663,54,189,43577.03423638921,18539.369187538086,2,Yuksek,56,1,2,1,1,Orta,Mobil_Bildirim
YKM03664,59,26,107067.0677185145,27519.905088460342,4,Orta,52,0,0,1,1,Yuksek,Mobil_Bildirim
YKM03665,42,33,54638.412256052114,28575.344389270293,1,Yuksek,40,0,1,0,0,Orta,SMS
YKM03666,27,85,22559.696736598682,28507.67694521256,4,Orta,31,1,3,0,1,Yuksek,Mobil_Bildirim
YKM03667,33,131,32289.252535843094,22318.228434674962,2,Orta,32,0,3,0,1,Yuksek,Mobil_Bildirim
YKM03668,67,163,55511.36031276888,41013.34114779467,4,Orta,39,1,0,1,0,Dusuk,Mobil_Bildirim
YKM03669,20,157,20089.86568312243,33149.07729914972,2,Yuksek,38,0,2,0,1,Yuksek,Mobil_Bildirim
YKM03670,45,77,32816.412616277004,74254.85364525799,3,Dusuk,28,0,3,1,1,Orta,Mobil_Bildirim
YKM03671,31,110,24392.45611748751,22111.62148045873,4,Yuksek,48,0,2,1,1,Orta,SMS
YKM03672,58,161,54763.79970067093,64148.33459947137,3,Orta,45,1,2,1,0,Orta,SMS
YKM03673,31,6,44647.96606105522,19694.359388180947,2,Orta,39,1,0,1,0,Orta,Eposta
YKM03674,41,30,65183.32469561143,13261.68128260027,3,Orta,44,0,0,1,0,Orta,Mobil_Bildirim
YKM03675,42,132,87186.62994273075,22165.186162970607,4,Orta,27,0,1,1,0,Yuksek,Eposta
YKM03676,53,166,60024.65721763989,23600.268873721143,1,Orta,36,0,1,1,0,Dusuk,Eposta
YKM03677,32,93,76962.22319031996,20373.770566291267,1,Orta,36,1,1,1,1,Yuksek,Mobil_Bildirim
YKM03678,50,58,39610.86434062121,10481.077110682612,5,Orta,35,0,1,1,1,Orta,SMS
YKM03679,53,66,30589.869809039483,41718.476002006224,2,Yuksek,39,0,0,1,1,Orta,Eposta
YKM03680,41,123,25091.02073871657,19623.109929041828,4,Yuksek,38,0,2,0,1,Orta,Mobil_Bildirim
YKM03681,47,146,16328.010572083516,17253.38313800812,1,Orta,28,0,3,0,1,Yuksek,Mobil_Bildirim
YKM03682,44,134,57298.687496999155,35477.679976318526,3,Dusuk,37,1,0,1,1,Dusuk,Mobil_Bildirim
YKM03683,68,145,56205.57449151746,11505.900265951555,6,Orta,49,0,1,1,1,Yuksek,Mobil_Bildirim
YKM03684,36,61,25896.06788064372,24846.72287840813,1,Orta,38,1,1,1,1,Orta,Mobil_Bildirim
YKM03685,53,159,41821.991545904246,14060.884309972518,6,Orta,40,0,1,1,1,Yuksek,Mobil_Bildirim
YKM03686,35,82,44195.31644851909,13911.62558979386,3,Dusuk,34,0,2,0,1,Yuksek,Mobil_Bildirim
YKM03687,22,119,23051.01847061013,22847.753082968782,2,Orta,39,0,1,0,0,Orta,SMS
YKM03688,53,116,53133.36230405186,27879.142227561497,2,Orta,38,0,0,1,0,Orta,SMS
YKM03689,61,171,42302.33273612608,64866.10741149648,3,Orta,54,0,4,1,1,Yuksek,SMS
YKM03690,65,74,105960.90188994331,49030.720327946256,2,Yuksek,41,1,0,1,1,Orta,SMS
YKM03691,44,7,126232.62860224223,15777.272745241384,6,Yuksek,33,0,2,0,1,Yuksek,SMS
YKM03692,61,126,20472.512695499387,19866.081884292078,5,Orta,41,0,0,1,0,Orta,Eposta
YKM03693,31,158,36400.13522565475,26942.55807544227,2,Yuksek,33,0,0,1,1,Yuksek,Mobil_Bildirim
YKM03694,50,57,40848.34078984688,16277.990285836107,2,Orta,31,0,0,1,0,Yuksek,Mobil_Bildirim
YKM03695,26,136,56889.56258679259,17230.263029727583,3,Yuksek,47,0,3,1,1,Orta,Mobil_Bildirim
YKM03696,43,25,59637.480366406904,14441.133130455273,5,Dusuk,32,0,0,1,0,Yuksek,Eposta
YKM03697,31,158,53068.21764622604,22346.492753773717,1,Dusuk,37,0,2,0,1,Orta,Mobil_Bildirim
YKM03698,66,168,70071.47454336203,21576.16988324566,5,Orta,40,0,2,0,0,Orta,Eposta
YKM03699,41,75,26806.220650054634,6447.962301637612,6,Dusuk,42,0,2,1,1,Dusuk,Mobil_Bildirim
YKM03700,26,149,70645.23352905766,16055.69582138311,5,Yuksek,36,0,2,1,0,Orta,Mobil_Bildirim
YKM03701,45,74,46443.5833269572,49105.51689457021,6,Orta,35,0,1,0,1,Orta,SMS
YKM03702,54,132,76284.4887208178,33827.69126454665,1,Orta,44,0,0,1,1,Orta,SMS
YKM03703,43,123,59332.553768622776,13963.728795170353,6,Yuksek,35,1,3,1,0,Orta,Mobil_Bildirim
YKM03704,22,139,52356.449369796974,15506.713832849975,2,Orta,34,1,2,1,1,Orta,Mobil_Bildirim
YKM03705,60,17,26991.453182064204,16911.31529552688,5,Orta,42,0,1,1,1,Dusuk,Eposta
YKM03706,36,94,31389.533044473166,46424.97363972043,2,Orta,41,0,2,1,1,Dusuk,Mobil_Bildirim
YKM03707,36,174,50333.51439211903,36586.77502758527,4,Orta,34,1,1,1,1,Orta,Mobil_Bildirim
YKM03708,34,36,37682.36069079852,42823.30977086341,3,Yuksek,32,0,1,1,1,Orta,Mobil_Bildirim
YKM03709,62,25,32870.11944039612,21504.668453168022,4,Yuksek,54,0,5,0,0,Yuksek,Eposta
YKM03710,56,9,40615.5578385273,18907.144838465116,5,Yuksek,39,0,1,1,1,Dusuk,SMS
YKM03711,63,19,32666.872321377083,7841.709589750155,5,Orta,40,0,4,1,0,Orta,SMS
YKM03712,52,57,87639.53736547608,20943.8687664737,1,Yuksek,34,0,2,1,1,Orta,SMS
YKM03713,34,55,66070.34402918843,61823.40783092318,3,Orta,32,1,0,1,1,Orta,SMS
YKM03714,51,160,41128.517611660434,22497.72187339834,3,Orta,36,0,0,1,0,Yuksek,Mobil_Bildirim
YKM03715,48,115,61810.76243734643,43996.09348586441,2,Yuksek,43,0,0,0,1,Orta,Mobil_Bildirim
YKM03716,35,5,28352.436769703825,35069.13436421374,5,Orta,29,1,0,1,1,Orta,Mobil_Bildirim
YKM03717,23,177,51821.0183591497,37001.57946275061,6,Dusuk,28,1,1,0,1,Orta,Mobil_Bildirim
YKM03718,54,126,63317.17028560216,17484.520673282535,5,Yuksek,33,0,1,0,1,Orta,Eposta
YKM03719,27,53,80990.05290937061,11780.53832369703,6,Yuksek,41,1,0,1,1,Yuksek,Eposta
YKM03720,55,117,47112.33917583947,29676.608244961113,2,Dusuk,41,1,0,1,0,Orta,Mobil_Bildirim
YKM03721,45,12,45108.97618611131,4059.544020626223,4,Orta,51,1,2,1,1,Dusuk,SMS
YKM03722,32,131,30567.08804939624,36932.30805176099,4,Yuksek,33,0,1,1,1,Yuksek,Mobil_Bildirim
YKM03723,55,112,155347.54292117432,10068.403009625416,5,Yuksek,35,1,1,1,1,Orta,SMS
YKM03724,70,141,27041.905446615594,15582.72045450071,3,Orta,33,0,0,1,0,Yuksek,Mobil_Bildirim
YKM03725,37,7,105506.85572911079,9322.779588567297,3,Yuksek,47,1,1,0,1,Yuksek,SMS
YKM03726,34,171,25574.2578255217,25262.825260216694,6,Yuksek,52,1,4,1,0,Dusuk,Mobil_Bildirim
YKM03727,57,36,56072.46451867474,10134.255660668947,2,Yuksek,43,0,0,1,1,Orta,SMS
YKM03728,34,75,34315.45314559259,8392.356848057436,2,Orta,35,1,4,0,0,Orta,Mobil_Bildirim
YKM03729,37,41,38621.005284272826,46930.86554586145,5,Orta,40,1,2,0,0,Yuksek,Mobil_Bildirim
YKM03730,27,22,27118.084900490256,11385.985340600844,4,Dusuk,58,0,0,1,0,Dusuk,Mobil_Bildirim
YKM03731,27,31,66643.56092778152,38803.52415942037,3,Orta,36,1,1,1,1,Orta,Mobil_Bildirim
YKM03732,41,122,62870.12784027374,84425.28840206582,3,Yuksek,40,1,2,1,0,Orta,Mobil_Bildirim
YKM03733,46,57,40270.531414679324,21031.259659082167,3,Yuksek,40,1,2,0,1,Orta,Mobil_Bildirim
YKM03734,49,51,41269.706952282584,37105.131440672965,2,Yuksek,34,0,3,1,0,Dusuk,Mobil_Bildirim
YKM03735,68,137,28238.60673448572,13600.331421461944,1,Orta,38,0,1,1,1,Orta,SMS
YKM03736,67,7,40029.56596155166,28576.99086744759,4,Yuksek,34,0,2,1,1,Orta,SMS
YKM03737,65,44,37471.38806684411,36282.84429629303,3,Yuksek,51,1,1,1,1,Yuksek,Mobil_Bildirim
YKM03738,37,79,49821.38538507051,28537.82670687364,6,Dusuk,32,1,3,1,1,Yuksek,SMS
YKM03739,38,149,152599.73828443812,16895.61927540735,6,Orta,42,0,2,1,1,Orta,SMS
YKM03740,27,72,74440.21674016194,22738.484368577654,3,Yuksek,53,0,0,0,0,Orta,Mobil_Bildirim
YKM03741,30,22,27123.545966530375,35115.69793320906,3,Yuksek,19,0,0,0,0,Orta,SMS
YKM03742,57,132,52236.364050309145,15817.127353639007,2,Orta,39,0,0,0,0,Orta,Mobil_Bildirim
YKM03743,32,41,34483.77109164674,32342.672501094363,5,Dusuk,45,0,3,1,0,Orta,Eposta
YKM03744,36,144,82245.76384454561,40766.592071707026,3,Orta,34,0,1,0,1,Dusuk,Eposta
YKM03745,64,76,53663.254854338054,32197.438332086946,2,Yuksek,41,1,0,1,1,Yuksek,Eposta
YKM03746,51,40,61864.59800922611,31407.62839104522,1,Dusuk,28,0,2,1,0,Yuksek,Mobil_Bildirim
YKM03747,51,65,38073.58266710569,13300.6226893157,1,Orta,53,0,2,1,1,Dusuk,Eposta
YKM03748,58,136,52465.11400801494,13542.441942816173,2,Orta,34,0,1,1,0,Yuksek,Eposta
YKM03749,24,139,45060.141938024506,20880.43253604581,4,Dusuk,38,0,0,1,0,Orta,SMS
YKM03750,61,77,102685.54529444044,9589.851781337866,2,Yuksek,48,0,1,0,1,Orta,SMS
YKM03751,39,96,113658.28979785442,29397.66927483362,5,Yuksek,31,0,0,1,1,Yuksek,Mobil_Bildirim
YKM03752,42,52,30590.651131496266,21782.17083168521,3,Yuksek,38,0,2,1,1,Dusuk,Mobil_Bildirim
YKM03753,57,149,33521.38901114733,37692.68132025463,3,Dusuk,35,0,1,1,1,Orta,Mobil_Bildirim
YKM03754,31,82,22562.538074569486,11888.620685491398,5,Yuksek,37,0,1,1,1,Yuksek,SMS
YKM03755,34,89,39613.355110069635,27097.476320232774,1,Yuksek,44,0,0,0,1,Yuksek,Mobil_Bildirim
YKM03756,68,78,30871.507045174203,25488.75829064176,6,Dusuk,44,0,2,1,1,Yuksek,Mobil_Bildirim
YKM03757,36,127,33605.184072234326,27319.253947743236,6,Orta,41,1,2,1,1,Yuksek,Mobil_Bildirim
YKM03758,24,68,22924.77688423023,66550.86745461008,2,Orta,32,0,1,1,1,Dusuk,SMS
YKM03759,65,95,75025.6927738323,22519.033988621042,6,Dusuk,36,1,0,1,1,Orta,Mobil_Bildirim
YKM03760,60,48,17421.259624551265,11534.891731443837,5,Orta,38,0,1,1,1,Yuksek,SMS
YKM03761,25,181,58212.39697967841,12064.7172278073,1,Dusuk,50,0,1,0,1,Dusuk,SMS
YKM03762,70,177,45584.37730881283,27269.23971275682,1,Orta,50,0,2,0,1,Yuksek,SMS
YKM03763,68,69,42329.818119910226,17823.899877266536,4,Yuksek,39,0,1,0,1,Yuksek,Eposta
YKM03764,41,131,29873.299899977945,72514.14334758499,4,Dusuk,33,0,2,0,1,Yuksek,SMS
YKM03765,64,171,31317.531656567317,9137.15497924086,2,Yuksek,37,0,1,1,1,Yuksek,Mobil_Bildirim
YKM03766,54,63,65129.74491068397,23547.207011162056,3,Dusuk,44,1,4,1,1,Orta,SMS
YKM03767,24,140,28027.340648137113,16930.977630258265,5,Orta,28,0,2,1,1,Dusuk,Mobil_Bildirim
YKM03768,23,121,52721.38337578427,28510.097302760936,6,Yuksek,30,1,0,1,0,Dusuk,Eposta
YKM03769,67,177,67764.71689756859,11432.523332893234,1,Dusuk,29,0,1,1,1,Dusuk,Mobil_Bildirim
YKM03770,70,174,36055.4267112564,13514.624615946295,3,Yuksek,42,0,1,1,1,Orta,Eposta
YKM03771,34,90,53362.046083781526,29750.5625181506,6,Dusuk,30,1,3,1,1,Yuksek,SMS
YKM03772,24,133,31062.86506956646,98167.92859079615,1,Yuksek,31,0,1,1,1,Orta,Mobil_Bildirim
YKM03773,27,144,55988.37170306569,26539.075328598195,4,Yuksek,44,0,1,0,1,Dusuk,Eposta
YKM03774,67,30,41347.11909111652,17841.842095168766,1,Dusuk,45,0,2,0,1,Orta,SMS
YKM03775,49,25,42806.78759245197,57175.94576559096,4,Yuksek,36,1,0,0,1,Yuksek,Mobil_Bildirim
YKM03776,43,136,55647.97709157209,17577.46378885443,2,Orta,43,0,1,1,1,Orta,Mobil_Bildirim
YKM03777,61,88,82267.28868536015,25743.796444460913,4,Orta,29,1,1,1,1,Yuksek,Eposta
YKM03778,55,25,122343.71980756959,45199.66851809815,5,Yuksek,47,1,1,1,0,Yuksek,SMS
YKM03779,58,43,26306.057333767356,13024.77992465366,2,Yuksek,36,0,1,1,1,Dusuk,Mobil_Bildirim
YKM03780,30,129,40173.30537054327,47138.39712214384,2,Orta,33,0,3,1,0,Orta,Eposta
YKM03781,28,37,60061.995981525324,14641.42667124755,1,Orta,52,0,1,1,1,Yuksek,Mobil_Bildirim
YKM03782,34,104,93308.60684914496,29655.828309940534,1,Orta,45,0,0,1,1,Orta,SMS
YKM03783,48,153,66957.26966832884,74034.09168456463,1,Dusuk,42,0,0,1,1,Yuksek,SMS
YKM03784,48,20,23942.004181627202,35304.39384976957,6,Yuksek,43,0,1,1,1,Orta,Mobil_Bildirim
YKM03785,39,57,49484.62293610658,27432.747980328786,3,Yuksek,36,0,1,1,0,Yuksek,SMS
YKM03786,58,134,38388.68972532411,13008.044539332053,4,Orta,31,0,3,1,1,Yuksek,Mobil_Bildirim
YKM03787,22,100,34455.82641671824,22728.602488966935,4,Orta,42,1,0,1,0,Orta,Mobil_Bildirim
YKM03788,53,157,25621.365227635404,9640.375590693335,4,Dusuk,51,1,0,0,1,Orta,SMS
YKM03789,67,95,88215.95218998128,13489.736870992254,4,Orta,36,1,1,1,1,Yuksek,Eposta
YKM03790,40,141,38534.559468493564,31545.24432346573,3,Orta,36,0,1,1,0,Orta,Eposta
YKM03791,35,162,35340.409139572934,30265.085702506363,6,Dusuk,46,0,1,1,1,Orta,Mobil_Bildirim
YKM03792,63,137,32909.49698790462,33897.58862144561,3,Dusuk,44,0,2,1,1,Orta,Mobil_Bildirim
YKM03793,47,71,49376.49862059476,24638.48507832015,3,Orta,27,0,4,0,0,Yuksek,SMS
YKM03794,69,162,29009.1704667796,16180.861194804469,3,Dusuk,34,0,2,1,1,Yuksek,SMS
YKM03795,24,104,22190.34343195536,19645.04921862246,1,Orta,42,0,0,1,0,Yuksek,Mobil_Bildirim
YKM03796,46,14,42325.5879915215,22922.224323239963,6,Yuksek,39,1,1,1,1,Dusuk,SMS
YKM03797,63,36,55127.608775433204,17455.79681072936,2,Dusuk,30,1,3,1,1,Orta,SMS
YKM03798,43,136,39501.481012785225,33110.858573207,3,Orta,38,1,1,1,1,Yuksek,Mobil_Bildirim
YKM03799,39,199,33770.08739682202,31617.886018303376,1,Yuksek,44,0,2,1,1,Orta,SMS
YKM03800,57,156,33512.852582794905,29352.491135116477,1,Yuksek,32,0,0,1,1,Orta,SMS
YKM03801,31,53,24589.95515765852,31214.771840762387,3,Orta,32,0,5,0,1,Orta,Eposta
YKM03802,68,113,28518.41761286522,21842.315920599936,3,Dusuk,39,0,1,1,0,Orta,SMS
YKM03803,37,123,54290.84502156976,20694.456338912107,2,Yuksek,42,0,1,1,1,Yuksek,Eposta
YKM03804,21,116,30240.1689640334,26131.815555606256,2,Orta,32,0,0,0,0,Yuksek,Mobil_Bildirim
YKM03805,55,29,82540.696760724,15424.116413747484,2,Yuksek,37,0,1,1,0,Yuksek,SMS
YKM03806,29,58,24641.217613549998,64234.21450456673,6,Yuksek,38,1,2,1,1,Orta,Eposta
YKM03807,54,146,28957.637072664664,43435.35342398978,1,Dusuk,45,0,1,1,1,Orta,Mobil_Bildirim
YKM03808,45,152,40731.06442371719,29788.61666365824,2,Yuksek,31,0,1,1,0,Dusuk,Mobil_Bildirim
YKM03809,23,162,67181.24672193595,43532.35636968233,1,Orta,40,1,2,0,1,Orta,SMS
YKM03810,54,82,39448.540511807,25284.75075285912,4,Dusuk,34,1,1,1,1,Yuksek,Eposta
YKM03811,62,140,24226.449237541652,28250.910199948015,4,Dusuk,39,0,3,1,0,Orta,SMS
YKM03812,23,80,31369.3816333009,12787.30921498773,4,Yuksek,43,0,1,1,1,Orta,Mobil_Bildirim
YKM03813,55,118,17237.63539412072,28798.023527967536,1,Orta,36,1,2,1,1,Orta,SMS
YKM03814,41,133,36955.50473727042,32082.12992159432,6,Yuksek,57,0,3,0,0,Dusuk,Mobil_Bildirim
YKM03815,52,181,44891.780913663664,49993.13035466793,4,Orta,44,0,3,0,1,Yuksek,SMS
YKM03816,51,91,109638.20838442496,20703.163289239503,2,Orta,44,0,1,1,0,Orta,SMS
YKM03817,43,56,74801.74169503343,29925.563412040297,2,Orta,36,0,1,1,0,Yuksek,SMS
YKM03818,51,135,44881.99413802341,20947.863489913056,2,Orta,38,0,1,1,1,Orta,Mobil_Bildirim
YKM03819,29,110,69198.21435902688,17499.441632130096,1,Orta,41,0,1,1,1,Yuksek,SMS
YKM03820,34,139,26919.406224218725,33084.36976112898,5,Orta,44,0,0,1,1,Yuksek,Eposta
YKM03821,61,90,37264.975969668456,53516.05674833693,4,Dusuk,34,0,1,1,1,Yuksek,SMS
YKM03822,65,22,44560.72642255819,34994.941803229274,1,Yuksek,34,0,2,1,1,Orta,Mobil_Bildirim
YKM03823,49,112,64629.91847563216,16113.263025357799,2,Orta,42,1,1,1,1,Yuksek,SMS
YKM03824,32,78,38654.98138332864,32954.68003028342,3,Orta,53,0,1,0,1,Orta,SMS
YKM03825,65,108,44735.64875579173,28734.71602621656,1,Dusuk,42,1,1,1,0,Yuksek,SMS
YKM03826,21,82,28112.36614541707,54696.016515706375,5,Orta,38,1,2,1,1,Yuksek,Mobil_Bildirim
YKM03827,52,130,97832.6613771943,10314.690258619343,5,Orta,35,0,1,1,1,Orta,Eposta
YKM03828,44,182,32472.15078688147,10663.796328709117,5,Orta,42,0,2,1,1,Yuksek,Eposta
YKM03829,58,151,43141.69582448008,11070.616829428089,5,Orta,40,1,2,0,1,Yuksek,SMS
YKM03830,31,157,36962.325002069934,64261.749609384264,3,Dusuk,40,0,2,1,1,Orta,SMS
YKM03831,45,96,58638.59789275236,51617.82121863275,6,Orta,30,0,0,1,1,Orta,Mobil_Bildirim
YKM03832,63,62,29712.719803881173,50566.79994859719,2,Dusuk,32,0,2,1,1,Yuksek,Mobil_Bildirim
YKM03833,66,88,71718.86038357668,33265.35505685741,1,Yuksek,40,0,0,0,1,Yuksek,Mobil_Bildirim
YKM03834,28,133,45294.461179626036,4487.397215084162,1,Orta,35,0,1,0,0,Orta,SMS
YKM03835,57,171,50170.26103985115,38739.900344020745,3,Orta,30,0,1,1,0,Dusuk,SMS
YKM03836,52,72,55401.83754572904,18705.100253555487,2,Orta,50,1,2,0,1,Orta,SMS
YKM03837,64,123,26369.995255144946,46607.79999053276,1,Yuksek,40,0,0,1,1,Orta,Mobil_Bildirim
YKM03838,28,7,53264.85681533238,21051.28281584269,6,Orta,36,1,0,1,1,Orta,Eposta
YKM03839,25,58,19581.058152031375,13433.792414919662,3,Orta,38,0,1,0,1,Orta,Mobil_Bildirim
YKM03840,28,51,23457.995060515856,30369.50668294788,2,Yuksek,44,0,2,1,1,Yuksek,Eposta
YKM03841,52,78,45630.04211634941,23680.113468614232,2,Orta,30,0,0,1,1,Yuksek,SMS
YKM03842,66,140,89805.5127159228,18953.056450294258,4,Dusuk,38,0,1,0,0,Yuksek,Mobil_Bildirim
YKM03843,58,147,41055.51575877788,42037.62523275811,1,Orta,39,0,1,1,1,Yuksek,Mobil_Bildirim
YKM03844,39,25,61453.882995249885,33226.85412077908,3,Yuksek,29,1,0,1,0,Orta,Eposta
YKM03845,41,96,98549.68247387107,18342.083284615786,5,Dusuk,31,1,2,0,1,Yuksek,Eposta
YKM03846,44,88,21404.21858034387,21289.78222553743,1,Dusuk,45,0,5,1,1,Orta,Eposta
YKM03847,55,85,40257.34131552675,12842.66483759754,1,Orta,41,0,2,1,1,Yuksek,Mobil_Bildirim
YKM03848,70,151,53652.41789973092,30975.08853157092,5,Orta,36,1,3,0,0,Yuksek,Mobil_Bildirim
YKM03849,27,141,56442.07757220619,28383.36561274073,3,Orta,21,0,1,1,0,Orta,SMS
YKM03850,58,84,61578.49703779274,23775.391003689285,3,Orta,38,0,1,1,1,Orta,Mobil_Bildirim
YKM03851,39,172,28420.692107962517,24364.35507503491,2,Yuksek,33,0,3,0,1,Yuksek,Mobil_Bildirim
YKM03852,28,133,107740.73325722812,12137.397590280747,3,Yuksek,29,0,1,1,0,Yuksek,Mobil_Bildirim
YKM03853,57,18,28159.3530955122,6056.820902810614,5,Orta,33,1,0,1,1,Orta,Mobil_Bildirim
YKM03854,67,119,51511.04980062004,53310.8775587845,2,Orta,46,1,1,1,0,Orta,SMS
YKM03855,35,42,42570.70860857761,22798.544727967594,2,Yuksek,33,0,2,1,1,Dusuk,SMS
YKM03856,27,8,80912.80531583737,19806.748986129845,4,Dusuk,33,0,0,1,0,Yuksek,Mobil_Bildirim
YKM03857,24,79,70973.32028084788,6284.706635182863,1,Yuksek,43,0,1,1,0,Orta,Mobil_Bildirim
YKM03858,23,108,26859.60643130824,40045.59154583976,6,Orta,33,1,1,0,0,Yuksek,Eposta
YKM03859,23,16,37412.23798830081,20284.10680960816,6,Orta,29,0,1,1,0,Orta,Mobil_Bildirim
YKM03860,62,17,46088.74700864751,16733.086747312045,3,Dusuk,32,1,1,1,1,Dusuk,Eposta
YKM03861,59,56,30655.240626454623,25709.39202744224,2,Dusuk,24,0,1,1,0,Dusuk,Mobil_Bildirim
YKM03862,24,102,47698.0726915756,27472.00735105771,4,Dusuk,28,0,1,1,1,Yuksek,SMS
YKM03863,21,143,68595.40476620272,34257.827060560856,6,Dusuk,39,0,1,1,0,Orta,Mobil_Bildirim
YKM03864,59,45,55268.593744300095,17857.39578709792,1,Orta,30,0,1,1,1,Dusuk,Mobil_Bildirim
YKM03865,60,49,37131.85084729151,35147.77422601524,4,Orta,39,0,3,1,0,Yuksek,Mobil_Bildirim
YKM03866,29,121,51424.43783601504,26129.43252720109,3,Orta,42,1,4,1,0,Orta,Mobil_Bildirim
YKM03867,42,97,46664.25658513149,20856.75289629015,4,Orta,36,0,3,1,0,Orta,Eposta
YKM03868,46,33,22598.437677399288,20150.813629914133,3,Yuksek,45,0,1,1,1,Orta,Mobil_Bildirim
YKM03869,27,51,50495.4831856972,21448.924567632766,6,Dusuk,49,0,2,1,1,Orta,Eposta
YKM03870,64,15,131305.6399561202,34480.072007460294,4,Dusuk,50,0,3,1,1,Orta,SMS
YKM03871,24,18,39584.44500315371,59099.91132887091,6,Orta,42,1,2,1,1,Yuksek,Mobil_Bildirim
YKM03872,35,153,63545.59564580388,39337.959043844996,2,Orta,38,0,0,1,1,Orta,SMS
YKM03873,28,65,26295.62820220816,37380.79864612304,1,Orta,50,0,2,1,0,Dusuk,SMS
YKM03874,51,134,43353.24883109369,22097.746617069544,5,Yuksek,47,0,3,1,0,Yuksek,SMS
YKM03875,48,55,60620.28451148709,59511.31363126412,6,Orta,37,0,0,1,0,Orta,SMS
YKM03876,58,56,29919.112220263723,66697.43874294017,2,Orta,33,1,3,0,1,Orta,Mobil_Bildirim
YKM03877,66,154,101492.24828975258,16274.910952738865,5,Yuksek,30,0,0,1,0,Orta,Mobil_Bildirim
YKM03878,35,20,24779.826581042897,73374.85473695392,2,Yuksek,42,0,0,1,0,Orta,Eposta
YKM03879,55,16,46374.13682753019,9098.70388575393,6,Yuksek,34,0,3,1,1,Yuksek,Eposta
YKM03880,32,125,62181.018941694405,20878.857104120794,5,Yuksek,36,0,2,0,1,Yuksek,Mobil_Bildirim
YKM03881,65,76,53802.973820486026,20384.621959162985,5,Dusuk,33,1,1,0,0,Orta,Mobil_Bildirim
YKM03882,49,84,36540.44538988513,26607.306449543492,5,Yuksek,24,0,1,1,1,Yuksek,Mobil_Bildirim
YKM03883,56,126,47863.88701736904,23330.599738099856,4,Dusuk,50,0,0,0,0,Orta,Mobil_Bildirim
YKM03884,61,85,51018.38366332356,25268.649477224477,2,Orta,33,0,3,1,0,Orta,Mobil_Bildirim
YKM03885,32,158,27762.587501549104,24760.10044133419,5,Orta,34,0,3,1,1,Orta,Eposta
YKM03886,50,115,76661.27613915481,40716.10612338491,3,Dusuk,37,0,1,0,1,Dusuk,SMS
YKM03887,39,5,78957.88280680413,16095.702025770574,4,Orta,35,0,2,0,0,Yuksek,SMS
YKM03888,44,40,58957.757516423146,20526.241244269364,4,Yuksek,36,0,1,1,1,Orta,Mobil_Bildirim
YKM03889,28,27,41244.38741590984,43087.268038249655,5,Yuksek,27,0,0,0,0,Yuksek,Mobil_Bildirim
YKM03890,62,168,14363.841507260915,28305.499967578315,2,Orta,34,0,1,1,1,Dusuk,Mobil_Bildirim
YKM03891,62,73,43461.302058440815,65131.512769459056,1,Yuksek,30,0,1,1,1,Dusuk,Mobil_Bildirim
YKM03892,20,123,52383.546215685536,37050.95520606539,2,Yuksek,24,0,0,1,1,Dusuk,Eposta
YKM03893,48,37,29565.56192533256,91001.93282641223,3,Yuksek,29,1,1,0,0,Yuksek,Mobil_Bildirim
YKM03894,41,49,26283.06600012517,19820.524787520757,5,Yuksek,46,0,2,1,1,Yuksek,Mobil_Bildirim
YKM03895,40,115,52604.17030621407,6654.829559669628,1,Yuksek,32,0,0,1,0,Dusuk,Mobil_Bildirim
YKM03896,32,41,74856.18663709065,14898.836557505305,3,Dusuk,54,0,1,1,1,Orta,Mobil_Bildirim
YKM03897,51,134,110747.14436251017,53239.90126593093,5,Orta,46,0,1,0,0,Orta,Mobil_Bildirim
YKM03898,45,132,43647.01139452425,27285.260133144122,4,Yuksek,43,0,0,1,0,Orta,Eposta
YKM03899,26,152,37862.72826701614,20416.23192731393,3,Yuksek,43,0,3,0,1,Orta,Mobil_Bildirim
YKM03900,37,45,47974.31684449383,14096.368730057986,3,Dusuk,24,0,0,1,1,Yuksek,SMS
YKM03901,66,76,32507.56922185292,25716.119774166298,6,Yuksek,35,0,2,1,1,Yuksek,Mobil_Bildirim
YKM03902,32,111,24315.930117072578,8890.417605298566,5,Orta,33,0,3,0,0,Yuksek,Mobil_Bildirim
YKM03903,62,19,61439.19467626332,12261.051870276226,3,Dusuk,33,0,0,1,0,Orta,SMS
YKM03904,36,136,96142.12742530966,23175.31237333527,5,Orta,30,0,3,0,1,Orta,Mobil_Bildirim
YKM03905,64,12,19830.2065751935,13988.118767633327,2,Yuksek,29,0,2,1,0,Orta,SMS
YKM03906,31,110,43478.286365030646,18112.171551046184,2,Yuksek,42,1,1,0,0,Orta,Mobil_Bildirim
YKM03907,47,169,43681.88001784522,5087.18529737934,4,Yuksek,47,0,1,0,0,Orta,Mobil_Bildirim
YKM03908,30,146,25785.38413459519,21625.004254105464,2,Dusuk,50,1,1,1,1,Orta,Mobil_Bildirim
YKM03909,58,58,27081.429656308857,35854.462564467554,4,Orta,32,0,1,1,0,Orta,SMS
YKM03910,26,48,42698.44661710481,30390.38754408532,1,Dusuk,30,0,0,1,1,Dusuk,SMS
YKM03911,64,101,28943.86869483114,46552.875735775524,1,Dusuk,30,0,1,1,1,Dusuk,Mobil_Bildirim
YKM03912,70,126,35270.54872587251,29789.719363548276,2,Yuksek,42,0,0,1,1,Orta,Mobil_Bildirim
YKM03913,65,95,25911.982255629704,24307.79111239226,6,Orta,33,0,2,0,1,Orta,Mobil_Bildirim
YKM03914,44,50,41701.18452135056,23860.469605514038,4,Dusuk,41,0,2,1,1,Yuksek,Mobil_Bildirim
YKM03915,30,90,48758.8184567152,40769.42339170101,2,Orta,39,0,2,1,1,Yuksek,Mobil_Bildirim
YKM03916,69,52,46758.48629406284,13611.231090845,5,Orta,35,1,2,1,1,Orta,SMS
YKM03917,67,174,107173.90211608753,52354.03132032375,4,Orta,39,0,1,1,1,Dusuk,SMS
YKM03918,58,43,49132.02144747094,29108.909857391158,3,Orta,37,1,3,0,0,Orta,SMS
YKM03919,48,20,77020.84837858874,22980.28052558566,4,Dusuk,39,1,1,1,0,Yuksek,SMS
YKM03920,35,129,51807.97383659627,30760.312652995668,3,Dusuk,42,0,3,1,0,Yuksek,SMS
YKM03921,22,127,51840.343500454466,62899.32783349297,4,Dusuk,22,1,0,1,0,Yuksek,Eposta
YKM03922,51,146,47425.17483732432,30921.832713740172,5,Orta,36,1,0,1,1,Yuksek,Mobil_Bildirim
YKM03923,44,38,29521.57060876427,11845.870742248811,6,Yuksek,40,1,3,0,1,Dusuk,SMS
YKM03924,27,78,89720.60685925896,37564.49569653237,6,Yuksek,34,1,1,1,1,Yuksek,Eposta
YKM03925,46,139,30695.607529033983,28089.507927645558,4,Dusuk,32,1,0,1,1,Yuksek,SMS
YKM03926,42,121,42589.02467061502,31675.927501074344,3,Yuksek,42,0,2,1,1,Yuksek,Eposta
YKM03927,34,39,30460.624074759886,18563.04571945073,4,Yuksek,40,1,0,1,0,Yuksek,Mobil_Bildirim
YKM03928,58,65,60299.0801263297,40588.852973474255,4,Orta,35,1,3,1,1,Yuksek,SMS
YKM03929,28,114,15250.201688792555,10617.508807402584,1,Yuksek,32,1,0,1,1,Orta,SMS
YKM03930,68,162,44570.372388229865,13481.424500195513,2,Dusuk,39,0,1,1,0,Dusuk,SMS
YKM03931,65,117,96964.42656968927,12500.934151085456,6,Orta,31,0,2,1,1,Dusuk,Eposta
YKM03932,30,174,38617.07556443281,92369.49376792241,2,Yuksek,34,0,1,0,1,Yuksek,Mobil_Bildirim
YKM03933,43,173,39124.429073196785,44376.090430030985,6,Yuksek,26,1,0,1,1,Yuksek,Eposta
YKM03934,39,62,35855.01087871379,38937.64403071283,4,Dusuk,36,0,2,0,0,Yuksek,SMS
YKM03935,66,1,44749.23066493071,47627.8391725219,2,Orta,42,0,2,1,1,Yuksek,SMS
YKM03936,40,37,29504.46179246923,29028.58760300744,6,Orta,40,0,1,1,1,Orta,Eposta
YKM03937,45,164,43224.94840831341,24278.652069993735,2,Yuksek,40,0,2,0,1,Yuksek,Eposta
YKM03938,32,44,15889.00749598485,18749.86226808066,2,Orta,40,0,1,0,0,Orta,SMS
YKM03939,43,158,28901.078624644542,27596.007842913594,6,Orta,27,0,2,1,0,Orta,Eposta
YKM03940,54,149,73519.08835540818,50263.76542311926,3,Orta,45,1,0,1,1,Dusuk,Eposta
YKM03941,69,139,48121.49725583724,22798.796417857673,3,Yuksek,32,0,3,1,1,Orta,Mobil_Bildirim
YKM03942,23,150,67822.27723707425,18997.44406555684,2,Dusuk,41,0,3,1,0,Yuksek,Mobil_Bildirim
YKM03943,39,40,37662.493362053625,27628.02758485044,2,Dusuk,34,0,3,1,0,Orta,SMS
YKM03944,62,107,40563.8502613412,39097.58548418886,4,Yuksek,31,0,0,1,1,Orta,SMS
YKM03945,61,122,27294.586008770995,15656.516138345954,2,Orta,27,1,1,1,0,Orta,Eposta
YKM03946,62,45,54110.86308210155,17407.70187328422,3,Yuksek,46,1,4,1,1,Dusuk,Mobil_Bildirim
YKM03947,27,73,28808.344785851492,20767.535572093828,6,Yuksek,34,1,1,1,1,Dusuk,SMS
YKM03948,60,27,40899.37140024879,20940.923088036674,4,Orta,49,1,3,1,1,Yuksek,Mobil_Bildirim
YKM03949,58,128,90696.47603562371,33414.35312788309,2,Orta,41,0,3,1,1,Orta,Mobil_Bildirim
YKM03950,52,13,60024.913049210845,39531.56427213083,3,Dusuk,47,0,2,1,1,Yuksek,Mobil_Bildirim
YKM03951,57,23,61495.515577365906,23947.348799085656,3,Yuksek,48,1,1,1,1,Dusuk,SMS
YKM03952,30,85,34943.22619395339,21181.60720164472,3,Orta,38,0,0,0,0,Yuksek,Mobil_Bildirim
YKM03953,30,45,48006.54633261156,9501.45977133138,2,Orta,41,1,2,0,1,Orta,Eposta
YKM03954,29,97,28950.25374290352,18844.411298722316,1,Yuksek,33,1,1,0,0,Orta,SMS
YKM03955,37,82,35494.47380125914,46721.84158023442,4,Yuksek,30,0,1,1,1,Yuksek,Mobil_Bildirim
YKM03956,21,37,45642.6327304065,48403.95227265402,3,Orta,32,0,0,1,0,Yuksek,Eposta
YKM03957,42,78,49460.802491677634,20825.98091621073,4,Yuksek,35,0,1,1,1,Orta,Eposta
YKM03958,25,21,46224.84477218735,45292.81415376598,5,Yuksek,40,0,3,1,1,Yuksek,SMS
YKM03959,47,145,58296.99110233723,19572.75871772388,1,Orta,30,0,1,1,1,Orta,Mobil_Bildirim
YKM03960,63,20,33172.86265646392,17423.835710919975,2,Orta,50,0,2,1,1,Yuksek,Eposta
YKM03961,70,55,26488.827300013174,36403.88007562132,5,Dusuk,30,0,1,0,1,Orta,Eposta
YKM03962,36,181,28991.596118297595,26234.29974184568,3,Yuksek,29,1,1,1,0,Yuksek,SMS
YKM03963,60,131,55719.186324764836,27948.286968625216,4,Dusuk,23,0,0,1,1,Dusuk,Mobil_Bildirim
YKM03964,55,21,57610.226074460385,37118.75875425969,3,Orta,42,0,2,1,1,Dusuk,Mobil_Bildirim
YKM03965,67,128,38929.120899181966,14756.86575500981,3,Dusuk,48,0,2,1,1,Orta,Mobil_Bildirim
YKM03966,44,123,30403.622742400104,34928.1522718808,1,Yuksek,38,0,0,1,1,Orta,Mobil_Bildirim
YKM03967,22,83,40852.978506694126,37357.422810053526,5,Dusuk,45,1,4,1,0,Orta,Eposta
YKM03968,26,21,32928.92359156675,60489.67148853306,3,Orta,46,0,1,1,1,Yuksek,SMS
YKM03969,36,58,40524.40484339115,13445.12991462031,1,Orta,36,0,0,1,1,Orta,Eposta
YKM03970,23,79,56390.56056921989,29965.67632038581,5,Orta,37,0,2,1,0,Yuksek,Mobil_Bildirim
YKM03971,43,4,51626.79666219596,14830.616066925566,1,Orta,33,1,2,1,1,Dusuk,Mobil_Bildirim
YKM03972,31,117,86779.47366822932,25375.168058622214,3,Yuksek,28,1,4,1,1,Dusuk,SMS
YKM03973,35,101,48081.55773277835,24049.76220258939,4,Orta,33,0,0,1,1,Orta,SMS
YKM03974,66,153,42301.45949166364,21489.369305706798,4,Yuksek,38,0,1,1,1,Orta,SMS
YKM03975,55,69,49688.305542144466,21523.13833375289,5,Dusuk,40,1,1,1,1,Orta,SMS
YKM03976,35,15,58891.53374956709,12662.847463615168,6,Orta,40,0,1,1,1,Yuksek,Mobil_Bildirim
YKM03977,51,71,75524.21134074971,18718.32623175681,3,Orta,30,0,1,1,1,Orta,Mobil_Bildirim
YKM03978,69,17,38547.53569712379,42103.92794250028,3,Yuksek,32,0,0,0,1,Orta,Mobil_Bildirim
YKM03979,35,44,23089.234612790562,23457.462717795213,4,Orta,39,0,3,1,1,Dusuk,Eposta
YKM03980,50,13,54031.633700563216,35682.4305165911,5,Yuksek,37,1,2,1,1,Orta,Mobil_Bildirim
YKM03981,51,1,48238.34980154226,30865.77588103477,3,Orta,32,0,1,1,1,Orta,Eposta
YKM03982,44,21,68052.74973391059,25053.22220074694,2,Dusuk,54,0,5,1,1,Orta,Mobil_Bildirim
YKM03983,35,164,105186.15430648933,34751.24686264411,5,Dusuk,34,0,2,1,1,Yuksek,SMS
YKM03984,25,159,40566.93377869118,26848.18032309179,2,Orta,40,1,1,1,1,Orta,Mobil_Bildirim
YKM03985,33,136,36779.36330700219,14652.602791853953,3,Dusuk,33,0,2,1,1,Orta,SMS
YKM03986,59,135,108395.58708314909,30509.61349514336,3,Dusuk,27,0,2,0,0,Dusuk,Mobil_Bildirim
YKM03987,31,104,46971.40434300261,48641.696025487785,5,Yuksek,47,0,1,1,0,Yuksek,SMS
YKM03988,54,1,40519.441337466546,41932.489965944216,1,Orta,30,0,0,0,0,Dusuk,Eposta
YKM03989,30,8,32015.21164083018,56847.05826877452,5,Orta,31,0,0,1,1,Orta,SMS
YKM03990,52,143,93991.46249987461,29943.781344007795,3,Yuksek,40,0,0,1,1,Yuksek,Mobil_Bildirim
YKM03991,56,81,44780.153406485304,24299.420485262148,6,Orta,36,0,3,1,1,Yuksek,Mobil_Bildirim
YKM03992,27,167,20990.581459081637,36467.77863257605,4,Orta,46,0,2,1,1,Yuksek,SMS
YKM03993,27,33,37993.1780911927,37284.08015191469,3,Yuksek,34,0,0,1,1,Yuksek,SMS
YKM03994,53,134,94083.44936010396,37974.87964962096,2,Yuksek,21,0,0,1,1,Orta,SMS
YKM03995,25,116,43388.87768534392,64378.18139098592,2,Yuksek,40,0,1,0,1,Yuksek,Mobil_Bildirim
YKM03996,51,139,59845.89975955073,23047.84000784509,4,Orta,35,0,4,1,0,Orta,SMS
YKM03997,66,142,42813.67390867268,30951.522930218103,2,Orta,28,0,2,0,0,Orta,SMS
YKM03998,66,145,57089.24894483112,28646.135675317397,2,Yuksek,37,0,2,0,0,Dusuk,Mobil_Bildirim
YKM03999,57,146,58851.62212899445,25695.630089324088,3,Yuksek,42,1,0,0,1,Yuksek,Mobil_Bildirim
YKM04000,47,147,20422.915206905785,34663.451564788375,5,Orta,16,1,3,1,1,Orta,Mobil_Bildirim
YKM04001,69,98,33484.27154871553,29267.71879560012,1,Dusuk,36,1,2,1,1,Yuksek,SMS
YKM04002,32,85,73333.98057898568,40366.46743445478,2,Orta,38,0,2,1,1,Orta,Mobil_Bildirim
YKM04003,35,49,29359.913807530458,60356.14694412079,5,Yuksek,37,0,0,1,1,Orta,Eposta
YKM04004,43,53,25026.946019010094,17247.741577133766,2,Orta,33,0,0,1,1,Yuksek,SMS
YKM04005,30,4,43216.84725858848,23370.56508248117,6,Orta,29,0,2,1,0,Orta,Eposta
YKM04006,25,5,57971.76220577825,49673.310776405066,4,Dusuk,48,0,3,1,0,Yuksek,SMS
YKM04007,39,98,53438.42599935665,40895.913174666726,2,Dusuk,35,1,4,1,1,Orta,Mobil_Bildirim
YKM04008,64,158,77531.01421231533,25493.689923480048,2,Yuksek,41,0,2,1,1,Orta,SMS
YKM04009,57,64,32500.048315603537,14107.517784084514,3,Yuksek,46,0,1,1,1,Yuksek,Mobil_Bildirim
YKM04010,71,99,30886.052777976864,10370.110298683006,3,Yuksek,37,0,3,1,0,Yuksek,Mobil_Bildirim
YKM04011,29,75,62291.97597380572,30390.417973075448,1,Dusuk,26,0,1,0,1,Dusuk,Mobil_Bildirim
YKM04012,29,9,77728.20941699688,22995.228218377804,2,Dusuk,38,0,3,1,1,Yuksek,Mobil_Bildirim
YKM04013,68,39,73100.88572597712,27471.487631987522,2,Orta,34,1,1,0,1,Orta,SMS
YKM04014,46,182,70794.80552646033,23018.583548657956,5,Orta,32,1,2,1,1,Orta,Mobil_Bildirim
YKM04015,29,39,102279.95476610593,16361.206794644604,2,Yuksek,36,0,2,1,1,Orta,Mobil_Bildirim
YKM04016,28,20,27336.668999348094,28679.478157489077,3,Orta,43,0,1,1,1,Orta,Mobil_Bildirim
YKM04017,28,33,36742.95423396183,17719.641059939175,3,Yuksek,31,0,1,1,0,Yuksek,SMS
YKM04018,39,125,46775.89892817692,36160.08164352203,5,Yuksek,37,1,0,1,0,Yuksek,Mobil_Bildirim
YKM04019,57,123,56184.0673731929,47397.07095907399,3,Orta,33,0,0,0,1,Yuksek,SMS
YKM04020,38,56,31773.242555973928,13824.960861243459,6,Yuksek,25,1,3,0,1,Orta,Mobil_Bildirim
YKM04021,67,174,23301.327644285077,83331.21360452661,5,Yuksek,35,1,2,1,0,Orta,Mobil_Bildirim
YKM04022,26,130,46984.042250783445,23067.895698121712,5,Orta,42,0,2,1,1,Yuksek,SMS
YKM04023,54,68,22100.31755343547,24799.942951267654,1,Orta,36,0,2,0,0,Yuksek,Mobil_Bildirim
YKM04024,37,64,39398.79494511791,18535.069317213798,6,Orta,32,0,2,1,0,Orta,Mobil_Bildirim
YKM04025,43,24,65450.89377785635,44000.850072338486,3,Yuksek,41,0,2,1,1,Orta,Mobil_Bildirim
YKM04026,56,44,43660.92095053985,17591.23599960712,5,Orta,32,0,0,0,0,Orta,SMS
YKM04027,44,181,53316.307917658385,36124.838550039174,4,Orta,30,0,0,0,0,Yuksek,Eposta
YKM04028,44,13,79888.22178572434,13821.60408403984,6,Orta,35,1,1,1,1,Orta,Mobil_Bildirim
YKM04029,64,168,24224.530411573858,17134.572528983088,4,Yuksek,31,0,1,0,0,Orta,SMS
YKM04030,58,84,32626.488416079585,33926.02174044033,5,Yuksek,44,1,0,1,1,Orta,SMS
YKM04031,59,127,39706.25150494625,44258.24540358648,3,Dusuk,38,0,1,1,1,Yuksek,Mobil_Bildirim
YKM04032,58,131,38852.57079587534,23676.765034733446,1,Orta,41,0,1,0,1,Orta,SMS
YKM04033,53,136,26878.47146593131,9602.899664637349,5,Yuksek,38,0,0,1,0,Yuksek,SMS
YKM04034,58,107,42013.857006729835,32015.11766534409,3,Orta,35,0,0,1,1,Yuksek,SMS
YKM04035,21,85,46175.72846377523,35466.716443710364,1,Orta,25,0,3,1,1,Orta,SMS
YKM04036,56,14,38090.10448802408,20755.29134671954,6,Orta,32,0,3,1,1,Orta,Eposta
YKM04037,34,109,17790.771519350295,14230.620652480617,5,Yuksek,42,0,1,0,1,Orta,SMS
YKM04038,28,175,60914.46106708017,18310.092330834814,4,Dusuk,34,0,2,1,1,Yuksek,Eposta
YKM04039,64,169,34482.48129307815,23476.31137352902,3,Yuksek,33,0,2,1,0,Orta,Mobil_Bildirim
YKM04040,35,6,45713.5080305867,24425.156963168694,6,Orta,32,0,3,1,1,Dusuk,Eposta
YKM04041,34,5,27447.933164909802,19786.445678704913,6,Orta,43,0,1,1,1,Yuksek,Mobil_Bildirim
YKM04042,69,53,28717.40610526322,42967.22580416346,4,Dusuk,32,0,3,1,1,Yuksek,SMS
YKM04043,31,73,24612.480957219217,22908.032567485523,5,Dusuk,38,0,0,1,1,Yuksek,SMS
YKM04044,45,88,45556.828056122264,25499.07268795796,2,Yuksek,33,0,1,0,1,Orta,Eposta
YKM04045,21,164,27959.061543127395,9115.246867702044,5,Orta,48,0,2,1,0,Dusuk,Eposta
YKM04046,41,99,39641.56050012389,36881.68972188098,3,Yuksek,41,1,1,1,1,Yuksek,SMS
YKM04047,53,142,29072.072130391625,9269.938890322663,2,Orta,41,0,2,1,0,Yuksek,SMS
YKM04048,67,69,39861.5552327878,10113.864317994708,4,Orta,42,1,1,1,1,Orta,SMS
YKM04049,44,1,38289.902042441754,14038.292293693816,5,Orta,38,0,0,1,1,Orta,Mobil_Bildirim
YKM04050,49,143,26519.815195637537,39660.5892338471,2,Yuksek,38,0,1,1,0,Dusuk,SMS
YKM04051,63,164,22358.090468085546,29063.8208639542,4,Orta,31,0,0,1,1,Orta,SMS
YKM04052,57,26,36208.93568480174,40720.93246258336,6,Orta,48,0,0,1,0,Orta,SMS
YKM04053,40,136,58640.27489294904,55612.515140755735,1,Orta,40,0,3,1,0,Orta,Mobil_Bildirim
YKM04054,38,16,37425.85233993458,43992.91224386111,3,Dusuk,31,0,1,1,0,Yuksek,Eposta
YKM04055,67,101,50038.42285069945,44045.96629857279,6,Yuksek,38,0,1,1,0,Yuksek,SMS
YKM04056,28,33,35843.10285802481,34518.05783428375,4,Orta,36,0,1,1,1,Orta,Eposta
YKM04057,44,110,64578.48513749658,20654.984998616073,2,Dusuk,33,1,1,1,0,Orta,SMS
YKM04058,70,9,38746.11107336448,20313.524665942798,2,Orta,33,1,4,1,1,Dusuk,Eposta
YKM04059,44,179,45694.818660438046,24291.494980748117,4,Yuksek,42,0,1,1,1,Dusuk,Mobil_Bildirim
YKM04060,66,161,31905.88520588472,12284.731886546186,4,Yuksek,39,0,2,1,1,Yuksek,Eposta
YKM04061,49,153,50486.1672857044,66395.72029505514,6,Orta,42,1,2,1,1,Orta,Mobil_Bildirim
YKM04062,58,84,37208.76222861895,41371.877837546475,1,Yuksek,31,0,0,1,0,Orta,Mobil_Bildirim
YKM04063,46,86,37626.59203102621,35507.07227477009,5,Dusuk,46,0,2,1,1,Dusuk,SMS
YKM04064,37,55,44299.78262194029,29006.744734730062,2,Orta,37,1,4,1,0,Yuksek,Mobil_Bildirim
YKM04065,49,102,45082.867932683745,22693.097352931854,2,Dusuk,33,0,2,1,1,Orta,SMS
YKM04066,40,120,73171.02444655036,25333.62049189939,1,Orta,28,0,1,0,1,Orta,Eposta
YKM04067,68,15,51991.23143042752,112488.39335870447,5,Orta,44,1,1,1,0,Orta,Eposta
YKM04068,26,32,52625.95968552621,38748.80554505446,4,Yuksek,40,0,3,1,1,Orta,Mobil_Bildirim
YKM04069,49,15,43156.69829002399,26033.1067070501,4,Yuksek,46,0,1,0,1,Orta,Eposta
YKM04070,49,1,78492.84640964912,22341.14112481194,4,Orta,36,1,1,1,0,Yuksek,Eposta
YKM04071,67,18,26058.215696875184,28107.59394000055,3,Yuksek,33,0,2,1,0,Orta,SMS
YKM04072,27,29,34297.1536720495,31151.75403179612,5,Yuksek,41,0,2,0,0,Dusuk,Eposta
YKM04073,66,55,49717.691948818814,25254.7356497526,2,Orta,33,0,0,1,1,Orta,SMS
YKM04074,23,176,43316.297208569136,14844.456776472252,4,Orta,41,0,2,1,1,Orta,SMS
YKM04075,65,136,45282.65152074623,9512.8789309853,1,Yuksek,37,0,2,0,0,Yuksek,Mobil_Bildirim
YKM04076,42,147,32917.59525260396,28657.511896485463,6,Orta,28,0,2,1,0,Orta,Eposta
YKM04077,29,88,15330.985554186185,24319.611517540856,4,Yuksek,30,1,1,0,1,Yuksek,SMS
YKM04078,32,112,27768.394629685943,20276.398620955864,2,Yuksek,37,0,1,1,1,Yuksek,SMS
YKM04079,36,166,37857.75682068614,8422.251768706497,6,Orta,31,0,4,1,0,Orta,Eposta
YKM04080,51,82,63748.869578918726,31199.662493646294,3,Yuksek,23,0,0,1,1,Dusuk,SMS
YKM04081,61,33,58679.83833067041,32906.92919271184,1,Yuksek,39,0,0,1,1,Orta,SMS
YKM04082,26,9,79984.1386904802,23528.07504590942,1,Dusuk,44,0,2,1,1,Yuksek,Mobil_Bildirim
YKM04083,39,73,39034.45070942557,14217.498394611845,6,Orta,29,1,2,1,1,Yuksek,Eposta
YKM04084,45,185,56478.187011467766,47319.85321781609,3,Yuksek,33,0,1,0,1,Dusuk,SMS
YKM04085,68,59,110246.43619401245,48809.21775224999,4,Yuksek,20,0,3,1,1,Orta,Mobil_Bildirim
YKM04086,69,167,41215.68832040789,9120.277111045063,2,Dusuk,35,0,1,1,0,Dusuk,SMS
YKM04087,55,140,46824.120486323365,33823.49666638184,3,Yuksek,38,0,2,1,1,Dusuk,Mobil_Bildirim
YKM04088,60,141,30465.449526563487,47104.856356967546,6,Orta,45,0,2,1,1,Yuksek,SMS
YKM04089,40,15,40433.26677947712,70621.10785063608,6,Orta,33,0,1,0,1,Orta,SMS
YKM04090,68,67,43923.34205483045,20004.309349116207,5,Dusuk,33,0,3,1,1,Yuksek,SMS
YKM04091,37,163,34447.8960315147,25692.158895554996,6,Orta,39,0,0,1,1,Dusuk,Mobil_Bildirim
YKM04092,35,133,105045.05503509242,18759.70995378141,5,Dusuk,48,1,1,1,0,Orta,SMS
YKM04093,59,20,34762.68855766935,16137.780783488248,3,Dusuk,37,1,3,1,0,Orta,Mobil_Bildirim
YKM04094,19,23,19943.322529197816,38932.27290436344,5,Dusuk,32,0,2,0,1,Orta,SMS
YKM04095,52,136,44534.5639242607,21138.524491130996,2,Orta,34,0,1,1,1,Orta,Mobil_Bildirim
YKM04096,56,118,19450.596131630915,43161.704526082576,4,Orta,44,0,0,0,1,Orta,Mobil_Bildirim
YKM04097,61,159,14282.907546805025,40193.37391872501,5,Dusuk,45,0,3,0,1,Orta,Mobil_Bildirim
YKM04098,30,168,25327.14788060682,41835.11631917482,4,Dusuk,43,0,2,1,0,Orta,Mobil_Bildirim
YKM04099,55,91,33091.87782821718,23430.19255352228,5,Yuksek,30,1,1,1,1,Yuksek,Mobil_Bildirim
YKM04100,65,112,57163.12586253292,25351.290069140967,3,Orta,40,0,0,1,1,Yuksek,Mobil_Bildirim
YKM04101,37,149,51900.503588305066,14903.391030377705,4,Dusuk,46,0,1,1,0,Yuksek,Eposta
YKM04102,32,161,45040.88217699521,37873.5473284093,5,Dusuk,34,0,0,1,1,Dusuk,Mobil_Bildirim
YKM04103,56,14,154981.3282154148,85781.91642190474,1,Yuksek,40,0,1,1,1,Orta,Mobil_Bildirim
YKM04104,61,138,52283.675382067755,20048.34901774561,2,Yuksek,42,0,0,1,0,Orta,SMS
YKM04105,65,151,31325.768505764867,13382.144064507745,4,Yuksek,44,0,2,1,1,Yuksek,Eposta
YKM04106,58,112,36648.133808042505,28086.23774799259,3,Yuksek,44,0,0,1,1,Orta,SMS
YKM04107,43,184,77085.71512007504,33102.12673700051,3,Yuksek,44,0,0,1,0,Yuksek,Eposta
YKM04108,40,6,34035.64770334217,16257.506426857006,6,Yuksek,45,0,1,1,1,Orta,SMS
YKM04109,70,47,22514.669980116912,16040.59962266185,5,Dusuk,43,0,1,1,1,Yuksek,Mobil_Bildirim
YKM04110,57,175,149562.4604533093,14617.28478164977,3,Dusuk,35,0,1,0,0,Yuksek,Mobil_Bildirim
YKM04111,31,178,20484.61176827424,25653.446008795476,4,Orta,41,0,0,1,1,Orta,Mobil_Bildirim
YKM04112,38,47,50247.729999550684,14349.790845808151,3,Dusuk,27,0,0,1,1,Yuksek,SMS
YKM04113,23,154,12908.176601607709,9800.083997311729,5,Orta,35,1,0,1,1,Orta,Mobil_Bildirim
YKM04114,30,145,97191.56020060746,22655.772617365583,4,Orta,52,0,1,0,1,Orta,SMS
YKM04115,26,116,33890.45840828998,18020.04935936469,3,Orta,41,0,1,1,0,Orta,SMS
YKM04116,49,80,91793.17222611699,11672.07355187097,4,Yuksek,48,0,0,1,1,Orta,Mobil_Bildirim
YKM04117,62,24,39608.87184320606,20295.841166114787,6,Yuksek,48,0,1,1,0,Orta,Mobil_Bildirim
YKM04118,61,101,30636.125742572207,16680.100998591533,5,Dusuk,42,0,3,0,1,Orta,Mobil_Bildirim
YKM04119,33,81,27528.25307979855,30156.485409391098,2,Orta,33,1,1,1,1,Dusuk,SMS
YKM04120,26,168,39738.5519832379,66548.66380066297,4,Yuksek,39,1,4,1,1,Orta,Eposta
YKM04121,39,128,95864.15727516952,10981.637233678297,2,Orta,44,0,0,1,0,Dusuk,Eposta
YKM04122,23,91,36974.59853941795,40008.854821951,5,Orta,37,0,1,1,1,Yuksek,SMS
YKM04123,30,150,29466.12881675047,28999.59413907252,1,Orta,31,0,2,1,0,Orta,Eposta
YKM04124,30,28,72794.38647898006,40415.18280663589,3,Orta,37,0,3,1,0,Orta,SMS
YKM04125,58,38,26547.71841993521,10755.643556686195,6,Yuksek,39,0,0,1,1,Orta,Eposta
YKM04126,67,176,58036.464612049676,31048.94439571981,6,Orta,42,0,0,1,1,Yuksek,Mobil_Bildirim
YKM04127,24,98,53065.18168704946,17646.68654942368,1,Orta,40,0,0,1,1,Yuksek,Mobil_Bildirim
YKM04128,36,68,115270.88479941917,48922.239221092845,5,Orta,31,0,1,1,1,Yuksek,Mobil_Bildirim
YKM04129,61,148,31949.656083903774,17593.2147073779,6,Yuksek,31,0,0,1,0,Orta,Mobil_Bildirim
YKM04130,47,122,19012.024592109803,29520.234742881723,6,Yuksek,24,0,2,1,1,Orta,Mobil_Bildirim
YKM04131,58,1,26551.760067547428,16050.1304366721,1,Orta,32,0,1,1,0,Yuksek,SMS
YKM04132,33,132,55599.883972240284,11009.533966598654,5,Yuksek,31,0,2,1,0,Yuksek,Mobil_Bildirim
YKM04133,26,92,44392.39189466567,14836.943932637972,4,Yuksek,54,0,3,0,1,Orta,SMS
YKM04134,29,58,34582.87865682752,50243.8347973375,4,Orta,33,1,2,0,1,Yuksek,SMS
YKM04135,26,78,40515.15392956613,23439.824188192895,5,Dusuk,35,0,1,0,1,Dusuk,Mobil_Bildirim
YKM04136,29,130,17442.929071496954,28640.613918642637,3,Yuksek,31,1,1,1,1,Yuksek,Mobil_Bildirim
YKM04137,54,28,63084.37441744478,24107.350751301987,4,Orta,43,0,1,1,1,Yuksek,Mobil_Bildirim
YKM04138,54,159,36951.51486644055,27586.7129177527,6,Orta,43,0,0,1,0,Yuksek,Eposta
YKM04139,28,35,46608.405591341136,14723.933654318733,5,Orta,35,1,1,1,1,Orta,SMS
YKM04140,25,86,33859.77984702147,28470.27252540175,1,Yuksek,42,0,1,1,1,Yuksek,Eposta
YKM04141,61,108,104894.07495481477,20596.018359732443,5,Yuksek,37,0,1,1,1,Orta,SMS
YKM04142,28,17,26799.497381777546,11746.26457611668,2,Orta,32,0,0,0,1,Orta,Mobil_Bildirim
YKM04143,41,156,48667.638784576295,10633.577344870586,1,Orta,31,0,4,1,1,Orta,SMS
YKM04144,64,97,26849.374371263937,30766.668189436892,5,Yuksek,44,0,0,1,1,Orta,SMS
YKM04145,53,47,54610.30430179903,24119.886113565426,1,Yuksek,35,0,1,0,1,Dusuk,Mobil_Bildirim
YKM04146,65,164,62034.32065148126,43089.60940138653,3,Orta,32,0,2,1,0,Dusuk,Mobil_Bildirim
YKM04147,26,62,59936.307740549855,47591.87426839941,1,Orta,49,1,1,1,1,Dusuk,SMS
YKM04148,41,158,103308.44851816531,32612.016315129305,3,Orta,33,1,2,1,1,Orta,SMS
YKM04149,29,45,18297.917267140176,35255.70296669841,2,Orta,32,0,0,0,0,Yuksek,Mobil_Bildirim
YKM04150,62,77,15349.780661676505,15040.248510497046,6,Orta,35,0,2,1,1,Yuksek,Mobil_Bildirim
YKM04151,38,84,53175.76687483858,55979.93789899989,4,Dusuk,41,0,3,1,0,Dusuk,SMS
YKM04152,68,103,34807.199805031174,17100.085722102274,2,Yuksek,57,0,0,1,1,Yuksek,Mobil_Bildirim
YKM04153,42,55,28381.02215406501,43164.620488532,3,Yuksek,38,1,4,1,1,Orta,SMS
YKM04154,53,35,75319.64544836132,13341.939985277148,1,Orta,35,1,3,1,1,Dusuk,SMS
YKM04155,30,171,16851.344398735957,20152.005957050187,3,Orta,46,0,3,1,1,Yuksek,Mobil_Bildirim
YKM04156,23,162,56992.00757997452,22672.761715980214,3,Orta,46,0,1,0,0,Dusuk,Eposta
YKM04157,39,111,105683.31977707484,20245.809434583643,1,Yuksek,41,0,2,1,1,Orta,Eposta
YKM04158,47,99,53930.26020262962,44306.53940569479,3,Orta,39,1,2,0,1,Dusuk,Mobil_Bildirim
YKM04159,29,152,27409.37280124202,43325.421248533276,6,Yuksek,32,0,0,1,0,Dusuk,Mobil_Bildirim
YKM04160,65,110,47882.10194762162,30926.16301512372,3,Dusuk,34,0,2,1,0,Yuksek,Eposta
YKM04161,60,175,30650.117318434222,25439.489210136435,5,Yuksek,32,0,1,1,1,Orta,Eposta
YKM04162,48,146,39379.03895336058,44157.409272618184,3,Dusuk,36,1,2,0,1,Orta,Mobil_Bildirim
YKM04163,36,7,25894.881393770436,27572.584128066363,6,Dusuk,35,0,1,1,0,Orta,Eposta
YKM04164,41,87,38836.8533992156,22313.216250621856,6,Yuksek,45,0,1,1,1,Orta,Eposta
YKM04165,32,37,28482.934784185105,23261.30370865473,6,Yuksek,38,0,1,1,1,Orta,Eposta
YKM04166,61,112,24732.17834355622,13044.265082576234,1,Orta,28,0,4,1,1,Yuksek,Mobil_Bildirim
YKM04167,60,35,99935.54444521069,35151.81313870665,6,Orta,38,1,1,1,0,Dusuk,SMS
YKM04168,38,116,36625.066856443096,32587.265340687733,6,Yuksek,32,0,0,0,1,Yuksek,Eposta
YKM04169,32,143,35235.74553652872,40879.615193341044,1,Orta,26,0,2,0,1,Dusuk,Eposta
YKM04170,54,1,55142.18427807096,39418.918073126646,5,Orta,44,0,1,1,1,Orta,Eposta
YKM04171,40,20,92219.64370426774,18456.325484484045,2,Orta,33,1,3,1,0,Yuksek,Mobil_Bildirim
YKM04172,70,68,48390.11519784099,18786.475265611774,5,Yuksek,35,0,1,1,1,Yuksek,Eposta
YKM04173,25,6,70601.38599973237,23995.057071671545,2,Yuksek,43,0,2,1,1,Yuksek,SMS
YKM04174,39,8,29376.290512575175,20021.451481301705,5,Orta,39,0,2,1,0,Yuksek,Mobil_Bildirim
YKM04175,44,156,43003.0211734967,27804.25372588861,4,Dusuk,43,1,2,1,0,Yuksek,Eposta
YKM04176,67,113,18134.05426425266,30557.211301487267,5,Orta,46,0,2,1,0,Yuksek,SMS
YKM04177,47,48,44452.52890778547,7870.47639075754,4,Dusuk,44,0,0,1,0,Yuksek,Mobil_Bildirim
YKM04178,39,53,139083.34092019463,14397.419883507879,2,Dusuk,48,0,0,1,1,Dusuk,Mobil_Bildirim
YKM04179,25,114,21108.118425410048,20366.87095732784,4,Orta,32,1,0,1,1,Orta,Mobil_Bildirim
YKM04180,35,51,54672.53905389581,20097.83280917596,6,Yuksek,53,1,2,1,1,Dusuk,Mobil_Bildirim
YKM04181,46,77,28170.281230374814,81180.87208057755,4,Orta,26,1,2,1,0,Dusuk,Eposta
YKM04182,32,77,33452.30486335126,34913.61473016454,4,Orta,31,1,1,0,0,Orta,Mobil_Bildirim
YKM04183,31,77,32656.448595305257,41799.305043454464,1,Yuksek,44,1,0,0,1,Orta,SMS
YKM04184,38,115,74835.63247951564,19954.683579835306,6,Yuksek,43,0,1,1,0,Yuksek,Mobil_Bildirim
YKM04185,47,77,37849.977287925234,24421.510903369388,4,Orta,43,1,0,1,0,Orta,Mobil_Bildirim
YKM04186,68,124,28927.69183470022,21139.356211698203,1,Orta,38,0,2,0,1,Yuksek,SMS
YKM04187,63,34,53059.42840196486,22115.783147955888,2,Yuksek,41,0,1,1,1,Orta,Mobil_Bildirim
YKM04188,68,88,71264.04742731337,34659.29367315977,6,Yuksek,30,0,0,0,0,Dusuk,Mobil_Bildirim
YKM04189,38,165,28528.94441248562,37180.67806078918,1,Yuksek,44,0,4,1,1,Orta,Mobil_Bildirim
YKM04190,71,148,30716.000177511574,20361.117686677833,1,Yuksek,40,0,4,1,1,Orta,Mobil_Bildirim
YKM04191,33,117,18638.185578127337,35987.516968346594,1,Yuksek,37,1,0,1,1,Orta,SMS
YKM04192,49,156,57860.976123067296,28883.28613811068,4,Yuksek,44,1,0,1,1,Yuksek,SMS
YKM04193,54,56,58325.733094411444,15218.57650906131,5,Dusuk,35,1,4,1,1,Yuksek,Eposta
YKM04194,20,158,24281.561601034588,13214.407775987256,2,Dusuk,21,0,1,1,0,Orta,Eposta
YKM04195,43,93,77182.77910496318,29002.083257828624,3,Dusuk,38,0,0,1,1,Dusuk,Mobil_Bildirim
YKM04196,28,7,25293.231147849874,19811.833516479204,1,Orta,41,0,1,1,1,Orta,SMS
YKM04197,64,68,44857.785667775504,23057.240602060847,2,Orta,34,0,4,1,0,Dusuk,Eposta
YKM04198,40,156,38517.325354393055,25529.821901946005,5,Yuksek,37,1,1,1,1,Orta,Mobil_Bildirim
YKM04199,20,153,40299.92166489495,23930.30780769522,6,Yuksek,45,0,3,1,1,Orta,Mobil_Bildirim
YKM04200,50,21,48253.32868072752,10746.855517330114,4,Orta,33,0,2,1,1,Yuksek,Mobil_Bildirim
YKM04201,50,99,68748.11009840059,21993.87023277618,3,Dusuk,31,0,3,1,1,Yuksek,Mobil_Bildirim
YKM04202,64,30,38681.41973992083,23115.15570478989,3,Orta,31,1,3,1,1,Yuksek,Mobil_Bildirim
YKM04203,46,38,34017.49267476942,19942.11681010445,3,Orta,37,0,0,1,1,Orta,SMS
YKM04204,52,156,76180.78389365836,24049.016103661892,5,Orta,44,1,0,1,0,Yuksek,Mobil_Bildirim
YKM04205,61,7,35909.883488728774,22976.798815170972,4,Yuksek,42,0,1,1,1,Orta,SMS
YKM04206,67,100,25488.497322103918,10088.165603543524,6,Dusuk,39,0,0,1,1,Yuksek,Mobil_Bildirim
YKM04207,23,168,59955.50565235482,35541.23001618686,5,Yuksek,31,0,2,0,0,Yuksek,Eposta
YKM04208,22,119,40393.38926098833,27209.18684944457,2,Yuksek,44,0,2,1,0,Orta,Mobil_Bildirim
YKM04209,24,18,100066.02765937356,38168.50030246235,3,Dusuk,36,0,2,1,1,Orta,Eposta
YKM04210,23,29,43738.086891468934,16711.690877793306,2,Yuksek,28,0,1,1,1,Yuksek,SMS
YKM04211,22,119,39290.56123141196,73891.04079938738,6,Orta,39,0,2,1,0,Yuksek,Mobil_Bildirim
YKM04212,62,53,82120.11108288863,21473.81169883507,5,Orta,41,0,0,1,1,Yuksek,Mobil_Bildirim
YKM04213,68,18,64309.81384375507,20153.35616239259,3,Dusuk,28,1,0,1,1,Yuksek,SMS
YKM04214,44,6,34575.78402748724,17819.26239037687,3,Dusuk,25,1,2,1,1,Dusuk,SMS
YKM04215,24,72,32460.31885613395,31333.093121215144,1,Yuksek,37,0,1,0,1,Dusuk,SMS
YKM04216,47,74,31546.190366482344,66854.6282714919,3,Yuksek,41,0,1,1,0,Orta,Mobil_Bildirim
YKM04217,70,113,56793.63002012598,35118.2167018063,6,Dusuk,27,0,2,0,1,Orta,Eposta
YKM04218,34,88,65604.7653948299,17782.16571637228,3,Yuksek,35,0,0,1,1,Dusuk,Mobil_Bildirim
YKM04219,33,44,29408.738490124662,23596.313800355372,3,Yuksek,39,0,2,1,0,Yuksek,Eposta
YKM04220,48,126,65029.28222752221,18922.18683484604,2,Orta,42,1,1,1,1,Yuksek,SMS
YKM04221,39,104,42393.64450938039,21388.68960330415,4,Orta,49,0,1,1,1,Yuksek,Mobil_Bildirim
YKM04222,38,184,56847.494823341425,52101.49723145551,1,Yuksek,34,0,1,1,0,Orta,Mobil_Bildirim
YKM04223,45,70,85797.06534404714,5259.060682363928,3,Orta,37,0,1,1,1,Dusuk,Mobil_Bildirim
YKM04224,50,30,30454.644519120884,57448.50161375881,4,Orta,36,0,1,1,1,Yuksek,Mobil_Bildirim
YKM04225,65,14,58380.3410932298,60941.015179804264,3,Orta,41,1,1,1,1,Yuksek,Eposta
YKM04226,26,84,48938.19877608478,20097.78284703239,5,Yuksek,31,0,0,1,0,Yuksek,SMS
YKM04227,37,118,34694.85305533499,16645.792711102502,1,Orta,35,0,1,1,1,Orta,Mobil_Bildirim
YKM04228,55,104,22757.832055164596,62103.8650275954,3,Orta,29,0,2,1,1,Orta,Mobil_Bildirim
YKM04229,53,97,59601.7882282777,72419.87301310671,1,Yuksek,36,0,0,1,0,Yuksek,Mobil_Bildirim
YKM04230,63,65,79704.68000603678,18384.222237514845,5,Orta,35,0,3,1,1,Orta,Eposta
YKM04231,31,150,22730.664230073253,22244.613793428616,3,Yuksek,44,1,1,1,1,Yuksek,SMS
YKM04232,47,16,42523.72307313882,20400.68634026513,5,Orta,42,0,1,1,1,Dusuk,SMS
YKM04233,43,71,27590.61923081169,15728.03416163542,3,Dusuk,41,0,0,1,1,Yuksek,Mobil_Bildirim
YKM04234,37,62,44382.83583029135,9506.382515851548,4,Orta,46,0,2,1,1,Dusuk,Mobil_Bildirim
YKM04235,43,125,64227.63836545157,19190.29497328968,1,Dusuk,34,1,1,1,0,Dusuk,Mobil_Bildirim
YKM04236,29,130,46494.77831830812,10643.228005420415,6,Orta,42,0,1,1,0,Yuksek,SMS
YKM04237,23,73,39808.80997517385,48681.389230353474,6,Orta,32,0,0,0,1,Yuksek,SMS
YKM04238,35,136,57048.74896318739,7020.839492251431,2,Yuksek,36,0,1,1,0,Yuksek,Eposta
YKM04239,55,173,67616.6185420263,45566.813340821194,3,Orta,37,1,3,1,1,Orta,Mobil_Bildirim
YKM04240,23,31,27204.050318961126,69360.82849861088,6,Orta,24,0,0,1,0,Orta,Eposta
YKM04241,35,30,60193.380259154874,10875.045094099905,1,Yuksek,42,1,1,1,1,Orta,SMS
YKM04242,61,89,37386.73109420401,15106.220600682293,5,Orta,32,0,4,1,1,Yuksek,Mobil_Bildirim
YKM04243,31,27,18791.91538953275,19423.374586473412,3,Yuksek,28,0,0,0,0,Dusuk,Mobil_Bildirim
YKM04244,35,94,42045.085841212,76855.78095208862,2,Orta,34,0,2,1,1,Yuksek,SMS
YKM04245,64,170,61741.05402129156,13386.28383716566,5,Yuksek,30,0,0,1,1,Orta,Eposta
YKM04246,45,116,25386.478055954547,53112.067926285905,1,Orta,31,0,2,1,0,Yuksek,SMS
YKM04247,23,88,77526.11387043496,35102.18736709897,3,Dusuk,30,0,1,1,0,Dusuk,SMS
YKM04248,39,121,124592.53090677879,29362.393782269028,3,Dusuk,24,0,1,1,1,Dusuk,Mobil_Bildirim
YKM04249,54,46,43603.12360675564,18457.62978347659,1,Orta,36,0,2,1,1,Yuksek,SMS
YKM04250,30,1,29287.04815167978,24897.315484905925,5,Yuksek,46,0,2,1,1,Orta,SMS
YKM04251,23,148,23018.95215337775,15643.449121582056,5,Orta,23,0,2,1,1,Dusuk,Mobil_Bildirim
YKM04252,50,48,63496.22729622861,17250.267155853257,5,Dusuk,43,0,0,0,1,Orta,Mobil_Bildirim
YKM04253,38,130,43843.6091080089,47637.565664196496,4,Orta,39,1,0,0,1,Yuksek,Mobil_Bildirim
YKM04254,29,167,43867.71177824392,13583.233411173062,4,Orta,42,0,3,1,0,Yuksek,Mobil_Bildirim
YKM04255,60,32,32462.5860984814,26291.816858041984,1,Orta,39,0,0,1,1,Dusuk,Mobil_Bildirim
YKM04256,63,131,57667.27138050724,26024.61363180554,2,Orta,44,0,1,0,1,Orta,Mobil_Bildirim
YKM04257,31,19,64100.9528791161,15167.360171694749,5,Dusuk,39,0,0,1,1,Orta,SMS
YKM04258,32,31,40197.38357374895,37806.54378388308,3,Orta,47,0,1,1,1,Orta,SMS
YKM04259,52,29,35207.01623426292,47141.82970665721,1,Dusuk,53,1,2,0,1,Orta,Eposta
YKM04260,53,137,34640.09887746147,25019.37892367426,3,Orta,49,0,2,1,0,Yuksek,SMS
YKM04261,65,41,68667.13193267543,12783.312387462547,6,Yuksek,49,0,1,1,0,Orta,Mobil_Bildirim
YKM04262,42,83,45327.07770043848,26912.473517963874,5,Dusuk,29,0,0,1,0,Orta,Eposta
YKM04263,22,75,43336.24434464867,38819.2331915082,5,Orta,22,0,1,1,1,Yuksek,SMS
YKM04264,30,98,19514.51963520209,27514.79758789047,5,Yuksek,32,1,4,1,0,Dusuk,Mobil_Bildirim
YKM04265,64,159,73520.46210273013,35862.045706216,2,Dusuk,36,0,1,1,0,Yuksek,Eposta
YKM04266,39,164,37035.78082212071,26820.74611887011,1,Yuksek,33,0,0,0,1,Dusuk,Mobil_Bildirim
YKM04267,40,84,47768.593333256664,19649.95547204108,4,Orta,37,0,3,1,0,Orta,Eposta
YKM04268,33,17,24179.606683757287,32956.142791183716,3,Yuksek,25,0,0,0,0,Orta,SMS
YKM04269,42,169,104785.4069563149,46684.23551333631,4,Orta,24,0,0,1,1,Orta,Mobil_Bildirim
YKM04270,29,58,83077.24619465972,23065.960921344184,2,Yuksek,29,0,2,1,0,Orta,Mobil_Bildirim
YKM04271,27,87,23297.32859987316,24072.365298555193,5,Yuksek,37,0,2,1,1,Yuksek,Mobil_Bildirim
YKM04272,57,142,79873.51189333209,21984.40847136546,5,Yuksek,35,0,0,1,0,Yuksek,Eposta
YKM04273,60,87,72149.73003276056,21444.651566372613,4,Orta,51,1,2,1,0,Orta,SMS
YKM04274,39,142,49436.300191946626,14263.897744699656,4,Dusuk,39,0,1,1,0,Yuksek,Eposta
YKM04275,29,76,45679.85854486361,27250.156294972716,4,Orta,20,0,1,1,1,Dusuk,SMS
YKM04276,41,14,39163.31619867244,50690.40562840066,2,Yuksek,28,1,1,1,0,Yuksek,SMS
YKM04277,35,8,19061.08712987889,19880.76636670342,4,Dusuk,37,1,2,1,1,Yuksek,Mobil_Bildirim
YKM04278,55,159,59181.03676745159,6852.939547824442,1,Yuksek,42,1,4,0,1,Yuksek,Eposta
YKM04279,51,50,70101.33332431868,18464.75991679259,2,Dusuk,41,0,0,0,0,Yuksek,SMS
YKM04280,34,155,39470.80976248036,42560.540867406315,1,Dusuk,37,0,1,1,1,Yuksek,Mobil_Bildirim
YKM04281,59,49,33850.04768794876,12880.116818295755,4,Dusuk,40,0,2,1,1,Yuksek,SMS
YKM04282,23,17,30852.50493245627,24654.820353164552,1,Yuksek,44,1,1,1,1,Yuksek,SMS
YKM04283,57,157,62026.04418259098,21602.033296405312,1,Orta,44,0,1,1,0,Orta,Eposta
YKM04284,28,147,23850.789503683955,85577.77396827251,1,Yuksek,40,1,2,1,1,Orta,SMS
YKM04285,40,172,39724.668059244905,34773.96233335695,4,Orta,51,0,2,1,1,Orta,SMS
YKM04286,29,142,47593.690540980046,52624.771891912234,1,Dusuk,31,0,1,1,0,Dusuk,SMS
YKM04287,55,75,60761.39253820769,67478.27401317337,5,Orta,40,0,3,1,0,Orta,Mobil_Bildirim
YKM04288,35,90,62367.04986930811,36991.451977641154,2,Dusuk,36,0,1,1,0,Yuksek,Eposta
YKM04289,34,153,99839.09708442884,27866.43845931087,5,Orta,37,0,1,1,1,Orta,Mobil_Bildirim
YKM04290,61,130,59037.29767045528,26870.129012409107,3,Yuksek,37,0,2,0,0,Orta,Mobil_Bildirim
YKM04291,58,12,64380.21797831026,34739.78440329632,2,Dusuk,38,0,1,1,0,Yuksek,Eposta
YKM04292,30,10,63573.420106551595,32297.44734133521,3,Dusuk,30,0,1,1,1,Dusuk,SMS
YKM04293,57,151,42686.807730083834,25542.6685162655,5,Dusuk,32,1,2,1,0,Orta,Mobil_Bildirim
YKM04294,29,129,45951.34102116534,18425.22176264257,1,Dusuk,32,1,2,1,1,Yuksek,Eposta
YKM04295,68,45,41297.04793551439,50641.51201930417,3,Orta,38,0,2,1,1,Yuksek,Eposta
YKM04296,61,117,71216.36246472946,22272.72754693504,5,Orta,32,0,0,1,0,Orta,Mobil_Bildirim
YKM04297,58,54,40337.97723137082,17363.33127495141,4,Orta,36,0,0,1,0,Orta,SMS
YKM04298,27,141,40903.28517251648,14830.036931169554,2,Yuksek,42,1,1,1,0,Dusuk,Mobil_Bildirim
YKM04299,70,152,40766.16150476488,47080.50574832717,4,Orta,42,0,5,1,1,Dusuk,SMS
YKM04300,27,59,36360.92426302668,48595.08671637853,4,Yuksek,46,0,3,0,1,Orta,Eposta
YKM04301,63,173,66830.50237226232,27305.81277599068,5,Orta,43,0,1,1,0,Dusuk,Mobil_Bildirim
YKM04302,48,152,31509.301456271874,36289.20621303172,4,Dusuk,40,0,1,1,0,Orta,Mobil_Bildirim
YKM04303,38,87,44132.116843200434,47513.385282706884,2,Yuksek,38,0,1,0,1,Dusuk,SMS
YKM04304,54,25,45916.825607224084,10269.730496280847,5,Orta,33,0,2,1,0,Dusuk,Mobil_Bildirim
YKM04305,46,112,55225.136455215594,19278.66940205053,5,Yuksek,33,0,3,1,0,Orta,SMS
YKM04306,31,29,19051.549667338615,15575.194692984545,4,Orta,25,0,3,1,1,Orta,SMS
YKM04307,35,28,30714.38460686089,28199.668013190767,2,Orta,41,0,1,1,0,Yuksek,Mobil_Bildirim
YKM04308,42,106,29146.41649702687,53729.58154716218,5,Yuksek,32,0,0,1,1,Yuksek,Mobil_Bildirim
YKM04309,35,109,35080.89631885305,25386.1945779994,1,Dusuk,32,1,1,1,1,Yuksek,Eposta
YKM04310,19,32,65472.23299794401,14007.214135510787,2,Yuksek,30,0,1,0,0,Orta,Eposta
YKM04311,31,168,44759.90035824673,21732.131315898794,6,Dusuk,34,0,1,1,1,Yuksek,Eposta
YKM04312,54,26,106604.86099421077,28759.21957256296,4,Yuksek,21,1,2,1,1,Yuksek,Eposta
YKM04313,65,182,44938.592745678565,27590.105470050818,2,Orta,52,0,1,1,1,Yuksek,Mobil_Bildirim
YKM04314,64,140,16759.986126310312,48363.14616542448,3,Orta,35,0,4,0,1,Orta,SMS
YKM04315,61,2,48238.19297567103,24262.7961275143,5,Dusuk,44,1,1,1,1,Yuksek,Mobil_Bildirim
YKM04316,46,140,46531.89949216361,17283.64188714629,5,Orta,36,0,1,0,1,Dusuk,SMS
YKM04317,27,156,37471.88830428186,23685.029061864596,2,Orta,43,1,0,1,1,Orta,Eposta
YKM04318,57,70,90166.30821595629,33351.23426189564,4,Orta,34,0,3,1,0,Yuksek,Mobil_Bildirim
YKM04319,23,81,97512.18569488388,37937.62489990081,2,Yuksek,36,0,2,1,1,Yuksek,Eposta
YKM04320,56,47,28339.967139516524,27492.118721114297,4,Yuksek,41,0,1,1,0,Dusuk,Mobil_Bildirim
YKM04321,40,122,72487.45498770506,18182.5287239864,2,Orta,34,1,0,1,0,Orta,SMS
YKM04322,47,55,51326.17133441052,36575.14379944345,5,Dusuk,36,0,0,1,0,Yuksek,Eposta
YKM04323,38,33,30377.439587852667,31109.01155004769,6,Orta,36,0,1,1,1,Orta,Eposta
YKM04324,42,139,79135.90056138295,30643.893282343313,2,Yuksek,43,1,1,1,1,Dusuk,Mobil_Bildirim
YKM04325,28,85,66210.24666765591,15316.889509294895,6,Orta,37,1,2,0,1,Orta,Eposta
YKM04326,51,124,35278.169352238736,31946.451736608225,6,Orta,33,0,0,1,0,Yuksek,Mobil_Bildirim
YKM04327,64,120,17389.60291155519,28143.49101347591,3,Orta,39,1,3,1,0,Orta,Eposta
YKM04328,57,73,45633.43706212619,27158.878884049987,6,Orta,35,0,3,1,1,Yuksek,Mobil_Bildirim
YKM04329,65,148,33499.45433705128,10253.120851604395,4,Dusuk,44,0,1,0,1,Orta,Mobil_Bildirim
YKM04330,57,64,53420.49637816422,33435.515892681295,2,Yuksek,29,1,0,1,1,Yuksek,Eposta
YKM04331,65,98,64659.59134089551,36085.352277763464,3,Dusuk,41,0,1,1,0,Yuksek,Mobil_Bildirim
YKM04332,38,182,74157.86019839246,29277.834298223977,5,Orta,44,0,2,1,0,Orta,Eposta
YKM04333,62,51,28257.092474753503,47784.344315658906,4,Orta,33,0,2,0,0,Orta,Mobil_Bildirim
YKM04334,26,176,40693.5310971491,72647.89200735732,6,Orta,51,0,1,1,1,Orta,Mobil_Bildirim
YKM04335,56,19,41199.094886847655,42761.79412704644,5,Yuksek,37,0,2,1,1,Orta,Eposta
YKM04336,54,166,38434.80389777706,23558.659956768868,4,Orta,38,1,1,1,1,Orta,Mobil_Bildirim
YKM04337,37,104,40751.939266277484,21739.67594577607,5,Dusuk,38,0,1,0,1,Yuksek,Mobil_Bildirim
YKM04338,57,145,50625.302888924685,33940.046700607854,5,Dusuk,46,1,1,1,0,Orta,Mobil_Bildirim
YKM04339,56,96,45803.749093354505,19320.269065109518,1,Yuksek,45,1,1,1,1,Dusuk,Mobil_Bildirim
YKM04340,30,177,56067.40163312725,36868.63776069129,1,Yuksek,36,0,1,1,0,Orta,Eposta
YKM04341,22,79,27147.228642958966,78351.36769813373,4,Dusuk,42,1,2,1,1,Yuksek,Eposta
YKM04342,55,149,67807.62352961967,27957.385747884848,5,Orta,40,0,1,0,1,Yuksek,Mobil_Bildirim
YKM04343,35,133,72634.94979192849,16960.187745597614,4,Yuksek,32,0,2,1,1,Yuksek,Eposta
YKM04344,35,95,46768.599942465175,31945.33462153402,3,Orta,46,1,1,0,1,Dusuk,Eposta
YKM04345,38,99,71284.03895363283,41203.06817402459,5,Yuksek,34,0,0,1,0,Yuksek,Mobil_Bildirim
YKM04346,65,170,43027.714966638334,37754.28148405937,2,Orta,27,0,3,0,1,Yuksek,Eposta
YKM04347,33,59,31001.470658702292,33896.469876901334,1,Yuksek,48,0,1,0,0,Dusuk,Mobil_Bildirim
YKM04348,30,95,42132.048672560646,34880.0494267428,2,Orta,28,0,6,1,1,Yuksek,SMS
YKM04349,43,77,55206.27740115908,53681.43825881236,2,Yuksek,33,0,2,1,0,Yuksek,SMS
YKM04350,42,151,68964.3024865153,16791.753303992104,6,Yuksek,32,0,2,1,1,Yuksek,Mobil_Bildirim
YKM04351,68,65,39621.46085296804,25806.69593945171,4,Orta,51,0,4,1,1,Dusuk,Eposta
YKM04352,41,139,42848.106271331635,26396.142159291623,6,Yuksek,32,0,3,0,1,Yuksek,Mobil_Bildirim
YKM04353,62,103,87217.59446474827,36601.28584623846,4,Yuksek,33,0,1,1,0,Orta,SMS
YKM04354,20,112,34310.847786038845,19391.497605370358,1,Orta,43,0,2,1,0,Orta,SMS
YKM04355,26,133,72137.5733971345,35978.379624984475,6,Yuksek,40,0,2,1,1,Yuksek,Eposta
YKM04356,29,19,45487.26530478472,18568.131134338062,2,Orta,39,1,0,1,0,Orta,Eposta
YKM04357,32,115,59636.902386287475,14153.849529426518,6,Yuksek,43,0,3,1,1,Orta,SMS
YKM04358,65,18,38393.13499297272,29510.77220661306,5,Dusuk,31,0,0,1,0,Orta,Mobil_Bildirim
YKM04359,34,128,27308.755863124574,23032.175832407396,3,Yuksek,40,1,2,1,0,Dusuk,Mobil_Bildirim
YKM04360,64,108,110821.39949319421,17172.279123202705,3,Yuksek,50,0,1,0,1,Dusuk,SMS
YKM04361,33,38,47973.50697657863,33596.27599986027,5,Orta,31,1,1,1,1,Orta,Mobil_Bildirim
YKM04362,41,64,55824.234307281215,44196.109270153785,3,Orta,39,1,1,1,1,Orta,SMS
YKM04363,35,94,56596.226002301126,39019.95389705964,2,Dusuk,31,0,1,1,0,Yuksek,Eposta
YKM04364,21,109,45253.9446024758,30710.259882065264,4,Yuksek,24,1,0,1,0,Orta,Mobil_Bildirim
YKM04365,50,128,55584.59179042049,28029.657532509693,2,Dusuk,43,0,5,1,1,Yuksek,Eposta
YKM04366,24,34,28763.3224113593,28050.769072428113,2,Orta,50,0,0,1,1,Dusuk,Mobil_Bildirim
YKM04367,60,1,64673.8510597472,17290.413645875054,4,Orta,34,0,2,1,1,Orta,SMS
YKM04368,58,165,63135.22811905839,33093.362196176015,3,Orta,46,1,1,1,0,Yuksek,SMS
YKM04369,27,29,67158.49206533053,37965.86991196643,1,Dusuk,36,0,0,1,1,Yuksek,Eposta
YKM04370,30,107,49473.88699426043,77359.55941026977,3,Yuksek,51,0,1,1,1,Orta,Mobil_Bildirim
YKM04371,37,151,32391.837453678192,15286.408424275394,3,Yuksek,42,1,2,1,0,Orta,Mobil_Bildirim
YKM04372,38,164,18458.356032975113,24873.590439926254,1,Yuksek,60,0,1,1,0,Orta,Eposta
YKM04373,39,119,98566.52961590808,21089.48610993355,6,Dusuk,35,0,2,1,1,Orta,Mobil_Bildirim
YKM04374,59,136,32528.099074865117,13091.200329028012,6,Orta,36,1,0,1,1,Yuksek,SMS
YKM04375,33,62,48117.18542099093,23345.02164608671,4,Orta,49,1,4,0,0,Yuksek,Mobil_Bildirim
YKM04376,60,104,41529.256212089545,28609.54281633102,4,Yuksek,27,0,1,1,1,Orta,SMS
YKM04377,66,62,61317.723333405156,9914.535723396193,6,Yuksek,26,1,0,1,0,Yuksek,Mobil_Bildirim
YKM04378,43,16,47618.81189216384,7295.076432823222,5,Yuksek,31,1,1,1,1,Dusuk,SMS
YKM04379,59,53,41104.41169351186,23970.20910952197,2,Orta,30,0,2,1,1,Orta,SMS
YKM04380,44,162,38763.67934102917,15522.164551914184,3,Orta,34,0,1,1,0,Orta,Mobil_Bildirim
YKM04381,52,7,49432.21744961928,26860.016578114155,5,Orta,44,0,2,1,1,Orta,SMS
YKM04382,39,61,28407.25875991829,32039.632359641746,1,Dusuk,31,0,2,1,1,Yuksek,SMS
YKM04383,56,56,48573.23654369708,12922.548680986565,3,Orta,39,0,1,1,1,Orta,Mobil_Bildirim
YKM04384,29,117,60321.64812083549,20497.4122076033,6,Yuksek,50,1,1,0,1,Yuksek,Mobil_Bildirim
YKM04385,58,164,27791.379076066274,28804.8467228802,6,Yuksek,41,1,3,1,1,Yuksek,SMS
YKM04386,38,87,24884.037853858892,23957.462910739294,1,Yuksek,30,0,2,1,0,Orta,SMS
YKM04387,50,108,86618.01429038406,46033.203158159835,2,Orta,34,1,2,1,1,Orta,Mobil_Bildirim
YKM04388,38,72,82216.88607071116,30464.367058665277,1,Orta,35,1,3,1,0,Orta,Mobil_Bildirim
YKM04389,45,149,71526.78541582021,38141.40654285053,1,Dusuk,41,1,1,1,1,Yuksek,SMS
YKM04390,26,69,28126.63659814071,21778.40105752756,3,Dusuk,42,0,3,1,0,Orta,SMS
YKM04391,36,79,27248.940892273506,45870.73214516411,2,Orta,34,0,2,1,1,Dusuk,Mobil_Bildirim
YKM04392,40,60,27132.716643134438,40714.291679792674,3,Orta,35,0,1,1,0,Yuksek,Mobil_Bildirim
YKM04393,57,50,30609.438798850348,27254.479778634955,4,Orta,43,0,2,0,0,Orta,Eposta
YKM04394,56,80,60154.312644686615,31525.569110131964,6,Orta,41,0,5,1,1,Yuksek,Mobil_Bildirim
YKM04395,54,151,37649.948976000494,33043.91565516622,2,Dusuk,30,0,1,1,1,Orta,Mobil_Bildirim
YKM04396,47,86,57017.864951159805,22677.308324737845,4,Yuksek,40,0,0,1,0,Dusuk,Eposta
YKM04397,31,75,42574.9303385787,25500.74360917045,4,Yuksek,30,0,1,1,1,Dusuk,Eposta
YKM04398,24,68,53900.12308093577,17500.5980326135,6,Yuksek,29,0,4,1,0,Orta,Eposta
YKM04399,52,100,21925.278843714594,25049.374718168176,4,Orta,31,0,1,1,0,Dusuk,SMS
YKM04400,20,109,39271.75145933137,31487.442217995434,3,Dusuk,39,1,2,0,1,Yuksek,SMS
YKM04401,34,103,27406.219269366156,19609.717241697483,1,Dusuk,35,1,2,1,1,Yuksek,SMS
YKM04402,28,112,90417.39661815263,42981.5446477314,2,Orta,36,0,1,0,0,Yuksek,Eposta
YKM04403,40,1,48665.44843601609,24950.33844899491,3,Orta,40,0,2,0,1,Dusuk,Mobil_Bildirim
YKM04404,49,178,26557.48037971434,31359.941968321287,1,Orta,40,0,2,1,1,Dusuk,SMS
YKM04405,41,75,36520.12187126062,36596.66262729721,4,Orta,43,1,1,1,1,Orta,Mobil_Bildirim
YKM04406,45,52,28619.66114334676,19405.716681489263,5,Yuksek,50,0,2,1,1,Yuksek,Mobil_Bildirim
YKM04407,39,93,34392.22627636291,54878.608548964694,1,Orta,44,0,6,1,1,Yuksek,Mobil_Bildirim
YKM04408,28,108,17405.10112822263,14410.148613902984,5,Orta,45,1,1,0,1,Orta,Eposta
YKM04409,69,65,39823.71116669437,30802.353721895506,6,Yuksek,40,1,4,1,1,Orta,Mobil_Bildirim
YKM04410,37,51,50794.60671607074,21111.60290443392,5,Dusuk,42,0,2,1,1,Orta,SMS
YKM04411,68,183,84943.3389761595,31259.075024218408,2,Orta,37,0,0,1,1,Dusuk,Eposta
YKM04412,28,61,20540.846836113906,30648.88902865753,2,Yuksek,37,0,2,1,1,Yuksek,Eposta
YKM04413,30,155,31757.50873522994,66914.8077439655,2,Dusuk,44,0,0,1,0,Orta,Mobil_Bildirim
YKM04414,25,176,70562.1333353656,29187.94843013727,1,Yuksek,34,0,1,1,0,Orta,SMS
YKM04415,31,98,36448.540652890166,20531.3506129425,4,Yuksek,42,0,2,0,1,Dusuk,SMS
YKM04416,39,19,37058.269402964084,17656.498949456425,4,Orta,39,1,1,1,0,Orta,Mobil_Bildirim
YKM04417,30,129,38577.46780404447,20938.42372277929,1,Dusuk,46,0,2,1,1,Yuksek,SMS
YKM04418,25,84,82641.12154824384,47209.11334481018,3,Yuksek,44,1,3,0,1,Yuksek,SMS
YKM04419,34,48,43736.12843893745,47086.785603939235,4,Orta,39,0,0,1,0,Orta,SMS
YKM04420,71,10,84209.81055390752,18081.74092173232,6,Dusuk,39,0,2,1,0,Orta,SMS
YKM04421,46,177,78789.76863572365,36118.144742346914,1,Yuksek,43,0,0,1,1,Dusuk,Eposta
YKM04422,47,101,30575.54743873145,15921.023684131853,6,Yuksek,47,0,2,0,1,Dusuk,Mobil_Bildirim
YKM04423,37,137,64796.79567396874,16813.04428331539,1,Yuksek,28,0,0,1,1,Dusuk,SMS
YKM04424,48,29,31537.861795974142,26336.095005536914,6,Dusuk,48,0,2,1,1,Dusuk,Mobil_Bildirim
YKM04425,29,103,45760.77198171727,27087.674305770983,1,Orta,29,0,3,1,1,Orta,Mobil_Bildirim
YKM04426,59,1,20057.293310800433,15326.009010615608,5,Orta,36,0,3,1,1,Orta,Mobil_Bildirim
YKM04427,41,18,66001.14798873178,14282.216582844123,1,Dusuk,33,0,2,0,0,Orta,SMS
YKM04428,62,114,38274.37754541183,50505.82811479964,2,Yuksek,38,1,0,1,1,Yuksek,Mobil_Bildirim
YKM04429,27,65,76170.7646710042,27053.621634215855,6,Dusuk,41,1,0,1,1,Yuksek,Mobil_Bildirim
YKM04430,22,164,108926.19001828223,25843.258218322917,4,Orta,42,0,5,1,1,Yuksek,Eposta
YKM04431,21,104,38441.62958841232,30899.220040735745,3,Yuksek,37,0,2,1,1,Orta,Mobil_Bildirim
YKM04432,45,177,23674.098939115625,25682.044042806145,2,Orta,37,1,0,1,0,Orta,Mobil_Bildirim
YKM04433,42,80,119031.75069666287,26996.925748246143,6,Orta,35,0,1,1,1,Orta,Mobil_Bildirim
YKM04434,36,94,45131.078148355366,25351.08594277742,4,Orta,26,0,0,1,1,Orta,SMS
YKM04435,58,155,67862.24186881662,30267.064481802805,4,Yuksek,33,0,2,1,0,Orta,SMS
YKM04436,30,138,36016.54346065482,29563.878218488637,3,Yuksek,46,1,1,0,1,Yuksek,SMS
YKM04437,40,82,83483.9495486927,22279.17938721632,4,Dusuk,43,0,3,0,1,Orta,Eposta
YKM04438,28,104,15035.800202344606,27466.14393082855,5,Orta,40,1,0,1,1,Yuksek,Mobil_Bildirim
YKM04439,53,145,22737.753661511288,61245.09252546882,2,Orta,43,0,2,1,1,Yuksek,SMS
YKM04440,21,166,28101.73549708875,50018.37827503604,1,Dusuk,43,0,0,1,1,Orta,Eposta
YKM04441,37,148,42896.3290316388,32447.20505763486,3,Dusuk,34,1,1,1,1,Orta,SMS
YKM04442,25,144,18381.984326662045,11840.763146408699,6,Orta,33,0,0,0,1,Yuksek,Eposta
YKM04443,46,127,26359.15910122724,26182.12807889611,4,Dusuk,31,1,0,1,1,Yuksek,SMS
YKM04444,35,187,64872.69772983319,18579.309415065927,6,Orta,43,0,2,1,1,Dusuk,Mobil_Bildirim
YKM04445,41,136,41462.76407348457,33640.72065933669,1,Yuksek,33,0,1,0,1,Yuksek,SMS
YKM04446,46,139,48565.736732127596,93135.21723027968,3,Dusuk,36,0,2,1,1,Orta,Mobil_Bildirim
YKM04447,27,129,16714.01243683894,30024.901389413637,2,Dusuk,32,0,2,1,0,Dusuk,Eposta
YKM04448,68,112,63974.49782017265,23259.92242635912,6,Orta,33,0,0,1,1,Dusuk,Mobil_Bildirim
YKM04449,26,20,45642.19768237015,9539.979109244703,4,Orta,48,0,1,1,1,Yuksek,Mobil_Bildirim
YKM04450,48,165,75027.0747576139,18783.112688110363,3,Yuksek,48,0,2,0,1,Orta,Eposta
YKM04451,44,94,53847.052136528866,25368.96831233413,4,Dusuk,33,0,2,0,1,Orta,SMS
YKM04452,47,58,41896.983277428524,15893.530036257847,6,Orta,37,1,1,1,1,Orta,Mobil_Bildirim
YKM04453,19,174,31275.631579670047,26689.73262678193,6,Dusuk,35,0,1,0,0,Yuksek,SMS
YKM04454,35,4,35156.496642214006,18101.08618946026,6,Orta,39,0,1,1,0,Orta,SMS
YKM04455,59,147,23631.48769563237,41780.299666617604,6,Yuksek,42,0,1,1,1,Yuksek,Mobil_Bildirim
YKM04456,27,110,46804.39511958234,11246.848326358806,1,Orta,36,0,1,1,1,Yuksek,Mobil_Bildirim
YKM04457,46,179,18416.348817177568,22501.27835060047,2,Dusuk,45,0,2,1,1,Orta,Mobil_Bildirim
YKM04458,26,99,17499.22630176898,19970.721879337307,6,Orta,34,0,1,1,1,Dusuk,Mobil_Bildirim
YKM04459,41,112,57593.859244561674,29420.193898599577,6,Yuksek,28,0,4,0,1,Dusuk,SMS
YKM04460,68,154,38955.97613685822,20688.074363925156,1,Yuksek,39,0,2,0,1,Dusuk,Mobil_Bildirim
YKM04461,70,82,16811.032282838394,40208.32638021406,6,Yuksek,39,0,2,1,1,Dusuk,SMS
YKM04462,58,87,30353.4896647627,58273.79753388545,5,Orta,33,1,1,1,1,Orta,SMS
YKM04463,26,116,33779.95118158807,80092.49591062928,4,Yuksek,28,0,5,1,1,Yuksek,Mobil_Bildirim
YKM04464,23,122,52023.131346547285,25284.632251443527,5,Orta,54,1,1,1,0,Dusuk,Eposta
YKM04465,69,69,41431.646920607694,27070.652341452405,1,Orta,40,0,1,0,0,Orta,SMS
YKM04466,52,8,22589.647579084267,20605.077007151333,4,Dusuk,44,0,2,0,1,Yuksek,Mobil_Bildirim
YKM04467,57,122,24298.167970560884,45904.12838748978,4,Dusuk,38,0,4,0,1,Yuksek,Eposta
YKM04468,46,177,43883.77068007725,35114.17720955558,1,Yuksek,44,1,1,1,1,Yuksek,SMS
YKM04469,53,20,36225.481392088564,13934.815408827099,5,Yuksek,43,0,0,1,1,Orta,Mobil_Bildirim
YKM04470,41,181,57599.79663746159,18957.678368307224,2,Dusuk,34,0,5,1,1,Yuksek,SMS
YKM04471,29,162,20020.57726253599,36254.35896166415,4,Orta,46,0,2,1,1,Yuksek,SMS
YKM04472,50,118,52330.56459002298,25562.96083311922,2,Yuksek,41,0,1,1,0,Yuksek,SMS
YKM04473,24,30,30970.299251054796,19268.02919550723,6,Orta,34,1,0,1,0,Orta,Eposta
YKM04474,40,26,58840.68926339063,14754.90899159124,3,Yuksek,36,0,1,1,0,Yuksek,Mobil_Bildirim
YKM04475,31,36,64455.291379820905,18008.392557532938,3,Yuksek,58,0,1,1,1,Orta,SMS
YKM04476,32,26,47419.46486159836,31971.951268538483,6,Orta,31,1,0,1,1,Orta,Eposta
YKM04477,33,159,42968.47175497727,19915.993889693284,4,Orta,26,0,1,0,1,Orta,Mobil_Bildirim
YKM04478,28,22,72131.2528848966,34032.450082950374,6,Yuksek,34,1,1,1,0,Orta,SMS
YKM04479,40,123,62582.28784462722,21234.343612330995,4,Dusuk,37,1,4,1,1,Orta,Mobil_Bildirim
YKM04480,58,186,22945.40873978541,22183.315589551803,4,Yuksek,47,0,1,0,1,Orta,SMS
YKM04481,28,92,26871.874191808412,27800.23971805339,5,Orta,32,0,1,1,1,Orta,Mobil_Bildirim
YKM04482,39,53,64986.41488671543,33280.04598381744,3,Orta,39,0,2,1,0,Orta,SMS
YKM04483,43,91,155863.54722901067,35769.94628455474,5,Yuksek,41,0,3,1,1,Yuksek,Mobil_Bildirim
YKM04484,38,55,73798.57470608552,19236.207924867307,6,Yuksek,41,0,2,0,1,Yuksek,Mobil_Bildirim
YKM04485,67,138,73522.42032730515,12931.373283324161,6,Orta,40,0,1,1,1,Orta,Mobil_Bildirim
YKM04486,37,174,16584.127142767622,20102.883126208264,3,Orta,57,1,2,0,1,Orta,SMS
YKM04487,59,12,82442.29180887723,35791.21857503195,5,Dusuk,40,0,4,1,0,Orta,Eposta
YKM04488,59,7,42196.121893309,38963.4743265972,3,Orta,35,0,1,1,1,Orta,Mobil_Bildirim
YKM04489,30,45,69148.80212391599,23105.2423009842,5,Orta,46,0,4,0,0,Orta,Mobil_Bildirim
YKM04490,64,139,54290.92682526165,47003.63751111756,2,Dusuk,29,0,0,1,1,Yuksek,Mobil_Bildirim
YKM04491,29,4,49960.13920802337,23418.20884388609,5,Orta,33,0,1,1,1,Orta,SMS
YKM04492,68,123,68470.78816764746,14513.047122971313,2,Orta,32,0,1,1,0,Yuksek,Eposta
YKM04493,51,138,42965.011546919246,31734.191741327482,6,Orta,36,0,0,1,1,Orta,Mobil_Bildirim
YKM04494,67,117,35279.93551180592,22244.647313808633,4,Yuksek,43,0,0,1,0,Orta,Mobil_Bildirim
YKM04495,49,155,48203.58464815677,17249.89573475062,5,Yuksek,37,0,0,1,0,Dusuk,SMS
YKM04496,66,120,36743.55185865727,18485.19063366427,1,Orta,34,0,1,0,1,Dusuk,SMS
YKM04497,66,144,25714.43407712819,47624.540358369195,3,Orta,34,0,2,1,1,Orta,SMS
YKM04498,55,110,34910.42838330794,29257.822405995234,3,Orta,29,0,0,0,1,Orta,Mobil_Bildirim
YKM04499,48,114,65154.7243186742,8450.620718240654,3,Orta,46,1,2,1,1,Orta,Mobil_Bildirim
YKM04500,50,157,48367.00013350698,43205.75356424515,1,Orta,41,0,0,0,0,Yuksek,Mobil_Bildirim
YKM04501,50,90,22169.287132366986,60144.257459910434,3,Orta,34,0,2,1,1,Orta,Mobil_Bildirim
YKM04502,43,56,18143.778442345905,24755.331407762595,5,Dusuk,53,0,1,0,0,Dusuk,SMS
YKM04503,65,17,43354.5275105357,9328.958308368025,3,Orta,34,0,1,1,1,Dusuk,Eposta
YKM04504,26,141,57340.74590173546,34640.31336898514,1,Dusuk,43,0,2,1,0,Yuksek,Eposta
YKM04505,54,111,30706.855838361793,24391.832568157857,1,Orta,43,0,2,0,1,Yuksek,Eposta
YKM04506,35,169,59288.404135238394,42864.49149980756,4,Orta,33,0,0,1,0,Dusuk,Eposta
YKM04507,39,76,66799.80413601398,9934.382805271693,6,Dusuk,36,0,3,1,1,Yuksek,Mobil_Bildirim
YKM04508,23,92,21263.855344204734,64118.82901550511,2,Yuksek,37,0,1,0,1,Orta,Mobil_Bildirim
YKM04509,55,2,53966.31049236249,15499.612313848367,6,Yuksek,35,0,1,1,0,Yuksek,Mobil_Bildirim
YKM04510,55,1,36836.538250375444,25908.68940388783,6,Yuksek,40,0,2,1,1,Orta,Eposta
YKM04511,57,142,61502.76829116134,16794.61939796027,2,Yuksek,43,0,0,0,1,Orta,SMS
YKM04512,49,51,50400.63872021184,20828.36508538883,4,Orta,35,0,2,1,1,Orta,Mobil_Bildirim
YKM04513,45,96,77895.26406119933,15159.75123765139,6,Orta,42,1,4,1,1,Orta,Mobil_Bildirim
YKM04514,50,122,82305.27679151652,10869.340037040045,4,Yuksek,36,0,0,1,1,Orta,Eposta
YKM04515,59,3,42299.72224271329,45816.844591130284,2,Yuksek,50,0,1,1,0,Orta,Mobil_Bildirim
YKM04516,59,108,46638.53382660169,29007.01047382075,5,Orta,42,0,1,1,0,Orta,Eposta
YKM04517,30,149,70088.02523049658,8273.931951151284,4,Orta,30,0,1,0,1,Yuksek,SMS
YKM04518,36,129,72272.88082626369,10356.344573519797,1,Orta,38,0,1,1,1,Orta,Mobil_Bildirim
YKM04519,61,25,24804.13861859132,27742.306081935458,5,Yuksek,31,0,1,1,1,Yuksek,Eposta
YKM04520,29,73,11288.589411165301,67124.59444041442,4,Dusuk,36,0,3,1,0,Yuksek,SMS
YKM04521,64,125,41597.57183532722,33539.93097961256,6,Orta,41,0,4,0,1,Yuksek,Mobil_Bildirim
YKM04522,31,101,86874.08582779241,23838.768796481494,3,Yuksek,29,1,4,1,1,Dusuk,SMS
YKM04523,51,2,73225.21235001148,9544.011109255658,6,Orta,30,0,0,1,1,Orta,SMS
YKM04524,56,134,43059.268449544565,28589.331503689697,6,Orta,27,0,0,1,1,Dusuk,Mobil_Bildirim
YKM04525,30,154,76043.81691014444,15463.601623865896,5,Yuksek,36,0,2,1,0,Orta,Mobil_Bildirim
YKM04526,34,92,22818.13123430023,7579.9957600083435,4,Orta,46,1,1,0,1,Yuksek,SMS
YKM04527,48,97,64628.289859725766,17388.942156914487,4,Orta,52,1,3,0,0,Orta,Eposta
YKM04528,29,62,42303.44766267411,11024.761723297153,5,Dusuk,44,0,0,1,0,Orta,SMS
YKM04529,35,53,78128.6118872791,29319.21584182198,6,Yuksek,39,0,1,1,0,Yuksek,Eposta
YKM04530,23,70,49449.98707187784,10906.806416827034,3,Orta,37,0,0,1,1,Orta,Mobil_Bildirim
YKM04531,41,175,45871.74060582339,39357.27429858606,4,Dusuk,30,1,1,0,0,Orta,SMS
YKM04532,62,167,25378.261861073843,11098.81314975159,3,Orta,49,0,1,1,1,Yuksek,SMS
YKM04533,30,45,91674.09327213238,27558.162066119425,5,Orta,49,1,1,0,1,Yuksek,Eposta
YKM04534,50,60,65051.04537251591,16655.581101406242,3,Orta,40,0,0,1,1,Orta,Mobil_Bildirim
YKM04535,32,167,15433.409416801576,26056.303889105464,4,Dusuk,34,1,0,1,0,Orta,Mobil_Bildirim
YKM04536,55,70,53692.71520689498,29577.976774913463,5,Orta,37,0,2,0,0,Orta,Eposta
YKM04537,37,165,68022.23644766893,20814.412498175203,2,Yuksek,31,1,1,1,1,Orta,Eposta
YKM04538,42,7,15715.444871955457,51348.109339848605,5,Orta,35,1,1,1,1,Yuksek,Mobil_Bildirim
YKM04539,27,142,106143.03521439253,14543.372440838575,3,Yuksek,32,0,1,1,0,Yuksek,Mobil_Bildirim
YKM04540,33,91,44279.800425775036,32658.106219614536,5,Orta,37,0,1,1,0,Orta,SMS
YKM04541,58,10,73885.33862961284,11336.322081583494,1,Orta,35,0,1,1,0,Orta,Eposta
YKM04542,40,89,35222.16868294837,29450.707928760763,4,Yuksek,39,0,3,1,0,Dusuk,Mobil_Bildirim
YKM04543,55,146,43150.56844751782,13584.68479374689,2,Yuksek,33,1,0,1,1,Orta,Mobil_Bildirim
YKM04544,27,103,46730.84211680318,35638.745668718344,2,Yuksek,37,1,1,0,0,Orta,SMS
YKM04545,65,9,52932.31724581578,49038.84179494856,6,Orta,37,1,1,1,1,Orta,SMS
YKM04546,29,109,56906.76381713003,19940.72628267736,3,Yuksek,49,0,0,1,1,Dusuk,Eposta
YKM04547,37,27,72184.35961968513,38582.1313946057,5,Orta,49,0,1,1,1,Orta,Mobil_Bildirim
YKM04548,52,20,21779.14705845037,16676.80261461116,3,Orta,27,1,6,1,1,Yuksek,SMS
YKM04549,32,96,59155.88829389708,20829.530908619567,6,Orta,42,0,1,1,0,Dusuk,Eposta
YKM04550,42,52,99850.23207935921,19642.836435850528,5,Orta,29,0,1,1,1,Yuksek,Mobil_Bildirim
YKM04551,35,130,90491.26177592258,13968.446250894536,4,Dusuk,39,0,0,1,1,Yuksek,Eposta
YKM04552,34,40,66087.02454815927,33364.426164508935,3,Orta,28,1,2,0,1,Orta,Eposta
YKM04553,68,78,74084.37622543122,47848.42872527251,4,Yuksek,42,0,1,1,1,Orta,Mobil_Bildirim
YKM04554,59,68,50716.49227486932,32276.54806281687,1,Yuksek,45,0,0,1,1,Yuksek,Mobil_Bildirim
YKM04555,39,41,22057.839960026784,30390.40422321921,2,Orta,33,0,1,0,0,Yuksek,Eposta
YKM04556,41,151,56228.15326440308,41878.82756046223,6,Orta,39,0,0,1,1,Yuksek,SMS
YKM04557,60,77,59767.9663612311,24886.83165602905,3,Orta,33,0,1,1,1,Orta,Mobil_Bildirim
YKM04558,47,20,26566.640941949547,24704.58311972468,3,Dusuk,42,1,1,1,1,Orta,SMS
YKM04559,55,153,38100.36386416843,25587.59879451803,6,Orta,38,0,0,1,0,Yuksek,Eposta
YKM04560,54,121,26322.11260996161,12767.324002800155,4,Orta,36,0,2,0,0,Orta,SMS
YKM04561,57,63,42813.29094014588,26921.058327382812,2,Orta,34,0,1,0,1,Orta,SMS
YKM04562,61,12,31301.277069477554,23503.71454848255,4,Yuksek,40,1,1,1,1,Yuksek,SMS
YKM04563,63,26,50408.01110896165,10838.942181691695,2,Orta,36,0,0,1,0,Yuksek,SMS
YKM04564,53,162,72660.65493953065,20044.077489334533,2,Yuksek,39,1,0,1,1,Dusuk,SMS
YKM04565,57,127,41793.202455158775,28914.9838241533,5,Yuksek,35,0,0,1,1,Orta,SMS
YKM04566,42,139,43174.62645015099,80470.45928004177,3,Orta,41,0,3,1,0,Yuksek,SMS
YKM04567,24,40,24232.796268317106,29285.318346601325,6,Orta,40,1,1,1,0,Dusuk,Mobil_Bildirim
YKM04568,62,47,36365.74072289217,20648.78632573514,3,Orta,39,0,3,1,0,Orta,Mobil_Bildirim
YKM04569,51,103,50487.48531611125,16912.432060260227,1,Orta,42,0,0,0,1,Yuksek,SMS
YKM04570,65,94,62967.11694994852,11853.784033776687,6,Yuksek,38,0,0,1,1,Orta,SMS
YKM04571,55,57,49365.94932924311,25691.08202306016,4,Dusuk,38,1,0,0,1,Orta,Mobil_Bildirim
YKM04572,53,74,36592.09907309959,42976.97051160804,5,Yuksek,32,0,1,1,0,Orta,Mobil_Bildirim
YKM04573,50,141,18268.461012198055,18913.008820637573,5,Dusuk,34,1,2,1,1,Orta,Eposta
YKM04574,50,107,27743.557207949776,18118.761690425046,1,Orta,37,1,1,1,1,Dusuk,Mobil_Bildirim
YKM04575,55,66,44147.70867902054,32982.46833734107,4,Orta,45,0,2,1,1,Yuksek,Mobil_Bildirim
YKM04576,38,169,21443.073317644506,33292.195347216475,6,Yuksek,37,0,0,1,1,Orta,SMS
YKM04577,43,37,63736.067655477746,15598.507489813897,5,Dusuk,31,0,0,1,0,Yuksek,Eposta
YKM04578,45,137,28015.446973408816,23280.90036478083,3,Orta,33,0,1,0,1,Dusuk,SMS
YKM04579,50,9,58393.10785692122,24121.261325800762,2,Yuksek,33,0,1,1,1,Orta,Mobil_Bildirim
YKM04580,35,152,55582.042182536956,19654.926082896305,4,Orta,34,0,0,1,1,Dusuk,SMS
YKM04581,27,78,32346.576579309014,61831.0606602186,5,Yuksek,37,0,1,0,1,Dusuk,SMS
YKM04582,55,18,21810.281886051027,23926.894736985276,4,Yuksek,50,1,2,1,0,Orta,SMS
YKM04583,61,124,43259.04515312964,45226.122147836766,3,Dusuk,32,0,1,1,1,Yuksek,Mobil_Bildirim
YKM04584,38,184,71061.67187176943,32010.190750465074,2,Yuksek,39,0,1,0,1,Orta,SMS
YKM04585,28,145,26803.043506203718,21116.265074232462,1,Orta,42,0,2,1,1,Orta,Mobil_Bildirim
YKM04586,25,169,48255.955879357694,47790.8618730095,2,Orta,50,1,1,0,1,Dusuk,SMS
YKM04587,22,42,32487.149752100264,20383.066967424365,1,Dusuk,41,0,4,1,1,Orta,Mobil_Bildirim
YKM04588,61,58,72441.53367331688,42126.410122700676,6,Yuksek,42,0,3,1,0,Dusuk,SMS
YKM04589,65,177,53003.678406631305,9076.664132217496,1,Orta,34,0,1,1,1,Orta,Mobil_Bildirim
YKM04590,64,56,65932.29662506723,10878.21046643792,3,Orta,38,1,2,1,1,Orta,SMS
YKM04591,23,101,23007.29564806856,52827.395167618626,6,Orta,25,0,1,0,0,Dusuk,Eposta
YKM04592,27,99,65778.5957270236,18568.602148313053,5,Yuksek,40,0,0,0,1,Orta,SMS
YKM04593,28,46,18599.25065340268,17786.038388940586,3,Orta,49,0,0,1,1,Yuksek,Mobil_Bildirim
YKM04594,60,107,31934.524396407767,18085.26146359679,3,Orta,42,0,1,1,1,Dusuk,Mobil_Bildirim
YKM04595,31,60,60390.21382408133,22169.52496619988,2,Yuksek,25,0,0,1,1,Orta,Mobil_Bildirim
YKM04596,23,2,46143.510272733256,17906.714406893796,2,Yuksek,46,0,0,0,0,Orta,Eposta
YKM04597,60,136,52696.06773413173,32936.26295538639,4,Orta,31,1,1,1,1,Yuksek,Mobil_Bildirim
YKM04598,41,165,37456.02841835867,34779.124024413286,4,Orta,58,0,2,1,1,Orta,SMS
YKM04599,49,95,46347.47469972613,24459.694035173754,2,Yuksek,33,0,1,0,1,Orta,Eposta
YKM04600,72,67,79030.17055051013,18420.376529806057,1,Orta,30,0,2,1,0,Orta,Mobil_Bildirim
YKM04601,56,43,36189.78880979779,42837.22702262214,1,Orta,32,0,3,0,1,Orta,Eposta
YKM04602,31,139,60020.9883119505,13308.84213523237,3,Orta,41,0,0,1,0,Orta,SMS
YKM04603,26,108,57604.13716670332,16913.49134200264,2,Orta,36,1,2,1,1,Yuksek,Mobil_Bildirim
YKM04604,51,81,91938.6821431227,23557.976783581184,6,Orta,39,0,3,1,1,Orta,Mobil_Bildirim
YKM04605,63,156,28308.47809482099,31983.911259107554,5,Yuksek,35,0,3,1,0,Orta,Mobil_Bildirim
YKM04606,46,66,31822.439260306084,19871.69787221244,5,Orta,36,1,3,1,0,Orta,SMS
YKM04607,37,6,73821.528029022,15788.847915849608,5,Orta,45,0,1,0,0,Orta,Mobil_Bildirim
YKM04608,50,64,31316.306101700175,15429.237266699958,1,Orta,40,0,1,1,1,Orta,Mobil_Bildirim
YKM04609,45,9,35001.98702012784,23646.773354888286,4,Dusuk,26,0,0,1,1,Orta,Mobil_Bildirim
YKM04610,40,159,36806.770174076184,31041.12517053563,1,Orta,41,0,2,1,0,Yuksek,Mobil_Bildirim
YKM04611,29,33,70370.39906520885,40740.112576474516,2,Yuksek,30,0,1,1,1,Yuksek,Eposta
YKM04612,40,160,23076.84514595141,45792.48271790878,6,Orta,45,0,1,1,1,Orta,SMS
YKM04613,61,105,24657.975488999193,7806.826963297792,1,Orta,34,1,1,1,1,Dusuk,Mobil_Bildirim
YKM04614,66,63,40449.86260862202,20835.46914181898,6,Orta,36,1,0,0,1,Orta,Mobil_Bildirim
YKM04615,25,31,85061.71277585842,41146.68257840623,4,Yuksek,39,0,0,1,0,Yuksek,SMS
YKM04616,64,130,52783.52389361071,16145.413624031935,4,Dusuk,56,0,2,1,0,Yuksek,Mobil_Bildirim
YKM04617,62,38,56356.572292729164,18729.613490885513,6,Orta,33,0,1,1,0,Yuksek,Eposta
YKM04618,35,140,43852.6636790022,12692.289776607126,1,Orta,38,1,2,1,1,Orta,Mobil_Bildirim
YKM04619,39,92,45957.94489696747,23351.080926548857,4,Orta,28,0,0,1,1,Orta,SMS
YKM04620,38,116,67119.15993058334,43963.06985698596,6,Yuksek,41,0,1,1,0,Dusuk,SMS
YKM04621,29,117,63736.23347279365,24548.79549999952,1,Yuksek,47,0,0,1,0,Yuksek,SMS
YKM04622,44,108,52265.080823004,14742.87840764339,5,Yuksek,28,0,0,1,1,Yuksek,Mobil_Bildirim
YKM04623,47,85,33892.30065361538,44553.38007881518,3,Yuksek,45,0,1,1,1,Orta,SMS
YKM04624,64,153,41025.67042509819,48637.667204673606,3,Dusuk,45,0,1,1,1,Dusuk,SMS
YKM04625,60,44,62344.25685748816,33445.24466130843,4,Orta,24,1,0,1,0,Orta,Mobil_Bildirim
YKM04626,70,11,74376.66091283069,41459.82886005795,1,Orta,38,0,1,0,1,Dusuk,Eposta
YKM04627,37,19,30859.871249709926,34684.28313338394,4,Yuksek,38,0,1,1,1,Yuksek,Mobil_Bildirim
YKM04628,62,116,102593.62032616955,23755.233279087155,5,Yuksek,37,0,1,1,1,Orta,SMS
YKM04629,26,83,56033.89373112578,10425.658187844345,1,Dusuk,42,1,3,0,1,Yuksek,Mobil_Bildirim
YKM04630,44,1,43770.18923993585,16602.969835226766,2,Dusuk,45,0,0,1,1,Dusuk,Mobil_Bildirim
YKM04631,25,88,56898.91349461472,37267.34877761865,4,Dusuk,29,0,1,1,1,Yuksek,Eposta
YKM04632,24,7,30938.52596480231,18119.336723250202,1,Yuksek,32,0,1,1,0,Yuksek,SMS
YKM04633,55,86,39291.19555494147,18616.296191261023,4,Yuksek,52,0,0,1,0,Yuksek,SMS
YKM04634,43,143,51344.617876568576,29589.56668471891,5,Yuksek,38,1,1,1,0,Yuksek,Eposta
YKM04635,42,9,46801.65635245527,7369.785718162901,5,Yuksek,27,1,1,0,1,Yuksek,Mobil_Bildirim
YKM04636,31,48,20870.983037643004,20073.760790774908,4,Orta,28,0,0,1,1,Yuksek,Mobil_Bildirim
YKM04637,51,133,50759.90225645694,35194.474400955136,3,Yuksek,29,0,2,1,1,Dusuk,Mobil_Bildirim
YKM04638,38,17,35577.03267819309,17740.391964870418,4,Orta,28,1,1,1,0,Orta,Mobil_Bildirim
YKM04639,42,104,33298.43114742148,17100.982309200255,1,Yuksek,43,0,2,0,1,Yuksek,Mobil_Bildirim
YKM04640,33,11,22294.09453486375,16076.613014629014,3,Dusuk,34,0,0,1,1,Orta,SMS
YKM04641,71,142,25076.637002664473,62666.58954705712,6,Yuksek,44,0,2,1,1,Orta,Mobil_Bildirim
YKM04642,23,35,32849.107089720186,17240.200979503596,6,Yuksek,39,1,1,1,1,Dusuk,SMS
YKM04643,58,120,33844.787992664176,6747.390341348779,2,Orta,40,0,6,1,1,Yuksek,SMS
YKM04644,30,158,29933.12830866641,21604.994308251047,1,Dusuk,35,0,1,1,1,Yuksek,Mobil_Bildirim
YKM04645,33,46,104971.96658873523,12947.476510340151,2,Orta,36,0,0,0,1,Orta,Mobil_Bildirim
YKM04646,29,18,97987.7038305773,15930.375782133166,6,Dusuk,27,1,1,1,0,Orta,Mobil_Bildirim
YKM04647,65,107,33766.05807583205,9193.802886783438,6,Orta,35,0,0,1,1,Orta,SMS
YKM04648,40,148,60764.12182787006,39910.268544414386,4,Yuksek,30,1,1,1,1,Orta,Eposta
YKM04649,56,39,39900.05345829191,9544.362813437969,5,Orta,36,0,3,1,1,Orta,SMS
YKM04650,68,120,49604.87011258073,27058.650307162243,5,Yuksek,40,0,0,1,1,Dusuk,Mobil_Bildirim
YKM04651,65,19,37538.13536421432,18143.878365095134,6,Orta,47,0,1,0,1,Yuksek,SMS
YKM04652,54,4,119441.67566778132,20024.604969972337,2,Orta,41,0,2,0,0,Yuksek,SMS
YKM04653,25,23,46776.62721769136,28500.83076820351,5,Yuksek,40,0,3,1,1,Yuksek,Mobil_Bildirim
YKM04654,54,69,25252.199397963876,36765.145016557595,5,Yuksek,35,1,0,1,1,Orta,Mobil_Bildirim
YKM04655,32,149,39038.302237128795,28292.594658034934,2,Yuksek,29,0,2,1,0,Orta,Mobil_Bildirim
YKM04656,44,163,58971.20798805767,14837.106696697654,1,Dusuk,29,0,0,1,1,Dusuk,SMS
YKM04657,25,180,51853.09766866733,22765.420859648097,3,Yuksek,46,0,1,1,1,Yuksek,Mobil_Bildirim
YKM04658,44,62,44286.55964071862,23584.01523893266,6,Orta,41,0,0,1,0,Yuksek,SMS
YKM04659,20,2,101115.0415416932,41285.09850997558,3,Orta,42,1,0,0,0,Orta,Mobil_Bildirim
YKM04660,49,168,37062.41416367271,27138.38940233137,1,Orta,41,0,2,1,1,Yuksek,SMS
YKM04661,50,80,35272.2027574776,41351.75181319359,4,Orta,37,0,1,1,1,Orta,Mobil_Bildirim
YKM04662,60,17,33054.42040266956,29410.770500320967,3,Orta,38,0,2,1,1,Orta,Mobil_Bildirim
YKM04663,60,53,25602.69280181274,9811.790095219738,5,Yuksek,32,0,1,0,1,Yuksek,Eposta
YKM04664,57,1,28774.986368161615,13106.220258187446,5,Yuksek,41,0,3,1,0,Yuksek,SMS
YKM04665,28,125,42303.16780197891,65451.758961764535,2,Yuksek,43,0,1,0,1,Yuksek,Mobil_Bildirim
YKM04666,22,127,43964.3087062219,11038.954013015817,1,Dusuk,47,1,0,0,1,Yuksek,Eposta
YKM04667,60,76,31249.074159182248,56366.32190340909,5,Orta,35,1,1,1,1,Orta,SMS
YKM04668,68,28,50088.6784634001,42366.59268240934,5,Orta,44,1,3,1,1,Yuksek,Mobil_Bildirim
YKM04669,68,93,50583.41058265501,19348.256307169675,4,Dusuk,32,0,1,1,1,Yuksek,Mobil_Bildirim
YKM04670,56,127,47077.60418060201,13309.664203180815,6,Orta,44,1,1,1,0,Orta,Mobil_Bildirim
YKM04671,56,5,82619.67304649697,22603.459758743113,2,Orta,50,0,3,1,0,Orta,SMS
YKM04672,58,118,47781.41781492535,55460.61252868454,2,Orta,40,0,1,1,1,Yuksek,Mobil_Bildirim
YKM04673,41,3,51927.26935187003,48299.37210895797,2,Orta,41,1,1,1,1,Dusuk,Mobil_Bildirim
YKM04674,66,187,76941.7942468885,24898.87642352218,5,Orta,41,0,3,1,0,Yuksek,Mobil_Bildirim
YKM04675,21,146,38157.696990227334,48854.1027480562,1,Yuksek,50,1,0,1,0,Yuksek,Mobil_Bildirim
YKM04676,63,66,51185.92242488394,28056.41388802145,3,Yuksek,37,0,2,1,1,Orta,SMS
YKM04677,70,177,22619.6293637051,19570.152909476332,4,Orta,24,0,0,1,1,Yuksek,SMS
YKM04678,37,55,37973.219546471315,33828.30479799095,2,Dusuk,37,0,1,1,1,Yuksek,SMS
YKM04679,38,91,27603.44455273592,22315.939237306164,5,Yuksek,38,0,2,1,1,Yuksek,Mobil_Bildirim
YKM04680,46,142,25332.70575896563,13626.91969595146,1,Yuksek,41,1,1,1,1,Orta,SMS
YKM04681,70,157,94421.77649282398,22446.39810361855,6,Yuksek,28,0,5,1,1,Orta,Mobil_Bildirim
YKM04682,61,128,21393.856039999908,75634.8490353543,3,Dusuk,41,1,1,1,1,Dusuk,Mobil_Bildirim
YKM04683,48,115,44047.77494617412,13765.708500944156,6,Yuksek,49,1,1,1,0,Orta,Mobil_Bildirim
YKM04684,46,51,42802.330707609384,28099.127366882934,2,Orta,35,0,1,1,1,Orta,Mobil_Bildirim
YKM04685,56,16,31491.862060068095,13679.084239137374,2,Orta,39,0,1,1,0,Dusuk,SMS
YKM04686,68,129,51995.229150988314,26661.699486250116,6,Orta,41,1,1,1,0,Yuksek,Mobil_Bildirim
YKM04687,50,106,49060.604911180046,28468.175996100323,2,Orta,39,0,0,1,0,Orta,SMS
YKM04688,32,120,49258.69966859972,43256.7674306844,6,Yuksek,46,0,3,0,1,Dusuk,Mobil_Bildirim
YKM04689,23,96,42664.56129122042,40541.89352875961,5,Dusuk,48,1,4,1,0,Orta,Eposta
YKM04690,43,86,57563.82148399232,24529.739853836876,4,Yuksek,29,0,2,0,0,Yuksek,SMS
YKM04691,46,4,85713.05106177887,13755.474888700264,6,Orta,36,0,0,1,1,Dusuk,Mobil_Bildirim
YKM04692,24,56,63714.868706105444,28752.60090462674,3,Yuksek,51,0,1,1,1,Yuksek,Mobil_Bildirim
YKM04693,24,96,94792.3388090624,37535.584174945136,2,Yuksek,31,0,2,1,1,Yuksek,Eposta
YKM04694,38,158,36917.65962418688,7991.631000256498,5,Yuksek,38,0,1,0,1,Dusuk,Mobil_Bildirim
YKM04695,47,92,46408.52828011238,18593.160589125087,2,Yuksek,26,0,1,1,1,Yuksek,Mobil_Bildirim
YKM04696,30,41,29311.6493231963,33022.169600774796,3,Yuksek,36,0,1,1,1,Orta,SMS
YKM04697,52,37,66958.33058199042,22178.132682431056,3,Dusuk,48,0,2,1,0,Orta,SMS
YKM04698,55,127,71242.04023001694,13722.021100582191,1,Yuksek,28,1,2,1,1,Orta,Mobil_Bildirim
YKM04699,62,161,30198.396446247785,25426.902816172536,1,Orta,39,1,1,1,1,Yuksek,SMS
YKM04700,59,169,32413.384627225725,28213.301407931256,4,Orta,36,1,2,1,1,Orta,Mobil_Bildirim
YKM04701,57,75,19120.915343917375,11452.04022201077,1,Orta,26,0,6,1,1,Orta,Mobil_Bildirim
YKM04702,64,98,35333.741226300954,40860.42743804605,2,Yuksek,31,0,1,1,0,Orta,SMS
YKM04703,28,47,47825.04111108977,38788.56410693536,2,Yuksek,35,0,0,1,1,Dusuk,Eposta
YKM04704,67,105,22225.588290053933,28832.857592514763,4,Yuksek,46,1,1,0,1,Yuksek,SMS
YKM04705,53,26,16511.438563613527,22554.89841569371,3,Orta,29,0,0,1,0,Orta,Eposta
YKM04706,41,120,32480.855689345553,16189.361421696689,3,Dusuk,39,0,2,1,1,Orta,Mobil_Bildirim
YKM04707,50,44,32796.866534747416,61789.90111164635,6,Orta,40,0,1,1,0,Orta,SMS
YKM04708,44,154,77920.60097335707,17370.21259541778,6,Dusuk,31,1,2,1,1,Dusuk,Eposta
YKM04709,68,35,56023.46856166561,13545.96579864171,5,Yuksek,30,0,3,0,0,Orta,SMS
YKM04710,62,35,44620.56196563528,13206.010137505324,3,Orta,42,1,2,0,0,Orta,SMS
YKM04711,45,15,49606.51935746689,15160.407643813853,2,Dusuk,46,0,0,1,1,Orta,Mobil_Bildirim
YKM04712,48,124,41920.1731867749,22980.054011582575,6,Yuksek,33,0,0,1,0,Yuksek,SMS
YKM04713,48,128,28517.81377786234,24494.07171019863,6,Yuksek,33,1,1,1,1,Dusuk,Mobil_Bildirim
YKM04714,47,15,41591.3841631387,34132.891252817884,6,Orta,47,0,2,1,1,Orta,Mobil_Bildirim
YKM04715,58,79,51397.75402209448,9186.88382561921,3,Orta,40,0,2,0,1,Yuksek,Mobil_Bildirim
YKM04716,39,117,65914.40755147161,44564.66534105971,6,Yuksek,38,0,1,1,0,Dusuk,SMS
YKM04717,24,70,91630.72976348254,29486.852550518586,5,Orta,32,1,3,1,1,Orta,SMS
YKM04718,63,1,26218.196273031917,21952.514046235377,6,Orta,27,0,2,1,1,Orta,Mobil_Bildirim
YKM04719,35,97,70771.37482988766,28649.39796710097,2,Dusuk,50,0,2,1,1,Yuksek,Mobil_Bildirim
YKM04720,26,147,53726.77184451947,30218.646989630062,3,Orta,24,0,1,1,0,Orta,SMS
YKM04721,51,128,71210.29153028523,14788.501756103973,1,Yuksek,23,1,2,1,1,Orta,Mobil_Bildirim
YKM04722,63,119,25636.47813059669,43957.83724112299,2,Yuksek,28,0,2,1,1,Orta,Mobil_Bildirim
YKM04723,45,20,46182.56690214176,18171.99586006152,2,Yuksek,29,0,2,0,0,Yuksek,Mobil_Bildirim
YKM04724,34,62,61418.27925509791,26007.3546935232,1,Orta,30,0,4,1,1,Orta,Mobil_Bildirim
YKM04725,62,57,60201.28921630551,60463.77901248477,2,Yuksek,26,1,1,1,1,Orta,SMS
YKM04726,66,164,27549.8137506176,20060.774529754355,2,Yuksek,29,1,3,0,1,Yuksek,Mobil_Bildirim
YKM04727,62,183,62807.5530788772,15872.815867896643,3,Orta,36,0,2,1,1,Orta,SMS
YKM04728,56,186,31254.006887578154,28359.020409504883,3,Orta,49,0,1,1,1,Orta,Mobil_Bildirim
YKM04729,52,96,26589.665505273384,27396.021095358534,2,Yuksek,41,0,0,0,1,Yuksek,SMS
YKM04730,32,149,29545.33694422855,50297.046723970096,3,Orta,45,0,3,1,0,Orta,SMS
YKM04731,36,55,47324.90626138688,15201.398034298494,6,Yuksek,41,1,2,1,1,Yuksek,SMS
YKM04732,22,47,30472.879319911102,33693.40027432779,6,Orta,49,0,0,1,0,Yuksek,Eposta
YKM04733,66,96,86551.51702939616,27766.768611313983,3,Orta,45,1,2,0,1,Orta,Eposta
YKM04734,36,12,93187.8859556633,28278.837664111878,6,Orta,33,0,1,1,1,Yuksek,Mobil_Bildirim
YKM04735,27,91,48403.51594733773,78637.91506178549,3,Dusuk,38,0,1,1,0,Yuksek,Eposta
YKM04736,69,112,75444.95242537056,83121.8511426579,1,Orta,38,1,3,1,1,Orta,Mobil_Bildirim
YKM04737,47,149,48144.90115559653,25490.399415532007,3,Yuksek,23,1,2,1,1,Orta,SMS
YKM04738,52,142,44012.4773424235,44761.872211948525,1,Yuksek,47,1,0,1,1,Yuksek,Eposta
YKM04739,65,138,56367.266476563615,47206.238029399814,2,Yuksek,53,1,0,1,0,Dusuk,SMS
YKM04740,54,125,49868.23845605037,48635.87681297722,2,Yuksek,38,1,4,0,1,Yuksek,Mobil_Bildirim
YKM04741,45,76,44907.52251644808,31445.694433140015,5,Yuksek,51,0,1,1,1,Dusuk,SMS
YKM04742,26,144,38662.74540800374,24059.405957382794,1,Dusuk,35,0,2,1,1,Orta,Mobil_Bildirim
YKM04743,52,23,27244.53439994705,22788.642279356343,3,Yuksek,38,0,0,0,0,Orta,Eposta
YKM04744,40,78,23655.690702714666,36062.978028206,5,Orta,40,1,2,1,1,Orta,Mobil_Bildirim
YKM04745,39,96,25500.204159956236,81391.87180227682,4,Orta,44,0,3,1,1,Orta,Mobil_Bildirim
YKM04746,62,123,38949.48827851399,33192.12566041387,2,Orta,36,0,0,0,1,Orta,SMS
YKM04747,46,127,23990.52657981304,55799.96769125019,1,Orta,37,0,2,1,0,Yuksek,SMS
YKM04748,42,161,89358.2130638882,25814.197972738402,3,Yuksek,38,0,0,1,1,Orta,SMS
YKM04749,24,154,22199.206365366746,23225.61753697593,4,Yuksek,36,1,1,1,1,Yuksek,SMS
YKM04750,49,68,70109.42950168898,17993.651704532887,1,Yuksek,34,0,0,1,0,Yuksek,Eposta
YKM04751,52,164,62301.20191268339,26279.973022514212,2,Yuksek,40,1,3,1,1,Yuksek,Eposta
YKM04752,47,58,27887.79185028403,27737.13813945352,3,Orta,37,0,2,1,1,Dusuk,Mobil_Bildirim
YKM04753,48,158,36234.78781353372,33345.79610295454,1,Orta,37,1,1,0,0,Yuksek,SMS
YKM04754,20,121,39196.039602602614,26549.81794226742,2,Orta,28,0,2,1,0,Yuksek,Eposta
YKM04755,72,131,43076.04462023785,13487.460591187904,6,Dusuk,44,1,0,1,0,Orta,Eposta
YKM04756,38,55,24259.151383136104,27097.049197866956,3,Orta,36,0,3,0,0,Orta,Mobil_Bildirim
YKM04757,59,64,33425.315603861956,18232.48585253168,3,Orta,39,1,1,1,1,Orta,Mobil_Bildirim
YKM04758,22,174,40453.05672844467,38002.80619838862,3,Orta,42,1,0,1,0,Dusuk,Mobil_Bildirim
YKM04759,46,93,27420.583877072193,30778.377637285397,4,Orta,31,0,0,1,1,Orta,Eposta
YKM04760,65,79,73613.19644029603,32287.956829327224,1,Yuksek,39,0,0,0,1,Yuksek,Mobil_Bildirim
YKM04761,50,125,56279.12072982655,35800.92233995135,5,Orta,38,0,2,1,1,Orta,Eposta
YKM04762,66,160,22619.71543373981,14295.687663589348,4,Yuksek,35,1,0,1,1,Dusuk,Mobil_Bildirim
YKM04763,60,97,52136.8035405419,23201.53398168247,6,Orta,43,0,3,1,0,Orta,SMS
YKM04764,41,155,16866.32679766909,24107.34081641439,1,Yuksek,53,0,1,1,0,Orta,Eposta
YKM04765,28,87,37701.23249085802,26679.323656496883,3,Orta,42,0,0,0,1,Yuksek,Eposta
YKM04766,29,17,43706.64804884135,42825.666204427675,5,Yuksek,34,0,0,0,0,Yuksek,Mobil_Bildirim
YKM04767,27,174,77826.7571194208,40056.04145194704,3,Orta,34,1,2,0,1,Orta,Eposta
YKM04768,23,133,52575.17618366517,21772.06371304415,3,Orta,40,0,1,1,1,Orta,Mobil_Bildirim
YKM04769,23,73,39655.39795104128,24085.56069407599,6,Yuksek,33,0,3,1,0,Yuksek,Mobil_Bildirim
YKM04770,61,181,29100.282862754575,27088.007544141714,1,Orta,32,0,1,1,0,Yuksek,SMS
YKM04771,57,153,38820.384746171156,19514.954168876015,1,Yuksek,56,1,2,1,0,Orta,SMS
YKM04772,39,28,53218.61689489082,20732.813623283742,5,Dusuk,34,1,2,0,0,Dusuk,Mobil_Bildirim
YKM04773,46,166,90936.12064680383,19146.884339512617,2,Yuksek,36,0,4,1,1,Orta,Mobil_Bildirim
YKM04774,27,126,33250.25229586589,41850.50408937222,2,Orta,38,1,1,1,1,Orta,Mobil_Bildirim
YKM04775,63,1,44553.444805832245,28419.15260673637,1,Orta,49,0,0,1,1,Dusuk,Mobil_Bildirim
YKM04776,57,185,67154.16571142277,24722.54749114091,4,Yuksek,38,1,2,1,0,Yuksek,Eposta
YKM04777,33,54,62691.27777338319,61374.719794383134,3,Orta,26,1,0,1,1,Orta,SMS
YKM04778,30,186,30299.698529419635,48613.21865502069,1,Dusuk,47,1,3,1,1,Orta,SMS
YKM04779,64,86,42026.47112349653,15135.697027547556,2,Yuksek,36,0,1,1,0,Dusuk,Mobil_Bildirim
YKM04780,50,137,40198.99832289349,30502.12771207135,3,Dusuk,49,0,2,1,1,Dusuk,Mobil_Bildirim
YKM04781,55,104,31754.099687079324,29816.922297429577,6,Dusuk,37,1,1,1,0,Dusuk,Mobil_Bildirim
YKM04782,62,5,65643.62672713332,47047.99501975061,3,Orta,38,0,2,1,0,Dusuk,SMS
YKM04783,66,145,93740.69083177455,24459.41316722097,3,Orta,38,0,3,1,1,Yuksek,Mobil_Bildirim
YKM04784,61,61,96618.84728362737,16973.181776122197,4,Orta,38,0,1,1,0,Yuksek,SMS
YKM04785,23,72,69052.20017206932,22912.31425234901,2,Orta,34,1,0,1,0,Dusuk,SMS
YKM04786,56,125,47088.28078229437,24395.018703036312,6,Yuksek,25,0,0,1,1,Yuksek,Mobil_Bildirim
YKM04787,49,15,41439.074505257595,16002.183228547103,6,Yuksek,41,1,2,1,1,Yuksek,Eposta
YKM04788,68,163,66631.84622988926,42273.175001990094,2,Orta,30,1,2,1,1,Orta,Mobil_Bildirim
YKM04789,37,48,36032.70384736431,28160.924270805466,4,Dusuk,29,0,1,1,1,Orta,Mobil_Bildirim
YKM04790,50,122,46225.70680269037,13697.37077859954,3,Orta,35,0,0,1,1,Yuksek,SMS
YKM04791,34,19,148188.59657281166,16521.5366047142,4,Orta,36,0,1,1,0,Yuksek,Mobil_Bildirim
YKM04792,22,25,23348.039138188407,70580.01399997817,4,Orta,28,0,2,0,1,Orta,Eposta
YKM04793,58,24,112361.505743959,28815.09698141639,5,Yuksek,30,0,2,1,1,Dusuk,Mobil_Bildirim
YKM04794,48,108,35330.037501002385,43352.373728737664,4,Orta,34,1,1,1,0,Orta,Mobil_Bildirim
YKM04795,29,31,26288.583786549483,5577.374598456869,5,Orta,40,0,3,0,0,Yuksek,SMS
YKM04796,31,155,47776.37080443896,37574.676940711215,5,Dusuk,36,0,0,1,1,Dusuk,Mobil_Bildirim
YKM04797,22,6,53076.10223979797,33381.712040319726,2,Orta,37,1,2,1,1,Yuksek,Eposta
YKM04798,55,96,103491.9662039283,23567.659212723054,4,Orta,23,1,0,0,0,Dusuk,Mobil_Bildirim
YKM04799,45,93,28214.66005686641,13418.679312655468,6,Yuksek,46,0,2,0,1,Dusuk,Mobil_Bildirim
YKM04800,65,56,54125.387925750336,9151.438429291273,1,Orta,48,1,3,0,1,Orta,Mobil_Bildirim
YKM04801,61,16,71141.36382049961,10615.136369946149,4,Orta,27,0,0,1,1,Orta,SMS
YKM04802,34,116,21549.137437584617,29108.07629349714,3,Dusuk,34,0,0,1,0,Yuksek,Eposta
YKM04803,22,156,62432.0908084834,44035.599581790186,4,Yuksek,35,1,3,1,0,Orta,SMS
YKM04804,55,17,79400.1577751887,23739.440720834107,2,Yuksek,51,1,2,1,0,Orta,Eposta
YKM04805,25,126,36332.61897099287,19155.677459746148,5,Orta,50,0,2,1,0,Orta,Mobil_Bildirim
YKM04806,64,63,39668.09730260371,32410.0249949811,2,Yuksek,38,0,0,0,1,Yuksek,Eposta
YKM04807,34,4,56822.59458845856,12054.763988784985,5,Orta,58,0,2,1,0,Yuksek,Eposta
YKM04808,49,31,51891.16853966823,11035.542665881485,4,Orta,40,1,0,0,0,Yuksek,Eposta
YKM04809,41,112,36663.768484707776,45857.84746823362,4,Orta,33,0,2,0,0,Orta,Mobil_Bildirim
YKM04810,68,12,55527.885708146525,20366.646471523953,5,Yuksek,38,0,2,0,0,Yuksek,Mobil_Bildirim
YKM04811,69,10,128680.30833754827,27910.764861635038,3,Orta,43,0,3,1,1,Yuksek,Mobil_Bildirim
YKM04812,53,30,20807.33372672956,27831.609787376936,3,Orta,37,0,1,0,1,Yuksek,SMS
YKM04813,43,143,20514.61975603878,41000.40745301109,5,Orta,44,0,0,1,0,Yuksek,Mobil_Bildirim
YKM04814,43,81,41700.99465580371,19117.371063834667,5,Yuksek,55,0,0,1,1,Yuksek,Mobil_Bildirim
YKM04815,57,42,32502.022147850148,19023.76339334881,4,Orta,37,0,3,1,0,Yuksek,Mobil_Bildirim
YKM04816,58,34,30154.10400243196,10498.433249321413,6,Orta,35,1,1,1,0,Yuksek,Eposta
YKM04817,43,129,51058.68971897266,16823.85251125967,3,Orta,43,0,3,1,1,Dusuk,Eposta
YKM04818,34,64,46176.62745105836,31960.247837446546,4,Yuksek,23,1,1,0,1,Orta,Mobil_Bildirim
YKM04819,43,111,54419.77678517878,17831.18150526824,3,Yuksek,30,0,1,1,1,Dusuk,SMS
YKM04820,66,149,51926.361545349675,20607.212232830734,5,Orta,49,0,2,1,1,Orta,SMS
YKM04821,50,17,28082.36248643821,18915.79896427263,1,Orta,52,0,2,0,0,Orta,Mobil_Bildirim
YKM04822,44,54,27925.68575196761,23407.559660350067,4,Orta,45,0,0,1,1,Dusuk,SMS
YKM04823,54,168,24414.06689646063,39192.066046672546,1,Orta,38,0,2,1,1,Yuksek,Mobil_Bildirim
YKM04824,65,99,46160.99178654722,25311.33361321723,6,Orta,38,0,1,1,1,Yuksek,Mobil_Bildirim
YKM04825,22,24,35349.645788072696,22297.09121744516,5,Orta,40,0,2,1,1,Dusuk,SMS
YKM04826,46,28,64467.316847071794,49764.56562704268,1,Yuksek,40,0,0,1,1,Dusuk,Mobil_Bildirim
YKM04827,39,141,41093.68236972133,23780.47996552107,6,Yuksek,59,0,0,1,0,Yuksek,Mobil_Bildirim
YKM04828,61,169,23733.171313917093,6223.937849305079,4,Yuksek,21,0,1,1,1,Orta,SMS
YKM04829,60,54,105079.45189148263,17621.180312224045,3,Dusuk,41,0,4,1,1,Orta,Mobil_Bildirim
YKM04830,55,108,32435.67463986846,21042.71133006538,4,Yuksek,29,0,2,0,1,Orta,Mobil_Bildirim
YKM04831,66,127,46006.15438346663,15281.6071461832,4,Yuksek,27,1,3,0,1,Yuksek,Mobil_Bildirim
YKM04832,29,142,40676.57109966385,51621.068879665,5,Orta,37,0,2,1,1,Orta,SMS
YKM04833,41,44,26053.32210559787,32306.47994545884,4,Orta,53,1,0,1,1,Orta,Eposta
YKM04834,30,101,64763.428487634446,17264.866293484592,2,Orta,44,0,1,1,1,Yuksek,Mobil_Bildirim
YKM04835,52,13,53795.647092584244,16042.467438043263,1,Yuksek,34,1,1,0,1,Orta,SMS
YKM04836,53,152,11129.069116379866,15467.489789601128,3,Yuksek,39,1,3,1,1,Yuksek,SMS
YKM04837,42,90,30922.553775547734,26865.075362689167,6,Orta,38,0,1,1,0,Yuksek,Eposta
YKM04838,40,148,78370.22531367403,36168.46732267073,4,Orta,49,0,1,1,0,Orta,Eposta
YKM04839,54,5,30169.622922714017,22191.136317572735,3,Orta,41,0,0,0,1,Yuksek,Eposta
YKM04840,55,98,50618.77641345721,16433.000739833486,2,Orta,34,0,2,1,1,Orta,Mobil_Bildirim
YKM04841,30,10,67660.38005209876,15729.22455985252,6,Dusuk,28,0,0,0,1,Yuksek,Mobil_Bildirim
YKM04842,28,133,25530.590816739525,26911.697715609316,5,Dusuk,36,1,0,1,1,Yuksek,Eposta
YKM04843,28,49,50061.35605902883,8316.175529321037,6,Yuksek,33,1,1,1,1,Yuksek,Eposta
YKM04844,44,30,31177.718797309113,26503.122663043505,3,Orta,29,1,2,1,1,Orta,SMS
YKM04845,61,35,28615.29925241142,8176.952601997743,2,Yuksek,32,0,1,1,0,Yuksek,SMS
YKM04846,38,73,112078.86827852136,9307.633116337109,3,Dusuk,43,0,1,1,1,Yuksek,Eposta
YKM04847,27,119,61193.47499355729,78152.14710171535,3,Orta,42,0,2,1,1,Orta,Eposta
YKM04848,62,178,92083.52276817498,44137.2184802058,1,Dusuk,32,0,1,1,1,Yuksek,Eposta
YKM04849,40,67,25538.906660399123,32142.675423182027,6,Orta,32,0,2,1,0,Dusuk,Mobil_Bildirim
YKM04850,50,48,40525.54505130251,14070.762392969938,5,Orta,49,0,2,1,1,Orta,SMS
YKM04851,48,119,19582.611446343042,66154.12865044505,2,Orta,38,0,1,1,0,Yuksek,Eposta
YKM04852,68,127,32705.12735027543,29036.419798657545,5,Yuksek,28,0,1,1,1,Yuksek,Mobil_Bildirim
YKM04853,58,138,27478.36791489891,24492.8488308355,1,Orta,28,1,0,1,0,Yuksek,Mobil_Bildirim
YKM04854,31,24,43743.21290271352,52396.33088136531,3,Orta,46,0,1,1,0,Orta,Eposta
YKM04855,47,175,54327.47928775595,26272.632302806134,1,Orta,25,0,1,0,0,Orta,Eposta
YKM04856,64,35,64529.669301992806,71828.62017149781,5,Yuksek,39,1,3,1,1,Orta,Mobil_Bildirim
YKM04857,21,4,52783.68893691792,29183.623865538262,5,Orta,59,0,1,1,0,Dusuk,Mobil_Bildirim
YKM04858,32,82,48012.13363748002,26171.59590231244,1,Orta,33,0,3,1,0,Orta,SMS
YKM04859,35,136,49758.86418937396,23002.371729697385,5,Yuksek,41,0,0,0,1,Orta,SMS
YKM04860,31,18,36184.88650199814,22948.089609962448,2,Orta,46,0,2,1,0,Orta,Mobil_Bildirim
YKM04861,65,95,27201.62113089749,21013.82060344526,2,Yuksek,31,1,0,1,1,Orta,SMS
YKM04862,46,74,41476.6943023192,8511.426274477466,1,Yuksek,33,0,6,1,0,Orta,Mobil_Bildirim
YKM04863,54,140,28651.388729228463,34801.07473586303,6,Yuksek,47,0,2,1,1,Orta,Eposta
YKM04864,44,103,81166.21563051947,18890.542700809514,2,Orta,51,0,2,1,1,Orta,Mobil_Bildirim
YKM04865,25,23,42152.37711329869,9625.57530717035,6,Orta,44,0,1,1,0,Orta,SMS
YKM04866,28,70,11435.836786892021,28238.007417948887,3,Yuksek,42,1,1,0,0,Yuksek,Mobil_Bildirim
YKM04867,42,111,57113.208342855265,37165.75755217049,4,Dusuk,37,0,2,1,1,Yuksek,Mobil_Bildirim
YKM04868,57,152,81545.21344374638,42244.80655338209,2,Orta,37,0,0,1,1,Orta,Mobil_Bildirim
YKM04869,64,128,26910.695396759165,17169.481827005377,1,Orta,35,0,2,1,1,Orta,SMS
YKM04870,22,182,45182.84115508333,22400.3201126343,6,Orta,28,0,3,1,1,Yuksek,Eposta
YKM04871,20,134,67335.82602188308,29042.05206966198,1,Yuksek,36,0,2,1,0,Orta,Mobil_Bildirim
YKM04872,55,40,32456.061892123198,14442.870813959087,4,Orta,39,0,4,1,0,Yuksek,Mobil_Bildirim
YKM04873,59,74,87758.7042123109,17902.69893265256,6,Orta,39,1,3,1,0,Orta,Mobil_Bildirim
YKM04874,35,111,66256.0272132816,43361.19401662451,6,Yuksek,38,0,1,1,0,Dusuk,SMS
YKM04875,50,77,55046.62278613569,52682.66653877231,6,Orta,33,1,1,1,0,Yuksek,SMS
YKM04876,44,131,58893.50700957359,17320.311023994716,5,Yuksek,33,0,2,1,1,Orta,Mobil_Bildirim
YKM04877,47,6,62602.97680946942,21913.94853942762,1,Dusuk,43,0,2,1,0,Yuksek,SMS
YKM04878,46,18,38428.38016123663,7143.319587047136,5,Yuksek,33,0,2,1,1,Yuksek,Mobil_Bildirim
YKM04879,69,108,37630.20787899521,30081.012199073044,5,Orta,45,0,1,1,1,Dusuk,Eposta
YKM04880,49,7,33016.02666596958,21314.102879244263,3,Yuksek,43,0,1,1,1,Yuksek,Mobil_Bildirim
YKM04881,35,13,42905.507550967326,24122.601613968593,1,Dusuk,35,0,1,1,0,Orta,SMS
YKM04882,69,110,41963.19251717946,11934.806949310274,1,Orta,27,0,1,1,1,Orta,Mobil_Bildirim
YKM04883,55,70,86916.71862427854,43650.26111503341,1,Orta,42,0,1,1,1,Yuksek,Mobil_Bildirim
YKM04884,30,103,16799.042954375695,29000.83439020614,4,Orta,36,1,4,1,0,Yuksek,Mobil_Bildirim
YKM04885,35,39,44382.32522514475,26597.16059936117,2,Orta,45,0,1,1,0,Yuksek,Mobil_Bildirim
YKM04886,26,36,57590.32774781933,10260.109661103594,6,Yuksek,54,0,1,1,0,Orta,SMS
YKM04887,41,41,25752.55823026615,46817.800108049574,6,Orta,40,0,2,1,0,Dusuk,SMS
YKM04888,41,169,40443.29035244075,35719.375624802145,4,Yuksek,46,0,2,1,0,Yuksek,SMS
YKM04889,22,87,79101.59622910712,24149.206208050244,5,Orta,44,1,1,1,1,Orta,SMS
YKM04890,34,99,64354.56943611558,22607.32933205913,2,Yuksek,42,0,2,1,1,Orta,Mobil_Bildirim
YKM04891,43,89,26986.599994186014,51836.9074140424,5,Orta,33,0,0,1,1,Orta,Mobil_Bildirim
YKM04892,36,26,63849.473167886936,22471.121684053367,5,Orta,33,0,0,1,1,Orta,SMS
YKM04893,48,51,26751.2168216601,30043.73611233277,5,Dusuk,28,1,2,1,1,Yuksek,Mobil_Bildirim
YKM04894,51,24,80846.88513445613,42236.520523412124,2,Orta,44,0,1,1,0,Dusuk,SMS
YKM04895,63,95,63125.950093102474,19554.574414504896,6,Yuksek,28,0,0,0,0,Orta,Mobil_Bildirim
YKM04896,32,45,70830.49034074992,44336.7597991443,5,Yuksek,48,0,2,1,1,Orta,Mobil_Bildirim
YKM04897,65,171,45120.39610510793,83859.92518017688,1,Orta,52,0,2,1,0,Orta,Eposta
YKM04898,29,146,44884.45158232616,26885.642848800784,1,Orta,33,0,1,1,0,Yuksek,SMS
YKM04899,47,104,55797.36066782074,18926.509714707943,1,Yuksek,40,0,0,1,0,Yuksek,Mobil_Bildirim
YKM04900,64,159,86833.12325694445,50780.80534721028,1,Orta,38,0,1,1,1,Yuksek,SMS
YKM04901,59,146,44583.42214094691,29465.331636387888,4,Yuksek,36,0,0,0,1,Yuksek,Mobil_Bildirim
YKM04902,29,40,21629.17801032656,29724.153604793388,3,Orta,40,0,3,1,1,Orta,Mobil_Bildirim
YKM04903,53,86,71798.5880577821,13581.713578714787,5,Yuksek,33,0,0,1,0,Dusuk,Mobil_Bildirim
YKM04904,55,122,38944.01383321689,31943.996307451118,2,Yuksek,38,0,0,1,1,Orta,SMS
YKM04905,25,119,11045.28795430783,26219.168622297675,5,Orta,31,0,2,0,0,Yuksek,SMS
YKM04906,59,71,78978.89059654783,17467.655331528942,3,Dusuk,50,0,2,1,1,Yuksek,Mobil_Bildirim
YKM04907,29,82,67395.2262399143,11743.540183282097,6,Orta,33,0,0,0,0,Yuksek,Eposta
YKM04908,35,34,45992.65490408201,24358.34726874388,3,Yuksek,33,0,1,1,1,Yuksek,SMS
YKM04909,58,28,39129.47617806897,24250.116450194913,4,Orta,35,0,2,1,0,Orta,Mobil_Bildirim
YKM04910,63,123,50290.165698576864,27916.7649726317,5,Yuksek,30,0,1,1,0,Yuksek,SMS
YKM04911,41,20,20591.63480585079,27099.9245379909,6,Orta,46,0,1,1,0,Yuksek,Eposta
YKM04912,46,121,49755.004159089876,20389.00627941536,2,Dusuk,45,0,1,1,1,Orta,Eposta
YKM04913,46,98,25088.36995337918,26579.63238787342,6,Orta,32,0,1,1,0,Yuksek,Eposta
YKM04914,21,159,79154.97718632927,23760.721778443178,1,Dusuk,48,1,4,1,1,Orta,Eposta
YKM04915,47,164,36990.859262612226,7406.857596859958,6,Orta,31,0,0,1,0,Orta,SMS
YKM04916,52,17,29943.30217820997,23315.723161214122,3,Yuksek,38,0,0,0,0,Orta,Eposta
YKM04917,30,86,61280.84450049775,18523.260719280566,3,Yuksek,41,0,0,1,1,Dusuk,Mobil_Bildirim
YKM04918,55,94,35423.98786910972,21868.648639633837,2,Yuksek,26,0,0,1,1,Orta,Mobil_Bildirim
YKM04919,64,17,54381.7857016035,18748.417844716147,6,Dusuk,29,0,0,1,0,Orta,Eposta
YKM04920,59,158,27686.302418604573,32384.17185353598,3,Yuksek,46,0,5,1,1,Orta,Mobil_Bildirim
YKM04921,29,104,40474.75924924358,24802.126363571653,2,Orta,45,0,1,1,1,Orta,Mobil_Bildirim
YKM04922,65,147,54216.06529359627,13253.770856138959,2,Orta,32,0,0,1,0,Orta,Mobil_Bildirim
YKM04923,47,126,42375.14464255338,75062.84195828518,1,Yuksek,33,1,1,1,1,Yuksek,SMS
YKM04924,63,68,77714.9554265906,50568.48324350984,2,Orta,40,1,2,1,1,Orta,SMS
YKM04925,46,94,19722.127090444155,19483.603745015742,1,Dusuk,34,0,5,1,1,Orta,Eposta
YKM04926,55,87,42478.772247089626,36794.55483320872,6,Yuksek,33,0,3,1,1,Orta,Eposta
YKM04927,48,8,21684.228461368108,31704.86108386151,5,Orta,46,0,0,1,1,Yuksek,SMS
YKM04928,66,96,36318.10235667123,120844.79101931579,5,Dusuk,38,1,3,1,0,Yuksek,Mobil_Bildirim
YKM04929,39,51,46998.81999433609,15804.332020160513,3,Orta,26,0,1,1,1,Orta,Mobil_Bildirim
YKM04930,28,126,38012.88354806541,29046.90075899562,5,Yuksek,23,0,3,0,1,Orta,Mobil_Bildirim
YKM04931,46,21,13401.638663518792,24087.035127996518,6,Orta,45,0,2,1,0,Yuksek,SMS
YKM04932,60,127,75320.76700924276,27927.757458584012,6,Dusuk,36,0,1,1,1,Yuksek,Eposta
YKM04933,44,157,36142.87627021153,30893.32295106182,1,Orta,44,0,2,1,0,Yuksek,Mobil_Bildirim
YKM04934,49,21,66699.42905500757,37189.26205606251,6,Orta,39,0,1,1,0,Orta,SMS
YKM04935,32,116,24710.717119929945,16511.240256114503,2,Yuksek,32,0,1,1,1,Yuksek,SMS
YKM04936,50,46,39541.456697971065,9936.686405321823,4,Orta,38,1,3,1,1,Dusuk,Mobil_Bildirim
YKM04937,57,115,33046.08861994301,30072.737786970927,3,Orta,31,0,3,1,0,Yuksek,SMS
YKM04938,62,34,70149.24452984249,13240.30051731101,5,Yuksek,45,1,1,1,0,Orta,Eposta
YKM04939,61,1,56345.11220539083,13912.929538352364,5,Dusuk,35,0,2,1,1,Orta,Mobil_Bildirim
YKM04940,57,1,187438.4061017333,49374.674489001154,2,Dusuk,36,1,3,1,0,Dusuk,Mobil_Bildirim
YKM04941,50,155,78053.50047974243,26787.34361761654,6,Yuksek,33,0,1,1,0,Yuksek,Mobil_Bildirim
YKM04942,63,145,49424.66284383546,21944.16114770974,4,Orta,36,0,3,1,0,Dusuk,SMS
YKM04943,39,43,26229.413415260056,35997.70791305596,2,Dusuk,32,0,3,1,0,Yuksek,SMS
YKM04944,49,62,21433.24533021793,17023.487128096735,6,Orta,39,1,0,0,1,Yuksek,Eposta
YKM04945,34,70,72438.18100613574,40462.15605591566,4,Orta,33,0,4,0,1,Yuksek,SMS
YKM04946,49,163,95291.7401127684,21632.252197346133,2,Orta,32,0,0,1,1,Dusuk,SMS
YKM04947,45,10,118736.68822624772,12028.57950209527,6,Yuksek,42,0,1,1,1,Yuksek,Mobil_Bildirim
YKM04948,64,66,28847.440364927654,173698.05702367518,1,Orta,32,0,1,1,1,Orta,Eposta
YKM04949,28,17,40711.67593797534,9974.785779711929,2,Yuksek,49,0,1,1,1,Yuksek,Mobil_Bildirim
YKM04950,33,1,20189.217548495883,25367.546076429466,2,Yuksek,49,0,3,1,1,Yuksek,Eposta
YKM04951,43,121,101023.20380915316,20524.892284922593,6,Dusuk,37,0,2,1,1,Orta,Mobil_Bildirim
YKM04952,54,135,33424.28752289032,52098.45417874075,2,Yuksek,29,0,1,1,0,Orta,Mobil_Bildirim
YKM04953,36,19,23089.90388008966,63709.28822316085,3,Yuksek,34,0,0,1,1,Orta,Eposta
YKM04954,38,2,30214.796436335884,17381.508938666168,4,Orta,29,0,0,1,1,Yuksek,SMS
YKM04955,56,33,92764.4289336151,33646.83806359575,3,Yuksek,41,1,0,0,1,Yuksek,Mobil_Bildirim
YKM04956,42,85,68094.600127622,33484.23583124779,5,Yuksek,43,0,1,1,0,Dusuk,Mobil_Bildirim
YKM04957,47,115,42218.133929301526,44026.90433208606,3,Orta,28,1,0,1,0,Orta,Mobil_Bildirim
YKM04958,51,45,74745.69394266681,12414.280993761964,1,Dusuk,50,0,2,0,0,Dusuk,SMS
YKM04959,47,179,53802.90502251165,46849.71354619025,3,Yuksek,37,0,1,0,1,Dusuk,SMS
YKM04960,50,164,57644.04155059753,22048.54476310411,6,Orta,36,1,5,0,1,Dusuk,Mobil_Bildirim
YKM04961,32,116,46867.533172248935,24840.32617651245,1,Yuksek,52,0,3,1,1,Yuksek,Eposta
YKM04962,41,3,71647.77604727235,22667.901497566123,4,Orta,38,1,1,1,0,Yuksek,Mobil_Bildirim
YKM04963,68,162,49685.201795005065,20464.88163804641,5,Orta,47,0,2,1,1,Orta,SMS
YKM04964,45,112,22720.341339889063,53176.80538824758,2,Dusuk,38,0,0,1,1,Orta,Mobil_Bildirim
YKM04965,60,93,28630.17078461225,14553.690118761944,5,Yuksek,40,0,1,0,1,Yuksek,Mobil_Bildirim
YKM04966,57,172,75723.68007142357,27646.729219479676,5,Yuksek,46,0,2,0,0,Orta,SMS
YKM04967,39,78,80613.32685614916,64690.12913679914,2,Yuksek,49,0,0,1,0,Yuksek,SMS
YKM04968,20,29,82049.19761773205,13710.35539782781,1,Orta,41,1,3,0,1,Yuksek,Mobil_Bildirim
YKM04969,56,100,61543.17424686882,19409.956398759303,4,Dusuk,30,1,1,1,0,Yuksek,SMS
YKM04970,48,85,41364.06156080131,16541.048965342437,5,Dusuk,44,0,2,1,0,Yuksek,Eposta
YKM04971,34,2,37705.478697462466,21940.029781148507,1,Orta,40,1,2,1,0,Orta,SMS
YKM04972,54,65,96822.85570712503,26996.523628304036,6,Dusuk,32,0,2,0,0,Dusuk,Mobil_Bildirim
YKM04973,47,112,53097.78816539604,10082.910530948515,6,Orta,45,0,1,0,1,Orta,SMS
YKM04974,40,148,61803.64573985752,13179.523807315356,6,Orta,26,0,2,1,1,Dusuk,Mobil_Bildirim
YKM04975,49,128,27239.420004828615,15204.114288305573,6,Yuksek,41,0,1,1,0,Orta,SMS
YKM04976,64,27,29253.555538865403,60837.954398748654,4,Dusuk,40,0,2,1,0,Yuksek,Eposta
YKM04977,64,41,40961.34897888523,12502.573054969218,2,Dusuk,30,0,3,1,1,Yuksek,SMS
YKM04978,29,41,56708.11609338848,24435.99496492419,4,Orta,59,0,2,1,1,Dusuk,SMS
YKM04979,29,48,49686.22337481703,27761.09892288727,1,Orta,41,0,2,1,1,Dusuk,SMS
YKM04980,59,16,94427.11319791694,17193.892670709156,4,Dusuk,33,0,3,1,1,Yuksek,Mobil_Bildirim
YKM04981,25,168,45925.02940610963,32600.710717663263,4,Dusuk,38,0,3,1,1,Orta,Mobil_Bildirim
YKM04982,59,126,40314.81626656654,42341.27458230849,3,Dusuk,37,1,1,1,1,Orta,Mobil_Bildirim
YKM04983,59,124,52541.2506692156,30430.803869768974,3,Orta,37,0,0,1,1,Yuksek,SMS
YKM04984,53,83,27836.221160057023,20594.777577345038,3,Orta,33,0,0,1,0,Orta,Mobil_Bildirim
YKM04985,48,36,52639.04048944575,20512.026924027792,1,Dusuk,40,0,1,1,1,Orta,Mobil_Bildirim
YKM04986,51,130,14241.263273595687,20896.572196724086,5,Dusuk,38,0,1,1,1,Orta,Mobil_Bildirim
YKM04987,58,25,39093.49544990943,38945.96981318157,3,Yuksek,44,0,0,1,1,Orta,SMS
YKM04988,34,132,14685.125470939884,20897.227734044653,3,Yuksek,32,0,2,1,0,Yuksek,SMS
YKM04989,34,159,42934.742100612806,44441.06179064385,4,Yuksek,53,1,2,1,0,Yuksek,Mobil_Bildirim
YKM04990,45,146,79567.81059968403,45923.686888133416,3,Orta,38,0,3,1,1,Yuksek,Mobil_Bildirim
YKM04991,52,148,52842.912678235,12029.674235578515,1,Orta,37,0,0,1,1,Yuksek,SMS
YKM04992,23,32,36662.72246424688,35469.50610208967,2,Orta,39,1,1,0,0,Yuksek,Mobil_Bildirim
YKM04993,37,85,23617.676351748178,46161.319342735864,1,Dusuk,39,1,0,0,1,Orta,SMS
YKM04994,39,115,77404.83327603729,36252.77989378482,6,Orta,35,0,2,1,1,Orta,Eposta
YKM04995,26,71,53237.816889962975,15381.825316591212,2,Dusuk,41,0,2,0,1,Orta,Mobil_Bildirim
YKM04996,64,181,69250.36462501028,32932.74269689047,4,Yuksek,36,0,1,1,1,Dusuk,Mobil_Bildirim
YKM04997,32,79,29597.249867918585,50919.616617022984,5,Yuksek,39,1,0,1,1,Yuksek,SMS
YKM04998,60,171,32532.868319928166,26785.900355590453,1,Orta,35,0,1,1,0,Yuksek,SMS
YKM04999,69,149,85998.17501467477,19191.334607749137,1,Orta,39,0,0,1,1,Dusuk,Mobil_Bildirim
YKM05000,42,59,27341.007141874186,24722.377178320305,6,Yuksek,41,1,2,1,1,Dusuk,Mobil_Bildirim
YKM05001,68,11,50158.42730498633,16541.549979304113,1,Yuksek,41,0,0,1,1,Orta,Mobil_Bildirim
YKM05002,60,25,59213.06213805033,54197.84832395236,5,Dusuk,49,1,2,1,0,Orta,Mobil_Bildirim
YKM05003,38,56,40106.588235746356,20714.803625103916,3,Yuksek,46,1,0,0,0,Yuksek,SMS
YKM05004,66,46,40600.33976263991,36222.19111321588,1,Orta,29,1,1,0,0,Orta,Mobil_Bildirim
YKM05005,36,101,52812.72595502185,25736.041106951303,2,Yuksek,58,1,2,1,1,Orta,Eposta
YKM05006,19,123,37555.778618822784,20472.51076035666,5,Yuksek,37,0,4,1,0,Yuksek,Eposta
YKM05007,32,144,25611.0265077968,46804.74358574887,2,Yuksek,34,0,0,1,0,Yuksek,Mobil_Bildirim
YKM05008,51,112,26396.9193157903,18188.198391557482,4,Orta,35,0,2,1,1,Yuksek,SMS
YKM05009,28,95,56002.1609133215,41967.199794600645,5,Orta,42,0,2,1,0,Orta,Mobil_Bildirim
YKM05010,64,104,56517.608978574994,40500.788255082465,3,Orta,40,0,0,1,1,Dusuk,SMS
YKM05011,44,31,110758.64859157392,33451.42344799664,4,Yuksek,32,0,1,1,1,Orta,Mobil_Bildirim
YKM05012,64,178,64058.52156002523,14664.281417316624,1,Dusuk,30,0,1,1,1,Dusuk,Mobil_Bildirim
YKM05013,38,170,67214.48559724228,21363.072329696133,6,Yuksek,36,0,1,1,0,Dusuk,Mobil_Bildirim
YKM05014,64,91,55671.62636943976,13519.682121990485,2,Yuksek,36,0,1,1,1,Yuksek,SMS
YKM05015,25,145,95015.51392263816,16250.689647300364,5,Yuksek,43,0,1,0,1,Orta,Mobil_Bildirim
YKM05016,65,71,38885.781619753296,64268.25585035142,2,Yuksek,37,0,1,0,1,Dusuk,Mobil_Bildirim
YKM05017,67,47,35332.85810080203,31504.55809610599,4,Orta,39,0,0,1,0,Orta,Mobil_Bildirim
YKM05018,30,65,26979.13236303025,28269.717638519545,6,Orta,41,0,1,0,1,Orta,Mobil_Bildirim
YKM05019,35,87,30218.301495172964,47652.66603559851,4,Yuksek,30,0,1,1,1,Yuksek,Mobil_Bildirim
YKM05020,24,162,24704.32235993372,88043.6054637766,5,Orta,41,1,1,1,1,Dusuk,SMS
YKM05021,34,40,78717.44928992867,24439.987486232345,6,Yuksek,35,0,1,1,0,Orta,Mobil_Bildirim
YKM05022,63,53,32213.52070997864,26750.837725505982,2,Dusuk,23,0,1,1,0,Dusuk,Mobil_Bildirim
YKM05023,29,176,67379.04628191446,53668.63586114611,3,Yuksek,51,0,2,1,0,Yuksek,Eposta
YKM05024,55,98,38938.88699937041,56507.83774446843,1,Dusuk,50,0,1,0,1,Yuksek,Mobil_Bildirim
YKM05025,45,62,42280.595632281154,32767.313060717654,3,Orta,33,1,1,1,0,Orta,Mobil_Bildirim
YKM05026,38,37,44236.439319265504,12439.622505266794,5,Orta,31,0,0,1,1,Yuksek,Mobil_Bildirim
YKM05027,21,33,83022.45796870656,19044.772758554413,2,Orta,43,1,0,1,1,Orta,SMS
YKM05028,58,132,55239.96825567499,12651.4026766632,4,Yuksek,41,0,1,1,1,Dusuk,Eposta
YKM05029,39,80,32124.757450134624,15894.967334085046,2,Yuksek,35,1,3,1,0,Dusuk,SMS
YKM05030,47,63,42456.59232904598,18537.010304963263,4,Orta,39,1,1,1,0,Orta,SMS
YKM05031,45,2,44171.964463024706,8519.369869897417,1,Orta,25,0,1,1,1,Orta,Mobil_Bildirim
YKM05032,62,110,112477.64057546128,33336.63571174019,6,Orta,46,0,1,1,1,Yuksek,Mobil_Bildirim
YKM05033,61,92,35379.34494285765,13909.774528946691,6,Yuksek,50,1,0,1,1,Orta,SMS
YKM05034,21,58,67586.3246496697,26223.561169874683,6,Orta,30,0,1,1,0,Dusuk,SMS
YKM05035,48,138,24177.53094347223,8766.401825857034,1,Orta,38,0,0,1,1,Orta,SMS
YKM05036,37,168,21765.028009761692,11453.482091474456,5,Dusuk,47,1,3,1,0,Orta,Mobil_Bildirim
YKM05037,33,101,27563.831946752372,17061.19146581114,5,Yuksek,36,0,0,1,1,Orta,SMS
YKM05038,50,191,52287.5347926058,12401.262068025948,6,Yuksek,41,1,1,1,1,Dusuk,Mobil_Bildirim
YKM05039,48,140,42656.53969064034,14197.433047201137,2,Yuksek,44,0,2,1,0,Orta,SMS
YKM05040,46,169,30134.599268506976,29372.463588392166,2,Orta,36,1,0,1,1,Yuksek,Eposta
YKM05041,25,139,24702.396502552518,24790.670223637062,3,Yuksek,43,0,3,1,1,Orta,Mobil_Bildirim
YKM05042,51,3,109669.48717741159,76329.187511106,2,Yuksek,38,1,3,0,0,Orta,SMS
YKM05043,56,95,32289.454598061326,28150.706946241524,2,Dusuk,36,0,1,1,0,Yuksek,SMS
YKM05044,43,160,47462.594340822885,28316.464792459672,3,Dusuk,34,0,1,0,1,Dusuk,SMS
YKM05045,62,100,25010.69813896185,29451.37948183695,5,Yuksek,47,0,0,1,1,Orta,SMS
YKM05046,64,10,65202.64806760725,52786.85245982127,6,Yuksek,37,1,4,0,0,Yuksek,Mobil_Bildirim
YKM05047,37,156,59300.90695687108,26799.903725949636,4,Dusuk,54,0,2,0,1,Orta,Mobil_Bildirim
YKM05048,39,176,110623.89582614052,19798.564566710567,2,Yuksek,39,0,1,0,1,Yuksek,Mobil_Bildirim
YKM05049,22,158,28946.198974974588,15497.395825239357,1,Orta,38,1,1,0,1,Yuksek,SMS
YKM05050,26,122,20667.999476032608,38543.306048441606,2,Yuksek,39,1,4,1,1,Orta,Eposta
YKM05051,45,151,59234.98511530256,59472.7792214429,2,Orta,36,1,1,1,1,Yuksek,SMS
YKM05052,32,110,43742.082255251255,29698.62819828136,2,Yuksek,33,0,1,1,0,Orta,Eposta
YKM05053,52,42,54952.72839978178,35810.757615391805,4,Yuksek,26,1,0,1,1,Yuksek,SMS
YKM05054,31,90,99364.909233843,29721.818706719372,2,Orta,44,1,2,1,0,Orta,SMS
YKM05055,57,23,33639.79743059299,20343.221478242715,2,Dusuk,33,0,1,0,0,Orta,Eposta
YKM05056,21,53,51096.78587505363,28988.702734250055,1,Orta,29,0,1,0,1,Yuksek,SMS
YKM05057,58,146,75942.98162081736,26239.247789591413,1,Orta,38,0,0,0,0,Dusuk,Mobil_Bildirim
YKM05058,36,135,55749.488708795834,46444.78730318419,4,Yuksek,38,0,1,1,0,Yuksek,SMS
YKM05059,29,24,35962.425671039935,19563.92275858965,1,Orta,48,1,4,1,0,Dusuk,Mobil_Bildirim
YKM05060,34,13,46118.58079272214,6405.510308839553,1,Orta,43,0,1,1,0,Dusuk,SMS
YKM05061,34,168,17909.059904644582,40220.80503437388,6,Dusuk,42,0,2,1,1,Dusuk,SMS
YKM05062,33,74,74727.58987042123,30695.175265174777,2,Orta,52,0,0,1,0,Orta,Mobil_Bildirim
YKM05063,43,51,28768.90442251376,10890.68153592881,3,Yuksek,45,0,3,1,1,Yuksek,SMS
YKM05064,47,184,28798.95033463131,32547.263374411767,1,Orta,34,0,2,1,1,Dusuk,SMS
YKM05065,27,97,56564.91116251009,33107.515682145466,4,Yuksek,33,0,1,1,0,Yuksek,Mobil_Bildirim
YKM05066,57,32,23954.786567204894,48899.22220399137,4,Yuksek,49,0,1,0,1,Yuksek,Mobil_Bildirim
YKM05067,47,110,56111.442881545496,19579.536587375213,1,Orta,44,0,1,1,1,Yuksek,Eposta
YKM05068,33,82,109738.35603024706,43663.34506245933,6,Yuksek,46,0,2,0,1,Orta,Mobil_Bildirim
YKM05069,28,122,41259.634900889185,34535.16408892885,1,Orta,24,0,1,0,1,Yuksek,SMS
YKM05070,35,139,60464.18618358359,24677.44140937726,4,Orta,38,0,0,1,1,Yuksek,Mobil_Bildirim
YKM05071,25,72,49328.813020449634,24809.736545737316,1,Dusuk,37,1,0,1,0,Orta,SMS
YKM05072,65,27,36111.76534540375,19553.463482564024,6,Yuksek,41,0,1,1,0,Dusuk,Mobil_Bildirim
YKM05073,32,52,31229.712698962245,7755.071525402137,3,Dusuk,45,1,1,1,1,Orta,SMS
YKM05074,48,170,120093.49425831997,25431.277774411436,4,Yuksek,33,0,0,1,1,Orta,Mobil_Bildirim
YKM05075,54,23,76959.37334647839,11038.210113043444,3,Dusuk,31,0,0,1,0,Orta,SMS
YKM05076,60,46,52443.75353721085,27596.256214814002,3,Yuksek,31,0,3,1,0,Dusuk,Mobil_Bildirim
YKM05077,43,4,69984.21082473606,23364.297663479316,6,Orta,30,1,1,1,1,Orta,SMS
YKM05078,43,43,26432.54210003602,60830.739700444865,4,Yuksek,29,0,1,1,1,Orta,SMS
YKM05079,50,80,33036.45706200533,22608.537741255357,6,Yuksek,50,1,1,1,0,Orta,Eposta
YKM05080,57,64,35700.629213872475,39966.15239005229,3,Yuksek,37,1,0,1,0,Orta,SMS
YKM05081,27,138,29715.784470698698,20763.11961581663,1,Orta,43,0,2,1,1,Orta,Mobil_Bildirim
YKM05082,42,137,29429.760770043995,23028.253889111216,1,Yuksek,33,0,1,1,0,Yuksek,Mobil_Bildirim
YKM05083,27,61,43747.33192203906,30560.50366835785,4,Yuksek,40,0,1,0,0,Orta,Mobil_Bildirim
YKM05084,62,125,48853.29376905063,16744.55211436702,2,Orta,49,1,2,1,0,Yuksek,SMS
YKM05085,68,84,46525.87173573691,45180.54379690095,1,Orta,32,0,2,1,1,Orta,SMS
YKM05086,65,16,24432.90420213807,31720.933819358062,5,Yuksek,41,0,3,1,1,Yuksek,Mobil_Bildirim
YKM05087,50,40,47679.6684097571,24315.585021483435,6,Yuksek,31,0,2,0,0,Orta,Mobil_Bildirim
YKM05088,51,6,89174.66119486737,14440.163875963552,4,Yuksek,39,0,0,1,0,Yuksek,Eposta
YKM05089,53,87,52314.3097734898,8870.060448664211,2,Orta,32,1,0,1,1,Yuksek,SMS
YKM05090,61,75,19636.494173841347,30003.65764331447,4,Yuksek,39,1,2,1,1,Orta,SMS
YKM05091,63,50,39558.189326768734,33184.1195626814,3,Orta,39,0,1,1,1,Orta,Mobil_Bildirim
YKM05092,22,116,79371.8177618929,33552.14055049186,5,Yuksek,47,0,2,1,1,Orta,Eposta
YKM05093,42,23,35532.941362071746,40303.14746087794,4,Dusuk,38,0,0,0,1,Orta,SMS
YKM05094,63,81,17745.491413830394,34795.62301973189,4,Orta,35,0,2,1,0,Orta,Mobil_Bildirim
YKM05095,68,101,56350.679153499485,35523.80265684938,3,Orta,48,0,1,1,1,Orta,SMS
YKM05096,61,1,42432.10985545586,36227.36698081201,3,Orta,30,0,1,1,1,Orta,Mobil_Bildirim
YKM05097,38,15,63555.96169680252,25640.750180866627,5,Dusuk,35,0,0,1,0,Orta,Mobil_Bildirim
YKM05098,53,73,71487.56969684859,17838.293141750622,5,Orta,49,1,0,1,0,Yuksek,Mobil_Bildirim
YKM05099,42,1,85781.47633059739,27957.444535422812,6,Dusuk,39,0,2,1,1,Yuksek,Eposta
YKM05100,35,115,26010.147535099946,81940.06905809397,6,Yuksek,35,0,2,1,0,Yuksek,Mobil_Bildirim
YKM05101,41,179,64701.81810829417,34963.01759841772,4,Orta,48,0,0,1,1,Yuksek,Mobil_Bildirim
YKM05102,71,173,54191.10148289011,22151.324414503233,2,Orta,49,0,1,1,1,Yuksek,SMS
YKM05103,63,62,21567.873500523827,30976.41545791743,6,Yuksek,31,1,3,1,0,Yuksek,SMS
YKM05104,64,163,93764.09221652629,28189.223986227058,4,Orta,26,0,0,1,1,Yuksek,Mobil_Bildirim
YKM05105,57,1,71020.0448024283,19689.79260406261,5,Orta,43,1,3,1,0,Orta,SMS
YKM05106,22,90,58253.79276919135,9170.382979373333,3,Orta,24,0,0,1,1,Orta,Mobil_Bildirim
YKM05107,51,129,27140.777018475463,26131.934943474942,4,Orta,41,0,0,1,1,Orta,Eposta
YKM05108,35,140,58008.76761421356,13928.396121949883,4,Yuksek,33,1,1,1,1,Yuksek,SMS
YKM05109,61,79,58815.954118938644,14052.633802306234,6,Dusuk,37,0,1,1,1,Dusuk,Mobil_Bildirim
YKM05110,63,148,34213.900240043455,31324.568454628923,5,Orta,40,0,1,1,1,Orta,Mobil_Bildirim
YKM05111,32,142,48270.37341617483,35235.78006916224,5,Yuksek,35,0,1,1,1,Orta,SMS
YKM05112,29,97,53041.53523317994,47029.787425356895,1,Dusuk,36,0,3,1,1,Yuksek,Eposta
YKM05113,48,133,52165.0044486133,23366.25358562986,4,Dusuk,38,0,1,1,1,Yuksek,Mobil_Bildirim
YKM05114,66,82,17952.137701351126,32588.491350793887,3,Orta,32,1,0,1,1,Dusuk,SMS
YKM05115,68,147,37395.44710202249,36673.82675638794,6,Yuksek,31,1,4,1,1,Dusuk,SMS
YKM05116,24,18,41549.42300248483,5254.049535810496,3,Orta,39,0,1,1,1,Orta,Mobil_Bildirim
YKM05117,30,136,48202.403968940125,12828.053904871356,5,Orta,34,0,1,0,0,Orta,SMS
YKM05118,64,23,36593.37107551928,25383.95140029838,5,Yuksek,41,0,2,1,0,Orta,SMS
YKM05119,56,130,31583.513622731098,8437.798834274554,2,Orta,48,0,6,1,1,Yuksek,SMS
YKM05120,45,4,70022.40576620988,23760.152012430834,2,Dusuk,46,0,5,1,1,Orta,Mobil_Bildirim
YKM05121,65,85,44313.38241522383,17094.01549900811,2,Orta,40,0,1,0,1,Orta,Mobil_Bildirim
YKM05122,29,21,37970.5384321822,20101.130722562895,1,Yuksek,36,0,1,0,1,Yuksek,Mobil_Bildirim
YKM05123,32,18,33904.032564005705,12008.543902761148,3,Dusuk,34,0,3,1,0,Yuksek,Mobil_Bildirim
YKM05124,39,96,29534.569261269335,24966.315877211215,1,Yuksek,31,0,2,1,0,Orta,SMS
YKM05125,66,151,93841.15616928623,44570.96000398227,1,Orta,46,0,2,1,1,Orta,Mobil_Bildirim
YKM05126,33,55,29587.057880513217,9886.724344962138,6,Orta,37,0,0,1,1,Yuksek,Eposta
YKM05127,56,23,38282.99682375937,23808.33169304234,1,Yuksek,31,0,3,1,0,Yuksek,SMS
YKM05128,65,165,45400.932941182895,30264.61202304982,1,Yuksek,49,0,3,1,1,Orta,SMS
YKM05129,23,38,17350.566676328282,21576.666813522017,2,Dusuk,41,0,1,1,1,Yuksek,SMS
YKM05130,57,128,48591.73869929445,14874.61098536264,2,Yuksek,44,0,0,1,1,Yuksek,Mobil_Bildirim
YKM05131,52,56,47891.08622494465,40398.51298121887,2,Dusuk,40,1,2,0,1,Orta,SMS
YKM05132,25,94,49292.054662004004,28818.15779845703,4,Yuksek,34,0,0,0,1,Dusuk,Eposta
YKM05133,34,119,16715.49193199179,35097.53290260014,6,Orta,33,0,0,1,0,Orta,Mobil_Bildirim
YKM05134,45,103,57410.581539417566,15723.272990632977,1,Yuksek,40,0,0,1,0,Yuksek,Mobil_Bildirim
YKM05135,43,181,44765.82780976111,55767.558011907895,3,Dusuk,37,0,2,1,1,Orta,Mobil_Bildirim
YKM05136,44,45,50380.27045285976,25754.028966220674,5,Dusuk,41,0,0,1,1,Orta,SMS
YKM05137,69,78,32118.895811945535,38957.33622766461,2,Yuksek,45,0,2,1,1,Dusuk,Eposta
YKM05138,59,35,40096.787354990345,31107.098449281293,4,Yuksek,27,0,1,1,0,Orta,Eposta
YKM05139,26,126,14529.172661005028,21129.378448628246,1,Yuksek,41,0,0,0,1,Orta,SMS
YKM05140,55,167,62435.42288565257,22433.511541671596,6,Orta,48,0,1,1,0,Yuksek,Mobil_Bildirim
YKM05141,43,162,32983.609251838374,13510.303310032836,4,Yuksek,27,0,0,1,0,Orta,Mobil_Bildirim
YKM05142,65,2,16610.203437760858,28495.438174038656,2,Yuksek,40,0,0,1,0,Orta,SMS
YKM05143,22,50,36125.75585718785,27808.06041065618,5,Yuksek,45,0,4,1,1,Yuksek,Mobil_Bildirim
YKM05144,29,14,32841.24581592743,12109.992665275186,2,Orta,36,0,2,0,0,Yuksek,Eposta
YKM05145,39,129,47057.40186334979,78470.48207619904,3,Orta,37,0,3,1,0,Yuksek,SMS
YKM05146,21,31,30542.72186519017,18149.351648534484,6,Orta,29,1,0,1,0,Orta,Eposta
YKM05147,68,25,29885.207597471148,15211.607783915151,2,Orta,36,0,0,0,1,Yuksek,SMS
YKM05148,67,60,75980.30889858176,30818.77550448369,3,Yuksek,22,0,2,1,1,Orta,Mobil_Bildirim
YKM05149,24,32,40984.493278808135,27173.148143186358,6,Orta,34,0,1,0,1,Dusuk,Mobil_Bildirim
YKM05150,31,27,41458.062791482895,14264.10423180093,1,Orta,35,0,0,1,0,Dusuk,SMS
YKM05151,44,95,74465.86049594758,45364.26225209805,2,Dusuk,44,1,0,1,1,Orta,SMS
YKM05152,63,128,49144.4596692826,49408.996978302705,6,Yuksek,28,0,2,1,0,Orta,SMS
YKM05153,30,35,92479.29626787618,16114.692108573918,6,Orta,45,0,2,1,1,Yuksek,Mobil_Bildirim
YKM05154,49,135,85101.66178977408,20631.08765518453,5,Yuksek,34,1,2,0,0,Orta,Mobil_Bildirim
YKM05155,59,28,49720.15023668005,61555.68599980846,5,Orta,31,1,3,1,1,Yuksek,SMS
YKM05156,48,34,37667.39844969986,26766.685245118195,6,Dusuk,47,0,2,1,1,Dusuk,Mobil_Bildirim
YKM05157,24,53,74288.00036128833,15102.753098833067,4,Orta,31,1,3,1,1,Orta,SMS
YKM05158,55,55,30110.522434831477,24454.84326536589,6,Yuksek,42,0,0,1,0,Orta,Mobil_Bildirim
YKM05159,36,63,78237.16451984653,16699.97988230599,5,Yuksek,39,0,0,0,1,Dusuk,Mobil_Bildirim
YKM05160,19,89,47481.09745931891,25760.421159350717,3,Yuksek,25,1,0,1,0,Dusuk,SMS
YKM05161,65,23,53063.17279885264,12312.721214810004,4,Yuksek,35,0,2,1,0,Orta,Eposta
YKM05162,36,136,109428.14630337572,24285.225469003206,5,Orta,40,0,2,0,1,Orta,Mobil_Bildirim
YKM05163,41,77,20944.837539491975,44126.75818413125,4,Orta,39,1,0,1,0,Dusuk,Mobil_Bildirim
YKM05164,43,136,37547.613876773314,12791.07385731964,6,Yuksek,56,0,2,0,0,Yuksek,Mobil_Bildirim
YKM05165,46,98,30892.985403120325,15236.824421304113,6,Yuksek,42,0,1,0,0,Yuksek,Mobil_Bildirim
YKM05166,37,101,73392.65431998135,15733.566256289672,4,Orta,39,0,1,0,0,Yuksek,Mobil_Bildirim
YKM05167,56,49,82096.73755113609,23358.38508348842,2,Dusuk,40,0,1,1,0,Yuksek,Mobil_Bildirim
YKM05168,43,116,95787.68946803425,34454.428735959234,5,Dusuk,35,0,1,1,1,Orta,Eposta
YKM05169,29,115,29528.647828025176,43377.23363920597,5,Yuksek,33,0,2,0,1,Yuksek,SMS
YKM05170,52,73,81465.90133492352,44377.73565825836,4,Yuksek,31,0,4,0,0,Yuksek,Mobil_Bildirim
YKM05171,62,58,34678.48525974045,12669.302323393416,2,Yuksek,35,0,3,1,0,Dusuk,SMS
YKM05172,29,105,59625.398675307646,14650.003762689617,5,Yuksek,26,0,0,0,0,Orta,Mobil_Bildirim
YKM05173,32,84,22353.80933556495,18728.611747849835,2,Yuksek,23,0,2,1,1,Yuksek,Mobil_Bildirim
YKM05174,67,160,71822.11562310558,36927.23129463144,2,Yuksek,28,0,0,1,0,Dusuk,Mobil_Bildirim
YKM05175,26,29,40758.18242335727,25992.76398267886,5,Yuksek,30,1,4,0,1,Yuksek,Eposta
YKM05176,60,85,68638.68215137337,24412.53052026639,2,Dusuk,52,0,2,1,0,Orta,Eposta
YKM05177,58,162,20314.41068671882,41081.0692129259,1,Yuksek,42,1,2,1,0,Yuksek,Mobil_Bildirim
YKM05178,40,118,44545.73324904122,61869.620798406926,6,Yuksek,48,1,1,1,0,Yuksek,Mobil_Bildirim
YKM05179,34,50,56537.864455101284,22112.954558686833,2,Orta,48,1,1,1,1,Orta,Mobil_Bildirim
YKM05180,21,166,30812.131852702914,37151.3225504775,3,Yuksek,31,0,1,1,1,Yuksek,Mobil_Bildirim
YKM05181,29,177,15934.276108116375,53200.3312391635,3,Yuksek,45,1,0,0,1,Orta,SMS
YKM05182,25,123,33395.7493708835,35297.94752615327,6,Yuksek,39,0,1,1,0,Orta,Mobil_Bildirim
YKM05183,29,142,12987.027751858954,9214.957075245724,6,Dusuk,44,1,3,1,1,Orta,Eposta
YKM05184,53,43,68345.14316501949,18134.740429402827,4,Yuksek,38,0,1,0,1,Yuksek,SMS
YKM05185,34,142,36464.20024633458,32627.143413223304,6,Yuksek,30,1,2,1,1,Yuksek,Eposta
YKM05186,26,101,18053.778257708538,20949.612192873068,6,Orta,35,0,1,1,1,Dusuk,Mobil_Bildirim
YKM05187,29,187,53812.131974176606,17764.52151960181,3,Dusuk,40,0,2,0,0,Orta,SMS
YKM05188,52,49,29409.55462629061,38631.18114375114,2,Orta,47,0,5,1,0,Yuksek,Mobil_Bildirim
YKM05189,25,103,80292.69777569172,29897.981405214585,6,Orta,56,0,1,1,0,Yuksek,SMS
YKM05190,46,111,59792.00233702975,14542.404421948364,6,Orta,44,0,0,1,1,Yuksek,Mobil_Bildirim
YKM05191,69,39,40470.93899748351,33758.84374448084,1,Yuksek,37,1,1,1,1,Orta,SMS
YKM05192,58,178,39657.05480511379,21886.311798157392,4,Yuksek,53,0,3,1,1,Orta,Mobil_Bildirim
YKM05193,37,108,61507.45949728301,30816.539262284303,2,Orta,42,0,1,0,1,Dusuk,Mobil_Bildirim
YKM05194,30,54,96677.09946109721,25279.265237247837,5,Orta,47,0,2,1,0,Yuksek,Eposta
YKM05195,27,24,26458.34850299319,40257.303798118635,4,Dusuk,43,0,0,1,1,Dusuk,Mobil_Bildirim
YKM05196,58,144,63892.75465756949,11801.275868770374,1,Yuksek,30,0,2,1,0,Dusuk,Mobil_Bildirim
YKM05197,22,174,56947.36251914527,36043.428701440025,6,Dusuk,31,1,1,0,1,Orta,Mobil_Bildirim
YKM05198,52,98,21218.680480564824,25696.09916014931,6,Yuksek,33,1,2,1,1,Orta,Mobil_Bildirim
YKM05199,25,46,35470.65662072798,39506.13455988772,2,Dusuk,38,0,0,1,0,Yuksek,Mobil_Bildirim
YKM05200,66,156,37089.22492692374,7924.4266823264525,5,Yuksek,29,1,2,1,1,Yuksek,Eposta
YKM05201,66,165,73436.40910914606,17240.848123293574,5,Dusuk,38,1,3,0,0,Orta,Eposta
YKM05202,56,14,89599.19857029006,23738.07335623119,6,Dusuk,36,0,2,1,0,Yuksek,Eposta
YKM05203,32,23,40555.99005167597,51301.426209606754,4,Yuksek,49,0,3,0,1,Dusuk,Mobil_Bildirim
YKM05204,37,25,28405.893044620203,26359.026776213832,5,Orta,44,0,2,1,0,Yuksek,SMS
YKM05205,26,7,55386.958255150705,21576.42230000858,6,Orta,29,0,2,1,1,Dusuk,Mobil_Bildirim
YKM05206,55,59,65770.57654593876,60715.45904883652,6,Orta,38,0,2,1,1,Dusuk,SMS
YKM05207,64,24,37991.699973720315,27233.602725806846,4,Orta,43,0,1,0,1,Dusuk,Mobil_Bildirim
YKM05208,21,45,78313.55637465288,16234.670202882562,5,Yuksek,31,0,0,0,1,Orta,SMS
YKM05209,38,58,45771.11920180709,15693.42234229784,4,Yuksek,34,0,2,1,1,Orta,Eposta
YKM05210,27,109,52770.78064899352,54778.03990910845,4,Orta,45,0,0,0,1,Orta,Mobil_Bildirim
YKM05211,35,53,67332.16812992195,62008.55934913897,3,Orta,27,1,0,1,1,Orta,SMS
YKM05212,34,37,52647.469004457846,11756.566938857919,3,Yuksek,48,0,0,1,1,Orta,SMS
YKM05213,34,11,66704.46428507137,29541.713075540752,5,Yuksek,53,1,1,1,0,Dusuk,SMS
YKM05214,44,39,55267.08904354702,25829.288235371932,6,Yuksek,32,0,1,0,0,Orta,SMS
YKM05215,53,42,37088.3344323193,24203.397463142875,5,Dusuk,31,0,0,1,1,Orta,Mobil_Bildirim
YKM05216,25,122,29893.432122527935,26265.442086892595,6,Orta,32,0,1,1,0,Dusuk,Mobil_Bildirim
YKM05217,41,15,42905.98509612101,25045.262758299454,3,Yuksek,52,1,2,1,1,Orta,Eposta
YKM05218,53,63,37200.00076675977,13137.508293370749,2,Orta,38,1,2,1,1,Orta,Mobil_Bildirim
YKM05219,59,90,54799.90149839941,12527.126514537724,2,Orta,39,0,2,1,1,Orta,Eposta
YKM05220,59,102,18720.518637877783,27831.648902047353,3,Orta,30,0,1,1,1,Orta,Eposta
YKM05221,51,1,51703.70432260731,159465.58468026776,6,Yuksek,33,1,5,1,1,Orta,Mobil_Bildirim
YKM05222,39,49,32882.7966581333,15913.783714079873,4,Dusuk,40,0,0,0,0,Orta,Mobil_Bildirim
YKM05223,60,138,56623.41373348371,15086.375828831124,4,Yuksek,46,0,1,1,1,Dusuk,Eposta
YKM05224,65,158,78945.65485870765,10504.232838743592,2,Yuksek,35,0,4,1,1,Yuksek,SMS
YKM05225,47,141,53634.72675526996,26935.414869964752,3,Yuksek,47,0,1,0,0,Yuksek,SMS
YKM05226,27,125,59827.767269160126,78196.16893719451,3,Orta,43,0,2,1,1,Orta,Eposta
YKM05227,41,77,22631.40135340383,76911.87605867055,3,Orta,33,0,2,1,1,Yuksek,SMS
YKM05228,36,178,46682.04951742426,26348.117679088387,1,Orta,43,0,0,1,1,Yuksek,Mobil_Bildirim
YKM05229,60,100,34311.731545724615,29931.98469460774,2,Yuksek,40,1,1,1,1,Orta,Mobil_Bildirim
YKM05230,52,146,26396.335262822296,9607.460839496485,5,Yuksek,47,0,0,1,0,Yuksek,SMS
YKM05231,58,167,56718.25097099366,30048.14739365042,4,Orta,37,0,1,1,1,Orta,Mobil_Bildirim
YKM05232,45,110,50072.6104384996,19147.04645419038,5,Orta,48,1,0,1,1,Dusuk,Eposta
YKM05233,45,24,99240.05672436986,39107.841001299035,3,Yuksek,42,0,1,0,1,Yuksek,Eposta
YKM05234,68,84,34628.59451530033,18942.13428317787,5,Orta,40,1,2,0,0,Dusuk,Eposta
YKM05235,43,103,27703.526818446335,29802.036387273565,6,Orta,30,1,0,1,1,Dusuk,Mobil_Bildirim
YKM05236,28,14,19274.33597504013,50013.976542812845,5,Yuksek,38,1,0,1,1,Yuksek,SMS
YKM05237,51,87,45292.81307998928,17268.749542705293,6,Yuksek,37,0,4,1,1,Yuksek,Mobil_Bildirim
YKM05238,67,22,49500.29094399188,23748.21491980179,4,Orta,46,1,1,1,0,Orta,Mobil_Bildirim
YKM05239,27,97,47827.04368609732,36806.87878855487,2,Yuksek,36,1,1,0,0,Orta,SMS
YKM05240,29,171,89114.89795775688,15117.001837437168,2,Dusuk,22,0,0,1,0,Dusuk,SMS
YKM05241,42,169,36578.76155609506,20327.041527631474,3,Orta,38,0,0,1,0,Yuksek,SMS
YKM05242,50,121,54832.6357245849,26400.491863674142,6,Orta,40,0,0,1,0,Dusuk,SMS
YKM05243,33,105,69743.83499275616,19072.26079395428,2,Orta,27,0,0,1,1,Orta,Eposta
YKM05244,27,147,14764.848684762783,25834.95724988079,4,Yuksek,27,1,0,1,1,Orta,SMS
YKM05245,71,85,53593.256277040135,58956.04342353605,5,Dusuk,36,1,2,1,0,Orta,Mobil_Bildirim
YKM05246,65,35,49013.0130528489,43600.691492574646,6,Orta,39,0,1,1,0,Orta,Mobil_Bildirim
YKM05247,42,177,117831.94399928648,36546.415717289856,1,Orta,48,1,2,1,1,Orta,SMS
YKM05248,60,10,17799.365318925513,15412.62666292374,5,Orta,36,0,3,1,1,Orta,Mobil_Bildirim
YKM05249,58,71,91274.61537178916,32549.490995559732,4,Orta,35,0,3,1,0,Yuksek,Mobil_Bildirim
YKM05250,65,126,59510.42937650326,19248.516945432966,4,Dusuk,39,0,1,1,0,Yuksek,Mobil_Bildirim
YKM05251,29,24,63426.72094457283,24717.171681394466,2,Orta,46,1,1,0,1,Orta,Mobil_Bildirim
YKM05252,46,158,48448.19128940981,18255.395689456687,5,Yuksek,34,1,0,1,0,Yuksek,Eposta
YKM05253,57,34,103475.94983044911,28956.8436100827,4,Yuksek,21,1,2,1,1,Yuksek,Eposta
YKM05254,69,144,31610.267193254418,14179.095104052663,6,Orta,43,0,1,0,1,Yuksek,SMS
YKM05255,60,172,54007.53134532841,24320.080790545828,1,Yuksek,49,0,1,0,1,Yuksek,Mobil_Bildirim
YKM05256,31,50,158198.0421845835,30160.32005876697,5,Dusuk,44,0,1,1,0,Dusuk,Mobil_Bildirim
YKM05257,43,108,29513.338616495028,22456.8859599954,2,Yuksek,30,0,2,0,1,Orta,Mobil_Bildirim
YKM05258,67,165,60330.92776491681,17426.794925579787,4,Orta,33,0,0,1,1,Dusuk,Mobil_Bildirim
YKM05259,36,20,63383.173083620866,24147.36038925627,5,Orta,28,0,0,1,1,Orta,SMS
YKM05260,40,127,48954.84198328795,10565.236212182,6,Yuksek,42,1,1,1,0,Yuksek,SMS
YKM05261,37,50,48372.87436313369,15954.435789673385,6,Yuksek,39,1,2,1,1,Yuksek,SMS
YKM05262,59,58,75828.3082817771,24769.15467950233,6,Orta,39,0,0,1,0,Orta,Mobil_Bildirim
YKM05263,30,1,41808.66421687305,12430.603140560805,2,Dusuk,49,0,1,0,0,Orta,Mobil_Bildirim
YKM05264,59,140,43325.53741100335,18178.753950424176,1,Dusuk,28,0,2,1,1,Orta,SMS
YKM05265,58,46,41105.22269091109,16060.096018109729,1,Orta,39,0,1,1,0,Yuksek,Mobil_Bildirim
YKM05266,68,172,71451.59284141641,20932.898063320434,4,Yuksek,30,0,1,0,0,Orta,SMS
YKM05267,27,98,32358.549995626825,35851.815484383034,1,Dusuk,32,0,1,0,1,Orta,Mobil_Bildirim
YKM05268,26,32,77212.43924732419,36345.928063126405,3,Orta,38,0,3,1,0,Orta,SMS
YKM05269,67,134,68019.16051767535,63277.1506874505,5,Orta,38,0,2,1,1,Orta,Mobil_Bildirim
YKM05270,29,164,104222.18717980744,32370.99367844939,4,Orta,43,0,1,1,0,Yuksek,Eposta
YKM05271,53,141,19457.014430556905,34071.61136526652,6,Orta,48,0,2,0,1,Yuksek,Eposta
YKM05272,24,33,50550.74393593375,16497.684113208463,4,Orta,39,0,0,1,0,Yuksek,Mobil_Bildirim
YKM05273,58,139,34488.346036468094,16644.21867338817,2,Yuksek,38,0,1,1,1,Dusuk,Mobil_Bildirim
YKM05274,60,1,14957.28189312748,35330.98924534174,3,Orta,30,0,1,1,0,Orta,Mobil_Bildirim
YKM05275,24,131,15008.650208079262,24627.129651038522,6,Yuksek,41,1,1,1,0,Yuksek,SMS
YKM05276,34,180,86936.79255772832,28547.930691121408,4,Yuksek,40,0,5,1,1,Orta,Mobil_Bildirim
YKM05277,56,20,40100.17971906362,9765.380731396406,5,Orta,35,0,3,1,1,Orta,SMS
YKM05278,21,175,12925.258132764855,24443.13276668859,2,Orta,35,0,0,1,1,Yuksek,SMS
YKM05279,24,143,46357.23160320913,18248.03510677061,4,Dusuk,38,0,0,1,0,Orta,SMS
YKM05280,66,46,22627.45222593027,37375.20422327628,1,Orta,30,0,1,1,0,Yuksek,Mobil_Bildirim
YKM05281,52,168,73809.7775936044,23634.93777351276,5,Dusuk,33,0,4,1,1,Orta,Mobil_Bildirim
YKM05282,26,69,40082.372722955,21465.18517680583,1,Orta,44,0,0,1,1,Dusuk,SMS
YKM05283,67,68,43369.942181800805,30574.81387248025,1,Orta,42,1,0,1,1,Orta,Eposta
YKM05284,64,123,25058.52490907971,58206.771642989595,3,Orta,39,1,1,1,0,Orta,Mobil_Bildirim
YKM05285,43,112,42993.73504006317,17341.08408926169,1,Orta,36,1,2,1,1,Orta,Mobil_Bildirim
YKM05286,32,134,46955.381337289466,38497.03615414836,1,Dusuk,28,0,2,0,1,Orta,Mobil_Bildirim
YKM05287,52,146,53200.89250675358,25559.9744703129,1,Orta,26,1,2,1,1,Orta,Mobil_Bildirim
YKM05288,61,121,27624.733598603183,45420.5080817627,6,Dusuk,42,1,1,0,0,Yuksek,Eposta
YKM05289,50,15,63794.01143086871,16379.482578124454,6,Yuksek,40,1,0,1,1,Dusuk,Mobil_Bildirim
YKM05290,44,141,39209.030563340086,31634.105544537793,6,Yuksek,49,0,3,0,0,Dusuk,Mobil_Bildirim
YKM05291,32,166,57376.97441557002,16302.286108305632,4,Dusuk,32,0,3,1,1,Orta,SMS
YKM05292,67,126,52624.063237541624,18445.427427727944,1,Orta,18,0,1,1,1,Orta,Mobil_Bildirim
YKM05293,26,115,68292.53777593026,16695.59016071394,2,Yuksek,33,0,0,1,1,Orta,Mobil_Bildirim
YKM05294,68,139,53783.33913724789,36546.98768719567,6,Orta,35,0,0,0,0,Yuksek,Mobil_Bildirim
YKM05295,21,126,47221.07669645163,31114.163839230987,2,Orta,37,0,1,1,1,Orta,Eposta
YKM05296,27,64,35214.259853594274,23911.427470519895,1,Dusuk,36,0,2,1,1,Orta,SMS
YKM05297,68,6,45489.051438237206,13294.338035156863,3,Yuksek,33,0,3,1,1,Yuksek,Mobil_Bildirim
YKM05298,54,123,46920.012977132836,16995.59034861598,1,Yuksek,29,1,0,1,1,Orta,Mobil_Bildirim
YKM05299,53,1,90912.47638965743,15334.22953284216,4,Yuksek,36,0,0,1,0,Yuksek,Eposta
YKM05300,40,84,48292.171637174026,40493.965362231866,1,Yuksek,36,0,1,1,0,Orta,Eposta
YKM05301,54,142,39081.171715253695,31145.901467780564,5,Orta,34,0,0,1,1,Yuksek,Eposta
YKM05302,37,64,57238.693402846875,32067.68367552256,4,Yuksek,34,1,0,1,0,Orta,Eposta
YKM05303,55,13,48490.67922724244,15921.293943365079,2,Orta,45,0,0,1,0,Yuksek,Eposta
YKM05304,39,133,54167.45043666418,23510.831043704045,1,Orta,45,0,1,1,1,Dusuk,SMS
YKM05305,37,128,66311.75201298493,43417.24995342988,2,Dusuk,50,0,2,1,1,Dusuk,Eposta
YKM05306,25,98,50732.84536739796,21809.561696558823,6,Yuksek,40,0,0,1,0,Dusuk,Mobil_Bildirim
YKM05307,22,167,27476.58801361396,38383.09171893035,3,Yuksek,32,0,1,1,1,Yuksek,Mobil_Bildirim
YKM05308,60,168,62130.74627056796,11639.351752083468,4,Orta,45,0,2,1,1,Yuksek,SMS
YKM05309,62,15,42914.71388684792,16596.341471704283,4,Yuksek,46,0,1,0,1,Dusuk,Mobil_Bildirim
YKM05310,70,119,63111.1159222725,25977.60118556875,2,Yuksek,34,1,1,0,0,Orta,Mobil_Bildirim
YKM05311,47,84,39661.47828255275,58791.67755379174,6,Orta,49,1,2,1,0,Dusuk,Mobil_Bildirim
YKM05312,41,101,77568.64321115673,16598.56751673446,6,Orta,43,1,4,1,1,Orta,Mobil_Bildirim
YKM05313,67,21,41147.123189489605,70861.03393148683,2,Dusuk,52,0,2,1,0,Orta,SMS
YKM05314,22,90,83203.39303700803,8326.785406317762,2,Yuksek,34,0,2,1,0,Yuksek,SMS
YKM05315,31,63,19987.197272042144,43013.275323006594,5,Yuksek,53,0,1,1,0,Orta,Eposta
YKM05316,56,103,49664.99012164431,17247.784957168777,2,Orta,37,0,2,1,1,Orta,Mobil_Bildirim
YKM05317,31,45,67768.65539845257,18316.05311281499,1,Yuksek,26,0,0,1,1,Yuksek,SMS
YKM05318,58,170,37715.061734256866,54909.67899254109,5,Dusuk,32,0,1,1,1,Yuksek,SMS
YKM05319,54,93,73759.48768170655,19250.910260641747,6,Yuksek,38,1,3,1,1,Yuksek,SMS
YKM05320,42,34,30337.59238937411,16461.841952769744,4,Dusuk,44,0,0,0,0,Orta,Mobil_Bildirim
YKM05321,45,123,60012.82894319856,42556.903197196916,2,Yuksek,36,1,3,1,0,Dusuk,Eposta
YKM05322,42,57,67830.37820113555,25549.318540557168,5,Orta,28,0,2,1,1,Yuksek,Eposta
YKM05323,36,78,63216.53228301168,63947.34156164702,3,Yuksek,36,1,1,0,1,Yuksek,Eposta
YKM05324,30,69,25707.606624514123,30827.114978679947,6,Orta,45,0,1,0,1,Orta,Mobil_Bildirim
YKM05325,28,126,83349.61143747982,18927.3034520026,6,Orta,39,0,4,1,0,Dusuk,Eposta
YKM05326,55,125,42014.23792059932,21031.740588454453,1,Yuksek,27,0,0,1,0,Yuksek,Mobil_Bildirim
YKM05327,57,49,41717.328197209354,35423.965681416455,6,Dusuk,25,0,1,1,1,Orta,Eposta
YKM05328,23,94,50444.47421103491,17487.7010537426,5,Yuksek,36,0,0,1,1,Yuksek,Eposta
YKM05329,38,145,65848.29753953703,43120.17675934873,2,Orta,41,0,0,1,1,Orta,SMS
YKM05330,26,66,100492.4909726569,59336.933997378546,5,Dusuk,37,0,0,0,1,Yuksek,Mobil_Bildirim
YKM05331,67,150,40281.693794300685,39933.03383747265,6,Yuksek,37,1,4,1,1,Dusuk,SMS
YKM05332,38,109,64204.6255401356,17820.900539185444,4,Orta,37,1,2,1,1,Orta,Mobil_Bildirim
YKM05333,24,118,36615.93177002117,36796.070667801076,3,Dusuk,43,0,0,1,1,Orta,SMS
YKM05334,40,89,75880.74549035801,50175.241467426844,5,Yuksek,35,0,1,1,1,Orta,SMS
YKM05335,39,151,47550.95915056004,38614.78736288757,2,Yuksek,38,0,0,1,1,Yuksek,Eposta
YKM05336,49,121,54104.65707899419,35345.688549594284,3,Yuksek,39,0,2,1,1,Yuksek,Mobil_Bildirim
YKM05337,61,133,81662.93752911068,16213.434516483667,5,Yuksek,40,0,2,1,0,Orta,Mobil_Bildirim
YKM05338,44,112,47413.53392313358,24408.996250303113,3,Yuksek,40,0,3,1,1,Yuksek,SMS
YKM05339,32,122,28283.894598892774,17448.393423173566,6,Orta,36,1,2,1,1,Yuksek,SMS
YKM05340,40,113,34475.47397199304,43601.37169034452,5,Yuksek,45,1,0,1,0,Yuksek,Eposta
YKM05341,69,50,67851.01041270742,53290.279649897704,4,Orta,29,1,2,1,0,Yuksek,Mobil_Bildirim
YKM05342,59,122,37447.788339048035,41619.198070042556,3,Dusuk,36,1,1,1,1,Orta,Mobil_Bildirim
YKM05343,59,12,84471.79038395711,20694.119099118583,5,Orta,49,1,0,1,0,Yuksek,SMS
YKM05344,21,153,45693.082293702595,31981.93407729203,2,Dusuk,25,0,2,1,1,Orta,Eposta
YKM05345,68,88,49895.95534134781,27916.41077864569,1,Dusuk,43,0,3,1,1,Yuksek,SMS
YKM05346,41,78,29966.447053758915,21963.979607114066,5,Orta,54,0,2,1,0,Dusuk,Mobil_Bildirim
YKM05347,65,172,27914.77852899628,71501.96193668598,4,Orta,49,1,0,1,0,Yuksek,SMS
YKM05348,60,137,37291.47659977329,33203.9111927848,2,Orta,36,1,1,1,1,Orta,SMS
YKM05349,59,98,56736.49638121421,10601.655540137584,4,Orta,32,0,3,1,0,Yuksek,Eposta
YKM05350,60,138,45230.43656421366,34118.67507872964,6,Orta,32,0,2,1,1,Yuksek,Eposta
YKM05351,57,28,58401.86189780997,23736.219217656497,4,Dusuk,43,0,1,0,1,Yuksek,Mobil_Bildirim
YKM05352,31,58,32442.83992046104,16868.10481966651,1,Dusuk,29,1,1,1,1,Yuksek,Mobil_Bildirim
YKM05353,54,22,24430.734945852928,30530.97233397244,4,Orta,41,0,4,1,1,Orta,Mobil_Bildirim
YKM05354,40,104,34023.76044885491,19892.46440917094,6,Orta,47,0,1,1,1,Yuksek,Mobil_Bildirim
YKM05355,62,166,35177.95284617012,14003.76033725967,4,Yuksek,43,1,3,1,1,Yuksek,SMS
YKM05356,36,134,48953.24918077259,64739.387024618525,4,Orta,48,0,1,1,1,Yuksek,Mobil_Bildirim
YKM05357,33,121,31037.941148138183,10940.161087888662,6,Orta,42,0,4,1,1,Yuksek,Mobil_Bildirim
YKM05358,54,105,108289.73419713917,37403.052586265665,4,Orta,32,0,0,1,1,Yuksek,Mobil_Bildirim
YKM05359,31,138,42340.917069789895,39685.0582963819,2,Dusuk,44,0,1,1,1,Dusuk,Eposta
YKM05360,58,151,44149.994891678805,30258.16383424186,1,Orta,38,0,3,1,1,Dusuk,SMS
YKM05361,31,32,63760.150945914305,39538.71438897237,5,Dusuk,33,1,0,0,0,Dusuk,Mobil_Bildirim
YKM05362,42,64,26639.356673325696,29169.718272599075,5,Orta,46,1,0,1,1,Dusuk,SMS
YKM05363,41,76,30464.50911542465,40282.06847761186,1,Dusuk,35,0,1,1,0,Orta,Mobil_Bildirim
YKM05364,31,116,53909.502626639456,35360.866304441515,6,Yuksek,39,0,2,1,1,Dusuk,Eposta
YKM05365,61,1,89383.13102944277,16778.743744825628,6,Orta,50,1,2,0,1,Yuksek,Mobil_Bildirim
YKM05366,49,92,61469.393869502936,43666.64503896702,2,Dusuk,36,0,0,0,1,Orta,SMS
YKM05367,56,13,116252.74494043137,29212.871966142447,5,Yuksek,43,0,2,1,1,Dusuk,Mobil_Bildirim
YKM05368,32,65,75754.84873303675,29851.776943343473,3,Dusuk,41,0,2,1,1,Orta,Eposta
YKM05369,30,54,43480.96214836858,16402.407579003182,2,Yuksek,41,0,1,1,1,Yuksek,SMS
YKM05370,30,64,34453.202881160905,42626.83217748651,2,Orta,40,0,2,1,1,Yuksek,Mobil_Bildirim
YKM05371,69,10,30786.92872475945,40665.11152534571,2,Yuksek,28,1,3,1,1,Orta,Eposta
YKM05372,41,133,76537.55707271575,34389.470106301196,2,Dusuk,40,0,0,1,1,Yuksek,Mobil_Bildirim
YKM05373,30,45,80665.41148857604,33062.37817736434,1,Dusuk,33,0,0,1,0,Orta,Mobil_Bildirim
YKM05374,24,127,40404.32598504082,24303.714053326326,3,Orta,35,1,1,1,1,Orta,Eposta
YKM05375,61,179,70094.55081880269,29732.002638089198,2,Yuksek,41,1,2,1,1,Yuksek,Mobil_Bildirim
YKM05376,35,97,38771.51916095658,34032.91143105859,4,Yuksek,28,0,1,1,0,Yuksek,Eposta
YKM05377,39,142,39984.468820703136,13963.568968178824,1,Dusuk,33,1,0,0,0,Orta,SMS
YKM05378,22,106,47861.63602365683,19463.955059672164,6,Dusuk,52,0,1,1,1,Orta,SMS
YKM05379,44,183,60078.628605307946,30870.540479726755,6,Orta,46,0,2,0,1,Yuksek,Mobil_Bildirim
YKM05380,34,45,41908.326874769555,14060.290610384724,5,Dusuk,41,0,2,1,0,Orta,Mobil_Bildirim
YKM05381,34,94,55085.71602577813,25292.848969234834,1,Orta,42,0,3,1,1,Orta,Eposta
YKM05382,41,111,38505.58998386009,49905.13467736075,5,Orta,27,0,1,1,1,Yuksek,Mobil_Bildirim
YKM05383,26,61,58996.473697978705,32328.12547872039,3,Dusuk,26,0,1,1,1,Yuksek,Mobil_Bildirim
YKM05384,60,165,96984.38523077438,11211.23716234272,5,Orta,39,0,2,0,1,Yuksek,Eposta
YKM05385,71,29,26649.07428035669,14514.633565723121,4,Dusuk,30,0,0,1,1,Yuksek,Eposta
YKM05386,23,103,62116.33138011241,97367.1103322449,4,Orta,45,0,3,1,1,Yuksek,SMS
YKM05387,27,163,38871.91273951104,40878.519783826756,5,Yuksek,41,0,2,0,1,Orta,Mobil_Bildirim
YKM05388,37,163,29994.045257758375,22589.309252328567,6,Dusuk,22,0,2,1,1,Yuksek,Mobil_Bildirim
YKM05389,55,71,18722.532827019913,23854.52344073176,6,Orta,29,0,5,1,1,Dusuk,SMS
YKM05390,42,99,48709.098714114116,21648.09470360291,1,Yuksek,45,0,1,1,1,Yuksek,SMS
YKM05391,24,74,19038.787802918294,32715.909717244554,6,Orta,34,1,4,1,0,Yuksek,SMS
YKM05392,62,177,60881.726377160325,15605.604300581426,5,Yuksek,25,0,0,1,1,Orta,Eposta
YKM05393,26,97,121050.96204581135,12461.766349326666,6,Orta,37,0,4,1,0,Yuksek,Mobil_Bildirim
YKM05394,53,177,97626.15950800656,33628.9761817404,2,Dusuk,41,1,3,1,1,Yuksek,Mobil_Bildirim
YKM05395,40,102,33872.62399751341,53527.61023128143,1,Orta,46,0,6,1,1,Yuksek,Mobil_Bildirim
YKM05396,39,127,28129.063103036897,14909.43711014565,4,Yuksek,42,0,0,1,1,Orta,Mobil_Bildirim
YKM05397,62,72,27779.716739436015,26567.37705672748,1,Orta,40,0,2,0,0,Yuksek,Eposta
YKM05398,61,172,47943.64432940805,30644.56453926146,4,Yuksek,37,0,2,1,0,Yuksek,Eposta
YKM05399,40,170,14513.361571919948,17785.499920968152,6,Yuksek,33,0,1,1,0,Orta,Mobil_Bildirim
YKM05400,65,132,56049.539946217585,25471.089449478917,1,Dusuk,40,1,1,1,1,Orta,SMS
YKM05401,54,163,38137.32362459835,26953.948789939444,6,Orta,36,0,0,1,0,Yuksek,Eposta
YKM05402,58,22,26355.253181016487,16929.43647467671,1,Dusuk,33,0,0,1,1,Yuksek,Eposta
YKM05403,44,10,51439.120023303905,17743.965443438232,5,Yuksek,43,0,1,1,1,Orta,Mobil_Bildirim
YKM05404,66,9,37204.48571767651,25525.338154037643,4,Orta,46,0,1,0,1,Dusuk,Mobil_Bildirim
YKM05405,38,139,41018.4977339797,20309.7073797407,5,Orta,32,0,0,1,1,Dusuk,Mobil_Bildirim
YKM05406,63,128,46523.93760713104,43334.75109091179,1,Orta,34,0,1,1,1,Dusuk,Mobil_Bildirim
YKM05407,33,120,63126.239708962756,49600.806520678,1,Orta,36,0,2,1,1,Dusuk,SMS
YKM05408,45,52,49778.751340885916,43701.11173499595,4,Yuksek,47,0,2,1,0,Orta,Mobil_Bildirim
YKM05409,21,125,24714.170757242686,27080.72842019763,4,Yuksek,38,0,1,1,1,Yuksek,Eposta
YKM05410,43,29,71671.99119971713,12147.193228778471,6,Orta,49,0,0,1,1,Orta,SMS
YKM05411,52,111,45533.8267087815,42242.965504523774,5,Yuksek,38,0,1,1,1,Dusuk,SMS
YKM05412,67,102,56118.59880985621,8765.01121258943,6,Dusuk,49,0,2,1,0,Yuksek,Mobil_Bildirim
YKM05413,27,62,94511.49765314198,25350.12664669794,3,Yuksek,35,1,1,1,1,Yuksek,SMS
YKM05414,33,162,95837.69228852494,46208.355905746896,6,Orta,33,0,0,0,1,Orta,Mobil_Bildirim
YKM05415,34,109,40799.42389860919,18229.461005836267,5,Orta,40,0,2,1,1,Yuksek,SMS
YKM05416,57,19,33212.58248514329,21977.88049974577,4,Yuksek,40,0,1,1,1,Orta,SMS
YKM05417,51,179,45533.71821205759,32405.87284605995,2,Yuksek,49,0,5,1,0,Orta,Eposta
YKM05418,66,11,50878.80745007526,34065.806541569116,5,Yuksek,33,0,2,1,1,Orta,SMS
YKM05419,29,126,15763.6615056767,35472.206551839845,2,Dusuk,45,1,2,1,0,Orta,SMS
YKM05420,66,44,38151.36953292514,19300.39494021526,3,Orta,34,0,0,1,1,Dusuk,SMS
YKM05421,23,176,41209.25824741225,28545.389356112177,6,Orta,38,1,2,1,0,Orta,SMS
YKM05422,34,166,54240.52612725286,14112.49966724878,4,Orta,25,0,3,1,1,Dusuk,Mobil_Bildirim
YKM05423,44,19,66480.22668743292,30912.584274018667,5,Yuksek,39,1,1,1,1,Yuksek,Mobil_Bildirim
YKM05424,57,56,37719.93247415798,12282.239349711966,5,Orta,28,0,0,1,0,Yuksek,Mobil_Bildirim
YKM05425,49,105,32038.334740966413,42610.2256675032,4,Orta,37,1,1,1,0,Orta,Mobil_Bildirim
YKM05426,56,36,45058.918821692874,26702.671270461582,3,Orta,31,1,1,0,1,Yuksek,Mobil_Bildirim
YKM05427,31,99,36648.37095662386,16342.019263708233,1,Yuksek,30,0,4,0,1,Orta,Mobil_Bildirim
YKM05428,44,53,64341.49673645914,16180.89438589547,5,Orta,33,0,1,1,1,Orta,SMS
YKM05429,70,43,52307.181842709564,25056.06626735891,1,Dusuk,50,0,2,1,1,Orta,Eposta
YKM05430,55,161,66633.583086906,33909.66432710203,1,Dusuk,27,0,2,1,1,Yuksek,Mobil_Bildirim
YKM05431,35,51,101900.60891134081,36037.14815691871,6,Orta,47,0,2,1,1,Dusuk,SMS
YKM05432,41,114,39719.12213363877,41762.84206722473,6,Yuksek,35,1,6,1,0,Orta,Mobil_Bildirim
YKM05433,30,110,68133.58179425528,20593.024166523723,4,Yuksek,43,1,1,1,1,Yuksek,Mobil_Bildirim
YKM05434,23,86,43873.573897207156,37386.398033892976,6,Orta,45,0,1,1,0,Orta,SMS
YKM05435,41,165,71198.98248322085,8978.51684511425,4,Dusuk,31,0,1,1,0,Orta,SMS
YKM05436,49,66,61942.19436830524,40942.459640026114,2,Yuksek,33,1,1,0,0,Dusuk,SMS
YKM05437,35,162,42571.3528782323,21703.422047973756,1,Yuksek,32,0,0,1,1,Yuksek,Mobil_Bildirim
YKM05438,34,169,35455.709928799944,15647.071321122505,2,Orta,41,1,3,0,0,Yuksek,Mobil_Bildirim
YKM05439,50,34,43687.69048931441,29975.167708069737,3,Orta,31,1,1,1,0,Yuksek,Eposta
YKM05440,62,49,64435.60419806996,22352.38067632814,1,Orta,28,1,3,1,1,Yuksek,SMS
YKM05441,46,169,39961.73182254365,28310.028013766958,1,Dusuk,40,1,0,1,1,Dusuk,Mobil_Bildirim
YKM05442,53,62,98555.30367598613,17724.21707468258,6,Orta,55,0,1,1,0,Orta,SMS
YKM05443,29,170,42404.751239194986,33032.84983182834,6,Dusuk,49,0,1,0,1,Dusuk,Mobil_Bildirim
YKM05444,56,167,16586.965043567405,14498.769962153117,3,Orta,31,0,0,1,0,Yuksek,Mobil_Bildirim
YKM05445,26,138,15182.550412541876,10592.313406807127,5,Orta,35,1,0,1,1,Orta,Mobil_Bildirim
YKM05446,57,158,56801.52163550085,34235.46181691008,3,Orta,42,1,1,1,0,Yuksek,SMS
YKM05447,67,157,159586.68422219323,54322.76029574566,1,Dusuk,46,1,2,1,1,Dusuk,SMS
YKM05448,50,147,20997.639781718168,19862.626311580032,5,Dusuk,37,1,2,1,1,Orta,Eposta
YKM05449,35,67,71989.78524731657,20706.94800506797,1,Orta,32,0,1,1,1,Dusuk,Eposta
YKM05450,30,128,40163.68824014093,33297.41295519235,5,Yuksek,43,0,1,1,0,Dusuk,Mobil_Bildirim
YKM05451,45,86,44730.67956334504,58470.24945354901,5,Orta,41,1,1,1,1,Dusuk,Eposta
YKM05452,31,125,51246.741987589616,42624.62986958729,1,Dusuk,36,1,0,0,1,Orta,Eposta
YKM05453,58,147,72273.06751848313,30532.150338868207,4,Yuksek,41,0,2,1,1,Orta,SMS
YKM05454,51,5,17887.155076231567,27546.629482175882,4,Orta,35,1,0,1,1,Orta,SMS
YKM05455,61,141,52293.797781655616,15480.765060489826,4,Dusuk,53,0,2,1,0,Yuksek,Mobil_Bildirim
YKM05456,42,166,37334.44268577207,56377.6439813258,2,Dusuk,45,1,0,1,1,Dusuk,SMS
YKM05457,66,14,90332.66295810197,24175.28606275684,1,Dusuk,29,0,1,1,1,Yuksek,Mobil_Bildirim
YKM05458,35,14,38335.58428165839,27889.716532111754,1,Orta,49,0,0,1,1,Yuksek,SMS
YKM05459,56,112,69767.78195858854,26037.47056376533,5,Dusuk,28,0,1,0,1,Orta,SMS
YKM05460,58,171,25982.142417801093,24204.8707553467,4,Yuksek,44,0,1,0,1,Orta,SMS
YKM05461,53,169,70326.7124853038,32064.791295978113,6,Orta,34,0,0,1,0,Dusuk,Eposta
YKM05462,60,28,43949.8305769232,14359.257186357301,3,Orta,31,0,1,1,0,Orta,Eposta
YKM05463,38,50,77166.91515055715,57434.6223356136,5,Dusuk,35,1,2,1,1,Yuksek,SMS
YKM05464,66,76,37594.23414646728,35496.80433270951,1,Orta,42,0,3,1,1,Yuksek,Mobil_Bildirim
YKM05465,27,57,34636.466323789966,20684.843889224092,4,Orta,37,0,1,1,1,Yuksek,SMS
YKM05466,41,138,48786.67187469283,14567.670155894324,2,Dusuk,45,0,2,0,1,Orta,SMS
YKM05467,53,95,43433.42891599103,22103.165456166345,1,Dusuk,54,0,2,0,1,Yuksek,SMS
YKM05468,69,16,62853.87429780688,13526.637832321441,3,Orta,32,0,3,1,1,Yuksek,Mobil_Bildirim
YKM05469,51,83,43533.82908286481,46656.87062183078,2,Dusuk,39,1,0,0,0,Yuksek,Mobil_Bildirim
YKM05470,46,87,19399.06176688594,36693.3743986147,4,Orta,34,0,2,1,0,Yuksek,Eposta
YKM05471,60,52,75445.3247892024,25860.678703395944,6,Yuksek,32,1,0,1,1,Yuksek,Mobil_Bildirim
YKM05472,66,14,28217.7160361108,50331.80665126789,1,Dusuk,29,0,1,0,1,Dusuk,Eposta
YKM05473,69,139,35776.789644864126,38182.41203245437,3,Dusuk,47,0,1,1,1,Dusuk,Mobil_Bildirim
YKM05474,38,99,45207.69604138016,44636.36028108983,1,Orta,38,1,1,1,1,Orta,SMS
YKM05475,38,49,49686.97331195372,27025.40163630871,4,Yuksek,34,1,1,0,1,Yuksek,Mobil_Bildirim
YKM05476,26,169,103748.57420579105,17689.66075454865,2,Yuksek,34,0,3,1,1,Yuksek,Mobil_Bildirim
YKM05477,25,24,44058.06302859187,22083.043722884468,6,Dusuk,43,0,1,1,1,Orta,Mobil_Bildirim
YKM05478,69,178,20821.97430588419,41859.48235815051,5,Yuksek,30,1,0,1,0,Orta,Eposta
YKM05479,39,61,37418.93055886559,37865.81138801057,5,Yuksek,38,0,1,1,0,Orta,Mobil_Bildirim
YKM05480,45,16,22008.045332403388,18122.83213183185,1,Yuksek,45,0,1,0,0,Dusuk,Mobil_Bildirim
YKM05481,63,60,41056.59430749709,51103.70776703904,5,Yuksek,33,0,2,1,1,Orta,SMS
YKM05482,20,56,30434.36698468512,16491.628706206386,3,Yuksek,33,0,1,0,1,Orta,Mobil_Bildirim
YKM05483,23,53,65806.17197127179,38424.82172909798,4,Dusuk,36,0,0,1,1,Orta,Eposta
YKM05484,47,80,31613.88707734331,68532.86415034518,3,Yuksek,38,0,1,1,0,Orta,Mobil_Bildirim
YKM05485,66,160,42526.027493357724,25670.00666215948,6,Dusuk,34,0,3,1,0,Yuksek,SMS
YKM05486,24,157,80588.18543066349,17803.194535758557,6,Dusuk,45,1,1,1,1,Yuksek,SMS
YKM05487,51,31,58408.50913077049,34509.027804010184,1,Orta,35,0,0,0,1,Orta,Mobil_Bildirim
YKM05488,68,145,59028.60238378213,13137.519821415182,6,Orta,43,1,2,1,1,Dusuk,SMS
YKM05489,49,100,57609.29415019563,16187.909196488145,1,Orta,46,0,1,1,1,Yuksek,Eposta
YKM05490,43,60,25226.280499483597,63782.019873812584,2,Yuksek,33,0,2,1,1,Yuksek,SMS
YKM05491,61,65,155384.25349802902,44129.89141416541,5,Yuksek,42,0,1,1,1,Orta,SMS
YKM05492,61,121,53761.06428350681,19573.778129224276,5,Orta,42,0,2,0,1,Orta,SMS
YKM05493,30,64,24812.158306679343,25133.72100458647,6,Orta,33,0,1,0,1,Yuksek,Mobil_Bildirim
YKM05494,29,121,25455.748652285252,39250.530683554905,1,Orta,35,0,1,1,1,Orta,Mobil_Bildirim
YKM05495,64,23,66749.76866858714,16135.976873206,4,Orta,34,0,2,1,0,Dusuk,Mobil_Bildirim
YKM05496,46,9,189449.54903330372,29780.029497047286,3,Yuksek,39,1,0,1,1,Orta,SMS
YKM05497,30,17,56523.44353978104,21922.29599716721,2,Orta,33,0,1,1,1,Yuksek,SMS
YKM05498,46,106,50922.88244450896,26396.018335030214,5,Dusuk,45,0,3,1,1,Yuksek,Eposta
YKM05499,69,146,31638.639639878686,28213.21006847152,5,Yuksek,42,1,1,1,0,Orta,Mobil_Bildirim
YKM05500,39,123,47969.27652736265,27755.277997297377,6,Dusuk,43,0,1,1,1,Orta,Eposta
YKM05501,27,51,40165.74322902102,21494.627810027123,3,Orta,51,0,3,1,1,Orta,Mobil_Bildirim
YKM05502,43,178,114017.75381728914,10479.25847438821,2,Orta,37,0,1,0,0,Yuksek,Mobil_Bildirim
YKM05503,50,163,25186.201849633522,16118.75665714002,6,Yuksek,22,1,1,1,0,Orta,SMS
YKM05504,61,49,34214.99438591874,14720.441193024075,5,Yuksek,34,0,1,0,0,Orta,Mobil_Bildirim
YKM05505,28,85,33543.32123920917,60501.55735514665,5,Yuksek,33,0,1,0,1,Dusuk,SMS
YKM05506,48,142,26425.055884105077,20303.379853360228,5,Orta,36,0,3,0,1,Yuksek,Mobil_Bildirim
YKM05507,32,186,43139.28597360345,19997.539688194538,5,Yuksek,30,0,1,1,1,Dusuk,Mobil_Bildirim
YKM05508,20,168,41601.675584138844,13533.400989335809,6,Yuksek,51,1,2,0,1,Yuksek,Mobil_Bildirim
YKM05509,68,4,20203.67180832405,36791.00084677994,3,Yuksek,27,1,2,1,1,Yuksek,Mobil_Bildirim
YKM05510,69,87,59266.28656241051,28295.458239300955,4,Orta,46,1,0,1,1,Dusuk,Mobil_Bildirim
YKM05511,22,9,21180.980047322486,16410.523992882412,1,Orta,39,0,2,1,1,Orta,Mobil_Bildirim
YKM05512,65,36,19003.710412980636,18593.563388420058,6,Orta,34,0,0,0,1,Yuksek,Mobil_Bildirim
YKM05513,61,44,40480.9985052237,41373.61656076164,4,Orta,42,0,0,0,1,Orta,Mobil_Bildirim
YKM05514,56,59,80251.5470064563,33263.47560005565,1,Yuksek,32,0,0,0,1,Yuksek,Eposta
YKM05515,65,63,68967.74461368973,51229.53714464518,2,Dusuk,38,1,3,1,1,Yuksek,SMS
YKM05516,27,19,29545.921357539017,29479.90080935673,6,Orta,33,0,0,1,1,Yuksek,Eposta
YKM05517,42,100,17291.967961407514,22855.23565300548,4,Orta,35,0,2,1,0,Dusuk,SMS
YKM05518,55,174,72239.56454897374,21190.11752971311,5,Yuksek,24,0,2,0,1,Orta,Mobil_Bildirim
YKM05519,33,40,35610.82370923862,19241.980175041772,6,Yuksek,40,0,0,1,0,Orta,Mobil_Bildirim
YKM05520,41,128,48911.26858555182,78271.85503669585,3,Orta,37,0,3,1,0,Yuksek,SMS
YKM05521,34,86,22285.81101121888,27242.582779232995,4,Orta,28,0,1,1,1,Yuksek,Mobil_Bildirim
YKM05522,58,15,55637.66142832067,20965.47840568808,2,Orta,47,0,1,1,0,Orta,Mobil_Bildirim
YKM05523,66,65,39557.501335433226,19749.699021549954,6,Orta,40,1,0,0,1,Orta,Mobil_Bildirim
YKM05524,50,128,54909.33601536655,16613.04793796077,3,Yuksek,33,0,1,1,1,Orta,SMS
YKM05525,33,57,60968.6651077385,52667.498659074685,5,Orta,34,0,1,1,0,Yuksek,SMS
YKM05526,57,8,66713.3712880223,17179.262449450776,4,Orta,31,0,2,1,1,Orta,SMS
YKM05527,27,157,35246.35457786509,26816.79099360542,6,Yuksek,32,0,0,0,1,Yuksek,Eposta
YKM05528,22,74,48964.68481855544,56223.138644544524,5,Yuksek,42,0,2,0,1,Orta,Mobil_Bildirim
YKM05529,30,6,50903.14338312901,15387.582793490188,3,Yuksek,38,0,2,1,0,Yuksek,Mobil_Bildirim
YKM05530,51,154,75327.70251579766,29492.459521958135,3,Orta,33,0,1,0,1,Yuksek,Mobil_Bildirim
YKM05531,20,106,26168.52472151932,38106.766539450866,4,Dusuk,42,1,2,1,1,Yuksek,SMS
YKM05532,38,161,51931.28175565276,22187.1635388972,3,Orta,33,0,1,1,1,Yuksek,Mobil_Bildirim
YKM05533,23,106,46237.13564254422,25503.686441370937,4,Dusuk,30,0,1,1,1,Yuksek,SMS
YKM05534,23,41,25141.966768072933,11988.59518789934,3,Yuksek,36,0,1,1,1,Yuksek,Eposta
YKM05535,53,146,44433.67527714572,20924.667567361153,4,Orta,34,0,1,1,1,Dusuk,SMS
YKM05536,56,125,42717.17588892568,16084.90385985375,5,Yuksek,55,0,4,1,1,Orta,SMS
YKM05537,28,48,29125.771748726394,15101.868397052707,3,Yuksek,25,0,1,1,0,Dusuk,Mobil_Bildirim
YKM05538,45,1,31690.337872488966,23249.598727901815,1,Orta,33,1,3,1,1,Dusuk,Eposta
YKM05539,41,159,50270.40782447377,19951.012344426028,2,Yuksek,27,0,2,1,0,Dusuk,Mobil_Bildirim
YKM05540,58,106,93861.97483124684,13113.462782804145,5,Dusuk,35,0,2,1,0,Orta,Mobil_Bildirim
YKM05541,59,103,35619.76175402072,36171.64534218465,5,Yuksek,27,0,0,1,0,Orta,Mobil_Bildirim
YKM05542,69,115,36571.01573585948,51629.11443001133,5,Orta,45,0,0,1,1,Orta,Mobil_Bildirim
YKM05543,43,181,57645.25005820307,9315.017611228302,6,Dusuk,53,1,0,1,1,Orta,Eposta
YKM05544,31,139,49205.159749605766,23243.171149449416,1,Orta,44,0,1,0,0,Yuksek,Mobil_Bildirim
YKM05545,46,53,40121.84461781895,24565.980140687338,2,Dusuk,33,0,2,1,1,Orta,SMS
YKM05546,64,154,16540.50628696001,29252.354919171536,2,Dusuk,32,1,0,0,0,Orta,Eposta
YKM05547,48,33,48310.3554095238,18334.37835186714,4,Dusuk,29,1,1,1,1,Yuksek,SMS
YKM05548,27,149,81057.40613828386,28154.721625200364,5,Dusuk,42,1,1,0,1,Yuksek,Mobil_Bildirim
YKM05549,58,125,35873.59513368036,19685.368138376463,4,Orta,15,1,1,1,1,Yuksek,SMS
YKM05550,25,144,48529.03028305249,20587.598075122245,2,Orta,37,0,1,1,1,Dusuk,SMS
YKM05551,63,4,43819.65234184929,37216.49361245132,1,Yuksek,32,0,3,1,1,Orta,Mobil_Bildirim
YKM05552,41,30,50260.93504645377,34752.63532704628,6,Orta,35,0,2,0,1,Dusuk,Mobil_Bildirim
YKM05553,31,90,88998.74011253784,19438.680912590666,4,Orta,38,0,1,1,0,Yuksek,SMS
YKM05554,54,8,34746.044776428,25338.347262762734,2,Orta,41,0,2,1,0,Dusuk,SMS
YKM05555,45,179,44021.44631689498,47423.20196841983,3,Yuksek,42,0,0,1,1,Yuksek,SMS
YKM05556,59,37,75151.96063492172,20531.191459410395,5,Yuksek,46,0,2,1,0,Orta,Mobil_Bildirim
YKM05557,31,179,67639.33498400307,11752.312853955778,4,Dusuk,36,0,2,1,1,Dusuk,Mobil_Bildirim
YKM05558,25,103,44244.834084718794,23033.171676009028,5,Dusuk,52,1,0,1,1,Yuksek,Eposta
YKM05559,61,6,40027.91834752754,31985.936821279698,2,Yuksek,44,0,2,1,1,Yuksek,Mobil_Bildirim
YKM05560,52,12,31344.66927035136,31320.41335311528,4,Yuksek,47,1,1,1,1,Orta,Mobil_Bildirim
YKM05561,37,138,31782.159888713883,12640.659900865676,6,Yuksek,35,0,0,1,1,Orta,SMS
YKM05562,56,87,60486.56935886984,23813.188401906606,2,Orta,42,0,0,1,1,Yuksek,Mobil_Bildirim
YKM05563,55,124,34601.97408391938,23964.120910455917,1,Yuksek,22,0,2,1,1,Yuksek,Eposta
YKM05564,31,131,70527.26086156418,48088.87305705059,2,Orta,43,0,0,0,1,Dusuk,SMS
YKM05565,46,167,26384.49213942884,32934.193171950305,1,Orta,43,0,2,1,1,Dusuk,SMS
YKM05566,35,167,35755.98567186824,31211.381328585867,4,Orta,41,1,0,1,1,Orta,SMS
YKM05567,49,54,42410.51361028173,14839.963677044147,1,Yuksek,44,1,3,0,0,Yuksek,Mobil_Bildirim
YKM05568,31,16,60430.22762768591,20369.198105502295,3,Orta,32,1,2,1,1,Orta,SMS
YKM05569,36,134,54047.27912226331,57117.08488856644,5,Orta,35,1,2,1,0,Yuksek,SMS
YKM05570,27,50,36729.028771006255,49530.91935470928,4,Yuksek,45,0,3,0,1,Orta,Eposta
YKM05571,42,93,41254.9073199392,60606.029171025955,2,Yuksek,40,1,2,1,0,Yuksek,Eposta
YKM05572,61,178,74440.0501129353,16018.623364355733,5,Orta,42,0,1,1,1,Orta,Mobil_Bildirim
YKM05573,28,100,25557.316790176275,25672.16187844672,2,Orta,27,1,0,1,1,Orta,Mobil_Bildirim
YKM05574,43,159,22702.668736558328,19644.168200464148,6,Orta,42,0,0,1,1,Dusuk,Mobil_Bildirim
YKM05575,24,88,31718.661857048177,30354.39542117263,5,Yuksek,42,0,1,1,1,Orta,Mobil_Bildirim
YKM05576,37,65,20501.593836364627,13110.52639764843,3,Yuksek,37,0,0,0,1,Yuksek,SMS
YKM05577,32,169,60137.38289795151,39775.8130502639,2,Yuksek,39,1,1,1,1,Orta,Eposta
YKM05578,42,51,39885.12539556863,46329.47438131432,5,Yuksek,44,0,0,0,1,Dusuk,SMS
YKM05579,25,171,52428.18254500913,10707.518127719162,1,Orta,45,0,2,1,1,Yuksek,Mobil_Bildirim
YKM05580,56,12,30469.537584615897,28880.278316787793,2,Dusuk,34,0,1,0,1,Yuksek,SMS
YKM05581,56,104,42472.80413547725,29696.25954781295,5,Orta,36,0,3,1,0,Yuksek,Eposta
YKM05582,37,104,30134.567679627762,20196.197988854623,4,Dusuk,28,0,2,1,1,Dusuk,Mobil_Bildirim
YKM05583,39,139,31438.927829314405,22997.726382603098,5,Orta,55,0,3,1,1,Yuksek,SMS
YKM05584,63,166,41531.423913827,31484.954204625334,5,Orta,45,0,1,1,1,Orta,Mobil_Bildirim
YKM05585,41,128,111140.22309073851,14939.035549633407,5,Orta,39,0,1,1,1,Yuksek,Mobil_Bildirim
YKM05586,49,61,37795.30354317746,46098.28423029135,6,Yuksek,27,0,3,1,1,Orta,SMS
YKM05587,26,29,86540.97376885563,25811.47945551377,4,Yuksek,55,0,0,1,0,Orta,SMS
YKM05588,44,88,55030.14154367584,44853.11926309322,3,Orta,34,1,1,1,0,Yuksek,SMS
YKM05589,66,85,40776.930432859175,26816.04659093979,6,Orta,32,0,1,1,1,Yuksek,Mobil_Bildirim
YKM05590,31,99,68126.91568932812,26787.43860976445,6,Yuksek,27,1,1,1,1,Orta,Mobil_Bildirim
YKM05591,47,113,24457.5831520446,22804.97441622534,6,Dusuk,53,0,1,1,1,Dusuk,SMS
YKM05592,65,180,42371.82652555031,25706.068329879563,2,Orta,44,0,1,1,1,Yuksek,Mobil_Bildirim
YKM05593,33,34,29493.090820326343,17516.14499174487,2,Yuksek,40,0,2,1,1,Orta,Mobil_Bildirim
YKM05594,68,12,64146.61785219926,44102.11882750188,6,Yuksek,30,1,0,1,1,Yuksek,Mobil_Bildirim
YKM05595,25,62,48119.517691369634,42511.54340548796,3,Orta,32,1,1,1,1,Yuksek,Mobil_Bildirim
YKM05596,51,120,68905.24597847418,13275.783974968661,2,Yuksek,35,1,1,1,1,Yuksek,Eposta
YKM05597,27,182,32670.883253226963,16999.28457748048,4,Orta,42,0,2,1,1,Orta,SMS
YKM05598,64,31,90411.01374229211,23141.08612471977,2,Dusuk,47,0,0,0,1,Yuksek,SMS
YKM05599,53,91,51000.76750012036,21406.274416797456,6,Dusuk,30,0,0,1,1,Dusuk,Eposta
YKM05600,21,47,37763.566649505796,37080.172209884215,1,Orta,29,0,2,1,1,Orta,Mobil_Bildirim
YKM05601,34,167,44210.42479149205,21224.183936171223,3,Yuksek,43,0,1,1,0,Orta,SMS
YKM05602,29,119,19837.4963353712,30776.885794957427,1,Orta,36,0,1,0,1,Orta,Mobil_Bildirim
YKM05603,52,15,42911.73924732687,16634.08209569791,1,Orta,44,0,0,1,1,Orta,Mobil_Bildirim
YKM05604,39,32,55456.49361011186,16839.852969558597,3,Yuksek,40,1,2,1,0,Orta,Mobil_Bildirim
YKM05605,62,24,25465.5787682931,15502.25509754267,4,Yuksek,49,1,2,1,1,Yuksek,Mobil_Bildirim
YKM05606,58,111,33388.89096673063,17339.438850112292,3,Orta,40,0,1,1,1,Dusuk,Mobil_Bildirim
YKM05607,44,1,36940.83277903402,16625.913130593428,3,Dusuk,28,1,2,1,1,Dusuk,SMS
YKM05608,64,109,39956.378406549564,50513.22441179963,2,Yuksek,38,1,0,1,1,Yuksek,Mobil_Bildirim
YKM05609,61,26,39266.734270581066,11231.90634726804,6,Dusuk,30,1,1,1,0,Orta,Eposta
YKM05610,52,187,28045.632442226808,33627.86349365286,4,Dusuk,45,0,1,1,1,Yuksek,Eposta
YKM05611,35,151,62511.030304780674,25472.027698627466,3,Orta,31,0,0,0,0,Yuksek,Mobil_Bildirim
YKM05612,54,51,48646.81442728395,30335.40656264283,6,Yuksek,31,1,3,1,1,Orta,Eposta
YKM05613,27,85,53367.88720435362,50308.43395886387,3,Orta,43,0,2,0,1,Yuksek,Mobil_Bildirim
YKM05614,66,91,40410.33367062386,25338.52231393294,4,Yuksek,26,1,2,1,1,Yuksek,Mobil_Bildirim
YKM05615,27,143,76151.24704232115,13196.735264711298,1,Orta,27,1,1,1,1,Yuksek,SMS
YKM05616,33,62,105471.93160335666,27212.723641806835,2,Orta,37,0,0,1,1,Yuksek,Mobil_Bildirim
YKM05617,40,41,85314.5110875823,29462.394713355214,6,Yuksek,35,0,2,1,1,Orta,Mobil_Bildirim
YKM05618,37,49,32339.504714093953,41092.225753891646,4,Dusuk,40,1,0,1,1,Orta,SMS
YKM05619,30,69,81187.69490511632,16352.446839668035,6,Orta,47,1,1,1,0,Yuksek,Mobil_Bildirim
YKM05620,28,97,60570.462347569526,11010.271028399153,1,Dusuk,36,1,3,0,1,Yuksek,Mobil_Bildirim
YKM05621,73,92,51694.4200097022,60126.50687858647,5,Dusuk,39,1,2,1,0,Orta,Mobil_Bildirim
YKM05622,68,13,46371.9613500501,21108.02376784119,2,Dusuk,47,0,2,1,1,Yuksek,SMS
YKM05623,64,65,30919.911450149983,26595.387826710485,6,Yuksek,46,0,1,0,1,Dusuk,Eposta
YKM05624,33,136,26064.41843480224,14169.409006773332,1,Yuksek,39,0,1,1,0,Yuksek,SMS
YKM05625,43,134,31290.895450106058,25877.62539447259,3,Orta,47,0,0,1,1,Yuksek,Eposta
YKM05626,47,3,21944.06494009121,27680.319127798673,2,Yuksek,53,0,1,1,1,Orta,SMS
YKM05627,29,105,68144.69998617248,18853.9623480594,1,Orta,59,0,0,1,1,Orta,Eposta
YKM05628,19,75,42542.09373482698,42843.43393673608,5,Yuksek,32,0,2,0,1,Orta,Mobil_Bildirim
YKM05629,64,33,73581.82828706985,14512.391711744143,6,Yuksek,38,0,2,0,1,Yuksek,Mobil_Bildirim
YKM05630,35,129,78822.34264972199,42625.90764859217,1,Yuksek,50,0,2,1,1,Orta,Eposta
YKM05631,57,126,36797.0058394599,21832.338595878315,1,Yuksek,35,0,0,1,1,Yuksek,Mobil_Bildirim
YKM05632,65,61,22397.11786503047,24170.089089047768,4,Orta,40,0,4,1,1,Orta,Eposta
YKM05633,61,71,35333.61415502204,8269.153938894831,1,Yuksek,39,0,4,0,1,Dusuk,SMS
YKM05634,42,44,43968.20014719939,17729.655564194218,4,Yuksek,34,1,5,0,1,Yuksek,SMS
YKM05635,46,107,27059.756721867754,15309.407155819266,6,Orta,34,0,0,0,1,Yuksek,SMS
YKM05636,21,165,18439.648439775483,34782.31856948351,6,Yuksek,31,0,1,1,1,Orta,Mobil_Bildirim
YKM05637,39,72,24993.45780985496,42960.8166660179,1,Dusuk,37,0,2,1,1,Orta,Mobil_Bildirim
YKM05638,43,151,108075.0290832802,21383.14302347469,4,Yuksek,35,0,1,1,1,Orta,Eposta
YKM05639,44,87,41948.589247712705,19175.877477985312,5,Dusuk,41,0,0,1,0,Dusuk,Eposta
YKM05640,34,94,46574.91087616523,25293.455770813547,4,Dusuk,51,0,0,0,1,Orta,Eposta
YKM05641,30,105,69150.60719110216,15241.175163879605,3,Yuksek,38,0,1,1,1,Yuksek,SMS
YKM05642,19,16,52544.40923143399,15287.158005061006,1,Yuksek,50,0,2,1,0,Yuksek,SMS
YKM05643,51,87,70846.48778972345,105272.36454706694,4,Yuksek,38,0,2,1,1,Dusuk,Eposta
YKM05644,32,54,76862.87220123343,11484.48870863791,6,Dusuk,43,0,2,0,1,Yuksek,Mobil_Bildirim
YKM05645,61,179,23269.14918639283,29163.205699803224,3,Orta,37,0,4,1,1,Orta,SMS
YKM05646,49,178,25060.546300774567,13156.995380142336,2,Yuksek,39,0,3,0,1,Yuksek,Mobil_Bildirim
YKM05647,63,34,42830.21371805309,31877.425524449365,2,Orta,30,1,1,1,1,Orta,Mobil_Bildirim
YKM05648,44,68,43813.18585696767,24480.101400219526,5,Yuksek,39,0,2,1,1,Orta,Mobil_Bildirim
YKM05649,23,30,16812.83194323786,15120.53129208806,5,Orta,43,0,1,1,0,Yuksek,Mobil_Bildirim
YKM05650,26,137,56300.39506798716,29992.104555609345,3,Orta,26,0,1,1,0,Orta,SMS
YKM05651,26,172,31767.31359113438,42601.80391956839,5,Orta,24,0,1,1,1,Yuksek,SMS
YKM05652,63,142,19801.633123467444,22224.083242489585,2,Orta,36,1,3,1,0,Orta,Mobil_Bildirim
YKM05653,61,46,73020.4673332779,25870.769511557653,6,Yuksek,32,1,0,1,1,Yuksek,Mobil_Bildirim
YKM05654,48,74,33655.87652130179,17339.909283873316,4,Yuksek,30,1,3,0,1,Orta,Mobil_Bildirim
YKM05655,29,22,27285.458955928603,20413.21110037231,3,Orta,36,1,3,1,1,Dusuk,SMS
YKM05656,69,114,24311.88199883667,19590.502628997467,3,Dusuk,30,0,1,1,0,Orta,SMS
YKM05657,35,63,59676.48162652963,21882.57808680687,6,Orta,37,0,1,1,0,Yuksek,Eposta
YKM05658,66,26,98480.36967659545,31624.758791976994,1,Dusuk,37,1,1,1,1,Orta,SMS
YKM05659,60,25,31655.57652055804,14951.099297278073,3,Dusuk,45,1,3,1,0,Orta,Mobil_Bildirim
YKM05660,27,31,36757.005382752875,34638.28409403035,4,Orta,32,0,1,1,1,Orta,Eposta
YKM05661,59,58,50539.274879007884,33674.4085801041,1,Dusuk,31,1,0,0,1,Orta,SMS
YKM05662,29,64,77805.02216835426,17865.57703866183,3,Orta,31,0,1,0,1,Orta,Mobil_Bildirim
YKM05663,32,172,96597.97814809333,45834.842570683235,6,Orta,37,0,0,0,1,Orta,Mobil_Bildirim
YKM05664,26,86,82773.63344978231,41165.172190344565,3,Dusuk,26,0,1,0,0,Yuksek,Eposta
YKM05665,47,37,20681.439523265664,14419.719518882304,1,Orta,41,0,0,1,1,Yuksek,SMS
YKM05666,29,74,83360.92537690031,38083.92009045125,3,Orta,37,0,3,0,0,Orta,Mobil_Bildirim
YKM05667,60,22,49194.04039996125,20723.95220702997,2,Dusuk,41,1,2,1,1,Orta,Eposta
YKM05668,31,52,50816.31797779903,25335.568386721498,4,Orta,37,1,3,1,0,Yuksek,Eposta
YKM05669,55,115,69392.02801632743,18754.914664395896,1,Yuksek,30,0,3,1,1,Dusuk,Mobil_Bildirim
YKM05670,28,45,28468.371628074423,32471.589359876907,1,Dusuk,40,0,1,1,1,Orta,Mobil_Bildirim
YKM05671,62,146,78686.78186960991,28538.720245514614,5,Yuksek,34,0,0,1,1,Orta,SMS
YKM05672,69,166,37463.280282603184,19081.929697288935,6,Orta,48,1,3,1,1,Orta,Mobil_Bildirim
YKM05673,33,42,43471.549523936934,46248.233910115334,4,Orta,38,0,0,1,0,Orta,SMS
YKM05674,35,21,62327.41699385069,40697.02743842188,3,Orta,38,1,3,0,1,Dusuk,Mobil_Bildirim
YKM05675,21,110,32397.907690488704,25049.42883967368,2,Orta,29,0,0,0,0,Yuksek,Mobil_Bildirim
YKM05676,32,181,93477.62108886465,12169.100442333302,3,Orta,46,0,1,1,1,Yuksek,Mobil_Bildirim
YKM05677,21,6,67258.35603503727,11213.10053424806,3,Orta,45,0,1,1,1,Yuksek,SMS
YKM05678,66,68,57109.67702025135,10159.158439137504,4,Dusuk,37,0,2,1,1,Orta,Eposta
YKM05679,41,103,33494.23973199955,10838.595070136571,3,Orta,34,1,0,1,0,Orta,Mobil_Bildirim
YKM05680,29,113,69611.43687191964,24170.045332981474,2,Dusuk,36,0,0,1,0,Yuksek,SMS
YKM05681,39,9,50096.89533852437,27533.230098289125,4,Dusuk,33,0,1,0,0,Yuksek,SMS
YKM05682,50,91,47512.84801022337,26236.678372612045,5,Orta,44,0,1,1,1,Orta,Eposta
YKM05683,36,11,68446.9180964843,42343.736438792825,4,Dusuk,40,1,1,1,1,Dusuk,Mobil_Bildirim
YKM05684,37,27,67082.09260045661,12453.277676915255,5,Orta,48,1,1,1,0,Orta,Mobil_Bildirim
YKM05685,29,130,11913.846974151233,27392.438423193445,4,Yuksek,33,1,0,1,1,Orta,Mobil_Bildirim
YKM05686,42,157,21064.70260596187,33809.9718035502,6,Yuksek,40,0,1,1,1,Dusuk,SMS
YKM05687,61,163,65673.89653471461,17941.032864600475,3,Dusuk,34,0,2,1,1,Orta,Mobil_Bildirim
YKM05688,34,134,50806.44645576354,20962.875835652176,2,Orta,40,0,1,1,0,Dusuk,Mobil_Bildirim
YKM05689,66,135,82136.98351844102,39694.29476412344,4,Dusuk,35,1,1,0,0,Orta,SMS
YKM05690,43,181,24674.682528285433,22020.872193833904,6,Orta,36,0,3,1,1,Dusuk,Mobil_Bildirim
YKM05691,52,53,29614.67948830137,18301.648349364616,6,Yuksek,34,1,0,1,1,Yuksek,Eposta
YKM05692,56,41,108261.35316564766,30450.350022774284,3,Dusuk,37,0,1,0,0,Orta,Mobil_Bildirim
YKM05693,49,29,26902.565222940902,18792.78075183144,3,Yuksek,30,1,1,1,1,Orta,Mobil_Bildirim
YKM05694,60,17,23964.4736404208,9430.26514073512,6,Yuksek,43,0,1,0,1,Orta,SMS
YKM05695,28,125,50430.79130741111,24656.196826923333,2,Dusuk,48,0,4,1,1,Yuksek,SMS
YKM05696,56,106,96427.68678714939,19300.972787409282,5,Orta,37,0,2,1,0,Yuksek,Eposta
YKM05697,22,149,61770.85321029578,19818.90633551699,6,Orta,37,0,1,1,1,Orta,Mobil_Bildirim
YKM05698,25,35,46174.7705899045,23668.91315730421,6,Dusuk,38,0,1,1,1,Orta,Mobil_Bildirim
YKM05699,53,103,35611.57768450267,36880.84907022625,2,Orta,33,0,0,1,1,Orta,Eposta
YKM05700,66,99,58440.27804309143,24595.026313987066,6,Yuksek,47,1,0,1,1,Yuksek,SMS
YKM05701,48,161,42913.29875520226,50351.0781760697,3,Yuksek,40,0,1,1,1,Orta,Mobil_Bildirim
YKM05702,34,122,138497.82323530037,27137.231551393048,4,Yuksek,45,1,0,1,0,Orta,Mobil_Bildirim
YKM05703,38,112,17840.413956487355,15387.9091051661,1,Orta,35,0,0,0,1,Yuksek,Mobil_Bildirim
YKM05704,57,124,54355.36908712505,22885.250814171337,6,Yuksek,44,0,3,1,0,Orta,Mobil_Bildirim
YKM05705,60,133,26718.49852742472,21120.574597428185,1,Yuksek,30,1,1,0,1,Yuksek,SMS
YKM05706,62,177,50318.94211646095,25123.303779358346,2,Yuksek,40,1,1,1,1,Orta,Eposta
YKM05707,40,1,81470.12695391009,19663.592833643288,4,Dusuk,48,1,1,1,1,Dusuk,Mobil_Bildirim
YKM05708,29,16,53705.30909672066,18523.872049927635,6,Orta,38,1,0,1,1,Orta,Eposta
YKM05709,23,45,40038.948823368584,20420.99135795587,6,Yuksek,29,1,0,1,0,Yuksek,Mobil_Bildirim
YKM05710,43,56,73762.03725889028,24158.752762318705,4,Orta,40,0,0,1,0,Orta,Mobil_Bildirim
YKM05711,69,151,63118.64325635544,25338.614913553018,1,Yuksek,31,1,0,0,1,Yuksek,SMS
YKM05712,51,85,70411.45981188085,17690.567445058976,1,Yuksek,40,0,3,1,0,Orta,Mobil_Bildirim
YKM05713,61,136,39289.59605510704,36916.764126425885,6,Orta,39,0,1,1,0,Dusuk,SMS
YKM05714,31,190,49003.13379698776,15637.608563727936,4,Yuksek,25,0,3,1,1,Orta,Mobil_Bildirim
YKM05715,62,2,33640.99156083617,32293.761616560132,3,Orta,36,0,0,1,1,Yuksek,SMS
YKM05716,38,73,12500.27818003696,15009.097081898904,1,Yuksek,35,0,1,1,1,Orta,Mobil_Bildirim
YKM05717,44,162,47797.165974739255,15916.243891444996,5,Yuksek,36,1,0,1,0,Yuksek,Eposta
YKM05718,28,77,29769.10885921758,10400.521674341795,2,Dusuk,40,0,2,0,0,Orta,Mobil_Bildirim
YKM05719,30,133,35883.239330162665,41220.26521462283,1,Orta,37,0,0,1,0,Yuksek,Eposta
YKM05720,43,29,31504.538461891516,17805.616529478964,2,Orta,26,0,0,1,1,Yuksek,Mobil_Bildirim
YKM05721,56,152,74886.8011029859,28020.483217645717,5,Orta,28,1,2,1,0,Yuksek,Mobil_Bildirim
YKM05722,24,135,72352.81892990124,39800.589339554805,3,Orta,42,0,1,1,1,Yuksek,SMS
YKM05723,37,1,53358.31975160832,13713.251186889118,6,Yuksek,47,0,3,1,1,Yuksek,SMS
YKM05724,73,136,36576.2886492529,36775.29173994007,3,Dusuk,39,0,1,1,1,Dusuk,Mobil_Bildirim
YKM05725,32,72,31718.965092462775,20405.60302762931,1,Orta,41,0,3,1,1,Dusuk,SMS
YKM05726,30,23,47285.17118484047,21644.667297656764,6,Dusuk,44,1,1,1,1,Dusuk,Eposta
YKM05727,48,71,34065.368017475754,14425.185293549042,6,Yuksek,34,0,1,1,1,Orta,SMS
YKM05728,26,37,27349.96787258953,33240.61219167805,5,Orta,43,1,1,1,0,Orta,Eposta
YKM05729,40,21,90182.38424014878,28165.553799438156,6,Yuksek,39,1,3,1,1,Orta,Eposta
YKM05730,54,13,60308.30258105533,16611.48031640434,1,Yuksek,37,0,1,1,0,Yuksek,SMS
YKM05731,19,178,37728.70573636565,7329.491395508282,5,Yuksek,41,0,0,1,0,Orta,Mobil_Bildirim
YKM05732,49,7,103777.13832250502,32556.496719445477,2,Yuksek,36,1,2,0,1,Yuksek,SMS
YKM05733,53,32,29093.58387882409,29461.001410891568,1,Orta,38,0,0,1,0,Orta,Eposta
YKM05734,28,164,39358.479319391234,19546.55711565582,5,Yuksek,25,1,0,1,1,Yuksek,SMS
YKM05735,28,48,106069.66911343385,20362.32133677703,1,Dusuk,33,1,1,1,1,Dusuk,Mobil_Bildirim
YKM05736,53,172,39986.017005701644,21034.805201599986,2,Orta,30,0,1,1,1,Orta,SMS
YKM05737,38,79,47983.83390196723,17345.270834169554,6,Orta,40,1,0,1,0,Yuksek,Mobil_Bildirim
YKM05738,32,130,101569.22317258405,15438.90631506084,3,Orta,47,0,1,1,0,Yuksek,SMS
YKM05739,46,110,42454.947987180305,15289.757243484786,6,Yuksek,52,1,1,1,0,Orta,Mobil_Bildirim
YKM05740,31,79,41423.205703122236,50419.50366305861,6,Yuksek,27,0,0,1,0,Dusuk,Mobil_Bildirim
YKM05741,38,37,47750.56109590219,16890.675975593473,3,Dusuk,32,0,2,1,0,Yuksek,Mobil_Bildirim
YKM05742,25,77,59530.79263988194,34502.43403499553,3,Dusuk,30,0,3,1,1,Orta,Mobil_Bildirim
YKM05743,29,35,62856.3236287236,17892.935082667424,5,Orta,42,0,2,0,1,Orta,SMS
YKM05744,42,139,59321.03564832213,25832.16471898835,6,Orta,41,0,0,1,1,Dusuk,Mobil_Bildirim
YKM05745,68,179,46519.37661878908,22161.805337200218,6,Yuksek,41,0,1,1,1,Yuksek,Mobil_Bildirim
YKM05746,36,44,37227.16235786615,13263.805718678585,6,Orta,33,0,0,1,1,Yuksek,Mobil_Bildirim
YKM05747,38,31,82136.79842311781,66778.82453295223,2,Yuksek,43,0,1,0,1,Dusuk,Mobil_Bildirim
YKM05748,31,82,29789.682118204575,50945.754353517856,5,Yuksek,46,1,0,1,1,Yuksek,SMS
YKM05749,61,70,31291.65290509856,22124.926795040377,4,Dusuk,32,0,1,1,0,Yuksek,SMS
YKM05750,67,122,36881.97581823034,12306.062531441257,3,Dusuk,40,0,2,1,1,Orta,Mobil_Bildirim
YKM05751,28,42,18935.699519993548,19791.841375004733,6,Dusuk,37,0,1,1,1,Dusuk,SMS
YKM05752,66,134,89048.71445958095,28819.711824609378,3,Dusuk,40,0,1,1,1,Dusuk,SMS
YKM05753,38,67,41250.53285709916,12719.967875968394,5,Yuksek,41,0,2,1,0,Yuksek,Mobil_Bildirim
YKM05754,61,30,84254.08476190783,23447.42689430076,5,Orta,50,1,0,1,0,Yuksek,SMS
YKM05755,23,39,25512.82482893389,12943.900626573233,4,Orta,35,0,3,1,0,Yuksek,SMS
YKM05756,50,143,42491.00607563751,43617.14363680519,3,Dusuk,31,1,2,0,1,Orta,Mobil_Bildirim
YKM05757,57,144,41138.21559737523,26353.54705529271,5,Dusuk,30,1,2,1,0,Orta,Mobil_Bildirim
YKM05758,48,171,84643.20546507898,28095.15425195529,5,Yuksek,30,1,0,1,1,Orta,Mobil_Bildirim
YKM05759,58,157,47786.06085453191,12180.98732585573,3,Yuksek,50,0,0,1,0,Orta,SMS
YKM05760,18,49,46019.13121410404,30119.481668952798,3,Orta,38,0,1,1,1,Dusuk,SMS
YKM05761,52,120,36904.39254594276,6443.228240344575,5,Dusuk,46,0,0,1,0,Yuksek,SMS
YKM05762,58,159,48160.726690786345,19217.574725487204,2,Yuksek,44,0,3,1,1,Dusuk,Mobil_Bildirim
YKM05763,24,98,82371.74151507278,21293.935291563765,6,Yuksek,43,0,1,0,1,Orta,SMS
YKM05764,71,85,66703.78134273889,33840.56119058249,3,Dusuk,45,1,1,1,0,Yuksek,Mobil_Bildirim
YKM05765,33,152,61079.16372679345,25779.21426391861,3,Orta,34,0,0,0,0,Yuksek,Mobil_Bildirim
YKM05766,52,29,27635.140091048223,16483.06438706908,4,Orta,39,0,0,1,1,Orta,Mobil_Bildirim
YKM05767,21,112,27699.523987295,29368.01373491456,4,Yuksek,42,1,0,1,0,Yuksek,Eposta
YKM05768,48,38,39845.867689893676,35255.24728661158,5,Orta,42,1,0,1,1,Dusuk,Mobil_Bildirim
YKM05769,41,58,36009.77477349733,22745.946605274738,2,Orta,35,0,1,0,1,Yuksek,SMS
YKM05770,57,118,46938.892446048914,27466.1609990795,2,Orta,34,0,0,1,0,Yuksek,Eposta
YKM05771,55,17,41866.127573637474,24375.55294451938,4,Yuksek,39,1,1,1,0,Orta,SMS
YKM05772,33,144,45298.7553891676,37998.30956214765,5,Dusuk,35,0,0,1,1,Dusuk,Mobil_Bildirim
YKM05773,69,1,46739.376749682284,30998.40734453182,2,Orta,38,1,3,1,1,Orta,Mobil_Bildirim
YKM05774,50,110,37269.043665393925,15723.823702996555,1,Dusuk,29,1,4,1,0,Yuksek,Mobil_Bildirim
YKM05775,54,137,56490.00712870816,18338.034939238176,2,Yuksek,31,0,1,1,0,Orta,Mobil_Bildirim
YKM05776,65,92,75402.21072431676,29620.076117190503,2,Orta,32,0,0,1,1,Yuksek,Mobil_Bildirim
YKM05777,45,110,18839.746029931168,6063.510267195717,5,Dusuk,28,1,1,1,0,Dusuk,Eposta
YKM05778,24,72,40194.1163833292,22057.183866411797,1,Orta,37,1,1,1,1,Orta,SMS
YKM05779,30,88,48604.36061418268,21766.27227601373,3,Orta,41,0,2,1,1,Orta,SMS
YKM05780,54,150,78070.50854710574,38763.22491137935,6,Orta,51,0,0,1,1,Yuksek,Mobil_Bildirim
YKM05781,30,175,18760.561126030163,20920.694755010598,1,Orta,35,0,1,1,1,Orta,Mobil_Bildirim
YKM05782,45,65,44296.723522015054,27026.341154882582,3,Yuksek,35,1,3,0,1,Orta,SMS
YKM05783,61,43,117184.81734159042,97851.90983744076,5,Yuksek,34,0,3,1,1,Dusuk,SMS
YKM05784,41,153,41512.60727771499,30363.078215504906,4,Yuksek,34,0,2,1,1,Orta,Eposta
YKM05785,30,75,48148.03418297911,23538.752457996678,6,Yuksek,46,1,1,1,0,Yuksek,Eposta
YKM05786,47,42,40762.599618600776,14641.629394970858,6,Orta,35,1,0,1,1,Dusuk,Mobil_Bildirim
YKM05787,33,102,53002.63566011098,45665.712584917055,1,Yuksek,36,0,0,0,1,Orta,Mobil_Bildirim
YKM05788,25,33,48030.892472909145,37354.848753993894,3,Yuksek,41,0,4,1,1,Yuksek,Mobil_Bildirim
YKM05789,54,60,43572.69396123784,12688.092734652397,3,Yuksek,21,0,1,0,1,Orta,Mobil_Bildirim
YKM05790,69,79,51079.69792390147,30225.77563770514,5,Dusuk,42,0,1,1,0,Orta,SMS
YKM05791,42,50,49192.68726715312,34648.20873945033,2,Dusuk,44,0,1,0,0,Orta,SMS
YKM05792,48,31,57658.956564632244,23558.064725621305,4,Dusuk,41,0,2,1,0,Dusuk,Mobil_Bildirim
YKM05793,62,76,37418.037102568574,88222.11013064,1,Yuksek,24,0,2,0,1,Dusuk,SMS
YKM05794,23,168,106421.66182286256,18718.80779615083,1,Yuksek,47,0,2,1,1,Yuksek,Eposta
YKM05795,65,135,22761.967638549642,14105.094402446688,1,Yuksek,46,0,0,0,1,Dusuk,Mobil_Bildirim
YKM05796,27,140,21075.65386203079,33481.22224845389,2,Dusuk,39,0,2,1,0,Dusuk,Eposta
YKM05797,62,3,35982.78233826257,26700.96142002434,6,Orta,41,0,0,0,1,Yuksek,Mobil_Bildirim
YKM05798,57,56,24392.263457407502,22072.800784078918,4,Orta,45,1,1,1,1,Dusuk,SMS
YKM05799,28,133,32581.144480345618,76567.93305000446,6,Dusuk,31,0,1,0,1,Dusuk,Mobil_Bildirim
YKM05800,65,107,53855.562793235105,20184.85247384514,1,Yuksek,41,0,0,1,1,Dusuk,SMS
YKM05801,65,55,26555.682803621014,21121.061628651085,4,Orta,37,0,1,1,0,Yuksek,Mobil_Bildirim
YKM05802,35,14,47839.52415259271,19109.034081006823,1,Orta,40,1,2,1,0,Orta,SMS
YKM05803,23,75,46881.82117908265,57138.65556633159,5,Yuksek,39,0,2,0,1,Orta,Mobil_Bildirim
YKM05804,33,20,52637.35173955703,9556.615108539423,5,Orta,59,0,2,1,0,Yuksek,Eposta
YKM05805,58,80,28976.872819208293,57129.00074464161,5,Orta,39,1,1,1,1,Orta,SMS
YKM05806,58,78,65104.00935134078,19457.420101515698,1,Yuksek,49,0,3,0,0,Yuksek,Mobil_Bildirim
YKM05807,49,34,41323.84629512156,55116.98161360591,1,Dusuk,38,1,1,1,0,Dusuk,SMS
YKM05808,32,66,70539.46493783269,20730.065273447737,2,Orta,40,0,0,1,0,Yuksek,Mobil_Bildirim
YKM05809,32,173,6671.865451899963,20360.937543312615,5,Yuksek,32,1,1,1,0,Dusuk,Mobil_Bildirim
YKM05810,36,132,56385.36959952639,29355.20155957749,2,Yuksek,40,0,0,1,1,Orta,Mobil_Bildirim
YKM05811,43,169,30813.293460052337,47678.81508758691,3,Yuksek,46,1,0,1,0,Dusuk,Mobil_Bildirim
YKM05812,55,75,38078.24196562645,21107.885204473107,2,Yuksek,33,0,1,1,1,Yuksek,Mobil_Bildirim
YKM05813,23,121,50482.49900387159,50110.4918582011,6,Orta,35,0,1,1,0,Dusuk,Mobil_Bildirim
YKM05814,46,54,52820.63149959406,26990.896320932014,6,Dusuk,31,0,1,0,0,Yuksek,Mobil_Bildirim
YKM05815,40,141,38087.24324976675,16091.025036984649,1,Dusuk,32,1,0,0,0,Orta,SMS
YKM05816,33,120,22001.638090046486,16404.867449768615,1,Yuksek,34,0,2,1,1,Yuksek,Mobil_Bildirim
YKM05817,65,92,73546.00374807353,18528.61542009865,1,Dusuk,50,0,0,1,1,Dusuk,Mobil_Bildirim
YKM05818,31,73,31250.9562213178,30995.109996685125,5,Dusuk,11,0,1,1,0,Orta,Eposta
YKM05819,37,156,89456.06120881024,4727.582490071576,6,Orta,45,0,1,1,1,Yuksek,SMS
YKM05820,68,68,45689.3689443678,44387.77900841095,1,Orta,38,0,2,1,1,Orta,SMS
YKM05821,61,136,75622.10669424466,19365.363493160552,1,Orta,41,0,1,1,1,Orta,Eposta
YKM05822,26,65,70420.78002745975,11677.959654770872,6,Orta,36,0,0,0,0,Yuksek,Eposta
YKM05823,41,127,25483.1080222256,48575.52900806185,1,Yuksek,45,0,1,1,0,Dusuk,Mobil_Bildirim
YKM05824,38,102,41260.17166504032,36203.84907326906,5,Yuksek,34,1,2,1,1,Dusuk,SMS
YKM05825,66,173,52214.514440127125,27627.001975146748,1,Yuksek,37,0,1,1,1,Yuksek,SMS
YKM05826,35,43,60839.642784357624,18963.13162256103,4,Orta,43,1,0,1,1,Orta,SMS
YKM05827,64,69,52432.18049965993,25765.01929210886,5,Orta,39,0,1,0,1,Orta,Eposta
YKM05828,53,60,36416.682532667575,30265.910329973467,1,Yuksek,39,0,3,1,1,Yuksek,Mobil_Bildirim
YKM05829,53,159,48771.454988526,39768.92158934885,6,Yuksek,35,1,0,0,1,Dusuk,SMS
YKM05830,47,68,44419.27111596298,28458.661576504197,1,Orta,32,0,1,1,1,Yuksek,Mobil_Bildirim
YKM05831,29,104,38928.15012206153,11623.080240655689,5,Orta,45,1,3,1,0,Orta,Mobil_Bildirim
YKM05832,41,161,45930.56852813925,56052.84020381919,1,Dusuk,29,1,0,1,1,Orta,SMS
YKM05833,45,133,52597.96780620251,15779.729338113657,3,Yuksek,35,1,1,0,1,Orta,Mobil_Bildirim
YKM05834,50,52,47567.90706581715,19054.146497335183,1,Yuksek,36,0,1,1,1,Yuksek,Mobil_Bildirim
YKM05835,57,27,70008.89049110888,20986.227628269953,5,Yuksek,37,0,1,1,1,Dusuk,SMS
YKM05836,42,10,34851.54789498997,23542.779379327574,5,Orta,47,1,1,0,1,Dusuk,Eposta
YKM05837,41,175,27956.694452801763,8931.785331900082,2,Orta,39,0,4,1,0,Yuksek,Eposta
YKM05838,57,177,38816.78473851429,20854.324412399186,1,Dusuk,51,0,1,1,1,Orta,Mobil_Bildirim
YKM05839,25,115,41784.147515604294,24036.44998388397,3,Yuksek,42,1,0,1,1,Orta,Mobil_Bildirim
YKM05840,40,129,105035.19259537727,15866.925130284515,5,Orta,40,0,1,1,1,Yuksek,Mobil_Bildirim
YKM05841,36,1,56436.19088113883,18773.344921780215,4,Dusuk,46,0,1,1,1,Orta,Mobil_Bildirim
YKM05842,49,67,45225.61439698518,8152.866345306698,3,Orta,46,1,2,0,1,Orta,Mobil_Bildirim
YKM05843,67,76,24792.075811798117,22610.682328324245,6,Orta,33,0,4,1,1,Dusuk,Eposta
YKM05844,25,164,53844.236712682774,30150.51504996625,6,Yuksek,20,0,2,1,1,Yuksek,SMS
YKM05845,55,51,27137.67076417729,46272.936724706815,5,Dusuk,37,0,2,1,1,Dusuk,Mobil_Bildirim
YKM05846,52,95,37011.77469021356,20288.198594183006,2,Dusuk,54,0,1,1,0,Yuksek,Eposta
YKM05847,47,119,27923.423013767682,46136.85734917809,5,Dusuk,37,0,1,1,1,Yuksek,SMS
YKM05848,53,101,76804.91647786053,37407.52684504932,5,Orta,38,0,3,1,1,Orta,Eposta
YKM05849,69,51,49914.44565106059,32880.92519006492,2,Orta,39,0,0,1,0,Orta,Eposta
YKM05850,62,70,37168.24791108479,36914.224486949424,1,Yuksek,32,0,2,1,1,Orta,Mobil_Bildirim
YKM05851,27,128,92658.891866864,17673.24878088339,2,Yuksek,27,0,3,0,1,Yuksek,Eposta
YKM05852,35,76,45099.54146031336,15404.776167221697,6,Yuksek,44,0,3,1,0,Orta,Mobil_Bildirim
YKM05853,34,132,23655.29056031989,41344.540712549046,6,Orta,38,0,0,1,1,Orta,Mobil_Bildirim
YKM05854,22,90,23329.223063544116,23311.63614380008,2,Yuksek,48,0,1,1,0,Yuksek,Mobil_Bildirim
YKM05855,57,15,40520.76949533855,13145.422314504307,6,Orta,40,1,2,1,1,Dusuk,Mobil_Bildirim
YKM05856,27,39,28088.10202557194,20205.89250601806,4,Orta,43,0,1,1,1,Orta,SMS
YKM05857,38,156,27648.305992124093,28608.93001978562,1,Yuksek,31,0,3,1,1,Orta,SMS
YKM05858,24,149,39465.0486583722,43696.488357729904,5,Dusuk,38,0,0,1,1,Orta,Mobil_Bildirim
YKM05859,57,48,60483.26825023358,11382.437509976528,3,Orta,34,0,0,0,0,Orta,Eposta
YKM05860,68,130,64642.478735638935,15441.328022135138,3,Dusuk,49,0,0,1,0,Dusuk,SMS
YKM05861,28,100,36557.450245264285,34578.51519794442,4,Orta,28,0,2,1,1,Yuksek,SMS
YKM05862,50,122,47950.481925598906,29590.36435340719,3,Dusuk,33,0,4,1,0,Yuksek,Mobil_Bildirim
YKM05863,43,44,49882.379204580204,22922.433343141613,4,Dusuk,26,1,2,1,1,Dusuk,Mobil_Bildirim
YKM05864,29,32,63220.03914997376,39622.83761312345,5,Orta,28,1,2,1,1,Yuksek,Mobil_Bildirim
YKM05865,27,61,38097.9262210592,5749.625773702991,5,Orta,38,1,0,1,1,Orta,SMS
YKM05866,58,31,38739.630282283724,15135.1541673383,5,Yuksek,34,0,2,1,0,Orta,SMS
YKM05867,52,116,66723.17894950483,22582.221831686114,3,Orta,35,0,1,1,0,Orta,Mobil_Bildirim
YKM05868,36,187,38452.21805128142,18268.85513014707,1,Orta,47,1,1,1,1,Orta,Mobil_Bildirim
YKM05869,40,104,51811.33155114634,8183.67118190925,1,Yuksek,35,0,0,1,0,Dusuk,Mobil_Bildirim
YKM05870,35,135,56544.704305190324,44427.31293440399,4,Yuksek,39,0,1,0,1,Dusuk,Mobil_Bildirim
YKM05871,40,69,84184.64502454376,18876.909228912813,2,Orta,32,1,1,0,1,Dusuk,Mobil_Bildirim
YKM05872,54,69,20783.32038063903,69207.57275076411,2,Orta,38,0,4,1,1,Orta,Mobil_Bildirim
YKM05873,53,173,45472.27616854412,37285.4851137069,3,Dusuk,37,1,2,1,0,Orta,SMS
YKM05874,50,67,60193.19898713445,16018.29099214376,1,Dusuk,45,0,2,1,1,Orta,SMS
YKM05875,62,141,41744.680367573725,18274.21476143071,2,Orta,37,0,3,1,0,Yuksek,Eposta
YKM05876,33,54,29032.529479718476,40563.7658320828,1,Orta,38,1,2,1,1,Orta,SMS
YKM05877,55,127,39439.09246367066,26852.054849831587,2,Orta,32,0,1,1,1,Yuksek,Eposta
YKM05878,49,134,77592.4735053993,4259.38334759597,5,Orta,32,0,1,0,1,Yuksek,Eposta
YKM05879,67,125,52527.22154160839,15645.001807855699,6,Orta,38,0,1,1,0,Yuksek,Mobil_Bildirim
YKM05880,29,126,22616.11624470475,20803.141219054436,2,Dusuk,31,0,0,1,0,Orta,Mobil_Bildirim
YKM05881,44,90,55289.487908382005,53651.986950037695,2,Yuksek,31,0,2,1,0,Yuksek,SMS
YKM05882,30,61,38430.974318749984,20069.590973572755,5,Dusuk,35,0,3,1,0,Dusuk,Eposta
YKM05883,50,27,70751.87671855457,40487.14273807877,2,Orta,32,0,1,1,1,Yuksek,Mobil_Bildirim
YKM05884,37,1,56434.0555629395,26506.611131888152,1,Dusuk,29,1,0,1,1,Orta,Mobil_Bildirim
YKM05885,58,179,25196.174159774626,23221.48933123981,4,Yuksek,46,0,1,0,1,Orta,SMS
YKM05886,37,107,65579.87497034112,18019.72062738402,4,Dusuk,37,0,1,0,1,Yuksek,SMS
YKM05887,70,155,60563.16219595601,32597.1788426287,1,Yuksek,26,0,1,1,0,Yuksek,SMS
YKM05888,60,170,40509.10821882883,40435.53346076852,2,Orta,42,1,4,1,1,Orta,Mobil_Bildirim
YKM05889,42,143,90948.65663373342,44133.88871460464,4,Yuksek,34,0,0,1,0,Dusuk,Mobil_Bildirim
YKM05890,56,170,27862.999262918973,41349.14549304448,5,Orta,33,1,2,0,1,Orta,Mobil_Bildirim
YKM05891,26,49,25280.015990775,9434.51839877052,1,Orta,50,1,0,1,1,Yuksek,Mobil_Bildirim
YKM05892,28,44,35336.93773267658,44907.8687316984,6,Orta,41,1,1,1,0,Yuksek,SMS
YKM05893,49,173,53973.67168214738,48339.03656258806,3,Yuksek,31,0,1,0,1,Dusuk,SMS
YKM05894,68,151,52791.59158661581,23577.497171952436,2,Yuksek,44,1,1,0,1,Orta,Mobil_Bildirim
YKM05895,57,155,85215.03233004079,51300.49745899617,1,Orta,41,1,1,0,1,Yuksek,Eposta
YKM05896,52,172,40203.71949436608,22580.667237588048,6,Yuksek,37,1,1,1,1,Yuksek,SMS
YKM05897,48,75,42294.74008159905,11180.125319480383,1,Yuksek,46,0,4,1,1,Dusuk,SMS
YKM05898,50,62,77056.8380019007,19683.18421222074,5,Dusuk,54,0,1,1,0,Orta,Eposta
YKM05899,64,134,82124.85351251284,35235.62080047442,5,Orta,47,0,1,0,1,Dusuk,Eposta
YKM05900,56,10,22663.003800979943,26740.467148003518,1,Orta,47,0,0,0,0,Orta,Mobil_Bildirim
YKM05901,27,93,38175.49979956273,19927.615763251324,6,Yuksek,37,1,4,1,1,Orta,SMS
YKM05902,26,140,46246.52690532749,17202.149616180377,6,Yuksek,36,0,1,0,0,Orta,Mobil_Bildirim
YKM05903,58,98,13992.737221414929,52799.08086876946,2,Yuksek,45,0,2,1,1,Yuksek,Mobil_Bildirim
YKM05904,34,132,30441.45131645875,21932.433833804113,2,Orta,41,1,3,1,0,Orta,SMS
YKM05905,55,148,64310.668049472486,9222.713793832072,6,Yuksek,39,0,2,1,0,Dusuk,Mobil_Bildirim
YKM05906,64,47,62077.768185853885,12828.099335120758,6,Yuksek,41,0,1,1,1,Orta,SMS
YKM05907,33,14,29425.18801958937,30492.919828966336,1,Dusuk,42,0,2,1,0,Yuksek,Eposta
YKM05908,67,144,39049.38300148656,29928.32135004648,3,Orta,43,1,1,1,0,Yuksek,SMS
YKM05909,48,108,27162.4659739359,15500.989642934093,6,Yuksek,38,0,1,0,0,Yuksek,Mobil_Bildirim
YKM05910,55,176,59786.65263167281,17697.476307097917,3,Yuksek,34,0,1,1,1,Yuksek,Mobil_Bildirim
YKM05911,44,90,23603.48565956846,33091.45024829695,2,Orta,40,0,0,1,1,Orta,Eposta
YKM05912,38,122,106211.56867368208,21873.864750081735,4,Orta,45,1,2,1,0,Yuksek,Eposta
YKM05913,43,104,32458.941422187454,24387.318866555594,2,Yuksek,33,0,2,0,1,Orta,Mobil_Bildirim
YKM05914,36,13,34415.41496781505,16380.32659467993,3,Dusuk,36,0,2,1,0,Orta,SMS
YKM05915,68,36,58074.67724979153,14211.866893180766,1,Orta,33,0,0,0,1,Dusuk,Mobil_Bildirim
YKM05916,49,1,51299.426088557215,21190.98169209997,4,Yuksek,42,0,0,1,1,Yuksek,Mobil_Bildirim
YKM05917,57,134,26708.135874960928,18451.767770234994,6,Yuksek,49,0,1,1,1,Yuksek,SMS
YKM05918,59,17,28384.99076623293,4441.205087215682,5,Orta,36,1,0,1,1,Orta,Mobil_Bildirim
YKM05919,22,182,55637.43415010018,31115.319522822825,1,Orta,38,1,0,1,1,Orta,Mobil_Bildirim
YKM05920,34,101,50875.26325251067,9518.48813318961,4,Orta,33,0,0,1,1,Orta,SMS
YKM05921,40,131,23739.25207617935,26456.07878788231,5,Orta,29,0,0,1,1,Dusuk,Mobil_Bildirim
YKM05922,41,96,73724.34715049085,16896.749330128292,4,Orta,38,0,1,0,0,Yuksek,Mobil_Bildirim
YKM05923,31,25,36026.5510193106,35099.91368549807,4,Orta,37,0,1,1,1,Orta,Eposta
YKM05924,21,114,44663.94583522543,14052.991054833445,2,Orta,34,0,0,1,1,Orta,Eposta
YKM05925,37,75,63863.506643294524,25781.1278284237,4,Yuksek,51,0,1,1,1,Yuksek,SMS
YKM05926,53,97,28521.266319597093,31986.264055227915,5,Yuksek,41,1,1,1,1,Orta,Mobil_Bildirim
YKM05927,33,1,97069.41517558564,24015.305934686847,4,Yuksek,38,0,2,1,1,Dusuk,Mobil_Bildirim
YKM05928,30,19,31998.393894861892,43317.354477594425,4,Orta,40,0,1,1,0,Orta,SMS
YKM05929,29,123,54413.49780809427,7974.216696320914,4,Orta,46,0,3,1,0,Orta,SMS
YKM05930,64,165,30325.033994163277,35397.03136057016,6,Yuksek,35,0,1,0,1,Dusuk,SMS
YKM05931,38,110,67114.72461426315,10964.465576746079,2,Dusuk,47,0,0,1,0,Orta,Mobil_Bildirim
YKM05932,50,169,21868.74333460999,39615.11429816804,2,Yuksek,32,0,2,1,1,Dusuk,Eposta
YKM05933,53,5,27903.318897306523,87666.4999753799,1,Yuksek,30,0,3,0,0,Dusuk,SMS
YKM05934,58,146,28838.6699217333,33975.05358573667,3,Yuksek,50,0,5,1,1,Orta,Mobil_Bildirim
YKM05935,25,147,58039.500944443,21774.96161185037,2,Yuksek,39,0,1,1,1,Yuksek,SMS
YKM05936,33,22,64897.22014900434,9309.008708553894,3,Dusuk,41,1,0,1,0,Yuksek,SMS
YKM05937,42,47,56972.49356598414,28438.34113824303,1,Orta,24,0,0,1,0,Orta,SMS
YKM05938,68,132,44744.75661434862,40087.85328895711,6,Yuksek,27,0,4,0,1,Dusuk,SMS
YKM05939,58,119,33676.08968941038,49200.64100786469,5,Orta,45,0,2,1,1,Orta,Mobil_Bildirim
YKM05940,32,112,26699.70598015344,20893.866312987524,1,Yuksek,32,0,0,0,1,Orta,SMS
YKM05941,40,162,34113.97873794587,37171.99331497023,3,Yuksek,42,1,2,0,0,Orta,SMS
YKM05942,20,90,31841.29789697861,18920.301451080762,6,Dusuk,35,1,1,1,0,Orta,Mobil_Bildirim
YKM05943,41,88,52254.95200818362,13760.766004307177,1,Orta,37,0,5,1,1,Orta,Mobil_Bildirim
YKM05944,21,13,40326.37319485421,50830.11538701007,1,Yuksek,52,0,1,1,0,Orta,Eposta
YKM05945,58,22,51622.29153192615,9875.59286774098,3,Orta,36,1,0,1,1,Orta,Mobil_Bildirim
YKM05946,40,40,98863.78008919761,18108.99741086739,5,Orta,32,0,1,1,1,Yuksek,Mobil_Bildirim
YKM05947,23,24,69795.96040424329,24920.829498274165,5,Orta,25,0,0,0,1,Orta,SMS
YKM05948,21,95,26969.704208484396,14816.112968987098,5,Yuksek,34,0,1,1,1,Yuksek,SMS
YKM05949,28,47,30440.66341833759,30983.034596159992,3,Orta,25,0,1,0,1,Yuksek,Mobil_Bildirim
YKM05950,43,185,59134.29586860687,51230.31409501018,4,Yuksek,37,0,0,1,1,Dusuk,SMS
YKM05951,46,3,51006.26821322287,23418.239163248556,1,Yuksek,41,0,1,1,1,Yuksek,SMS
YKM05952,70,179,44957.804449556665,37607.02328226444,6,Yuksek,37,0,0,1,0,Dusuk,SMS
YKM05953,38,10,59705.961550931366,43891.45120524355,4,Orta,35,0,0,0,0,Yuksek,Eposta
YKM05954,25,28,45963.61256791006,12965.331280853385,3,Orta,36,1,0,0,0,Orta,SMS
YKM05955,42,42,37467.49905785072,8469.403901037813,5,Orta,32,0,2,1,1,Yuksek,SMS
YKM05956,29,24,27763.779678379073,26314.82520943445,6,Dusuk,31,0,1,0,1,Orta,Mobil_Bildirim
YKM05957,68,86,48387.39491694376,33956.79908948989,2,Yuksek,35,1,3,1,1,Orta,Mobil_Bildirim
YKM05958,40,91,45958.81113646989,63923.45607831043,3,Dusuk,38,0,2,1,1,Dusuk,Mobil_Bildirim
YKM05959,65,125,22629.816600567457,31777.785053028856,4,Dusuk,42,0,1,1,1,Orta,Mobil_Bildirim
YKM05960,64,4,36672.987920350315,33954.373520917245,2,Yuksek,46,0,2,1,1,Yuksek,Mobil_Bildirim
YKM05961,42,33,52947.47769228853,7663.480755618684,5,Yuksek,34,1,1,1,1,Dusuk,SMS
YKM05962,36,145,67453.07052803734,15061.77071419605,1,Orta,29,0,0,0,0,Yuksek,SMS
YKM05963,65,137,79766.44827633174,11560.259364337991,5,Orta,37,1,3,1,0,Yuksek,Eposta
YKM05964,43,30,27763.92299382839,31127.25455086105,4,Orta,50,1,0,1,1,Orta,Eposta
YKM05965,39,167,35671.61678086622,23402.031696086313,2,Dusuk,33,1,1,0,1,Orta,SMS
YKM05966,51,11,55283.11177183934,14001.542483760973,3,Dusuk,41,0,0,1,0,Yuksek,SMS
YKM05967,20,26,34037.45263424499,21405.93770866501,5,Orta,43,0,2,1,1,Dusuk,SMS
YKM05968,48,27,40280.87312659467,36505.30013233991,2,Yuksek,28,0,0,1,0,Yuksek,SMS
YKM05969,33,8,35326.67998575499,39176.78764307397,5,Dusuk,23,0,1,0,0,Yuksek,Mobil_Bildirim
YKM05970,67,35,113014.70066010112,14874.503780970525,2,Yuksek,38,1,3,1,1,Yuksek,Mobil_Bildirim
YKM05971,68,19,46207.244952064444,41030.72839827045,5,Orta,44,1,3,1,1,Yuksek,Mobil_Bildirim
YKM05972,54,67,114379.62011327941,21367.953942547196,3,Orta,39,0,2,1,0,Orta,SMS
YKM05973,40,9,46775.958266955924,25248.059747880518,4,Dusuk,36,0,1,0,0,Yuksek,SMS
YKM05974,56,87,9943.138234240614,17846.06134405537,4,Yuksek,49,0,1,1,1,Yuksek,Eposta
YKM05975,25,171,17675.162693012866,19701.088341901654,5,Dusuk,55,1,1,1,1,Dusuk,Mobil_Bildirim
YKM05976,61,43,39274.24728056155,24471.50185149536,3,Orta,40,1,1,1,0,Dusuk,Mobil_Bildirim
YKM05977,35,168,35509.95997751426,34385.95592232908,2,Yuksek,40,0,2,1,1,Yuksek,Mobil_Bildirim
YKM05978,42,12,124293.57014869076,12648.74821869304,6,Yuksek,27,0,2,0,1,Yuksek,SMS
YKM05979,22,62,42664.04575660769,20035.46326320407,2,Yuksek,38,0,1,1,1,Orta,Eposta
YKM05980,51,27,70045.87475952265,20550.38983237576,2,Orta,39,0,4,1,1,Orta,Mobil_Bildirim
YKM05981,29,6,43864.173548333805,7369.773975145019,4,Dusuk,47,0,1,1,1,Yuksek,Mobil_Bildirim
YKM05982,52,177,94280.53494310123,20380.017292483157,3,Orta,47,0,0,0,1,Orta,SMS
YKM05983,58,109,57631.34309541209,9112.415676551644,4,Orta,35,0,3,1,0,Yuksek,Eposta
YKM05984,51,174,28092.996148448194,32448.93849923165,1,Yuksek,33,0,0,0,0,Yuksek,SMS
YKM05985,25,66,41061.64940039615,29532.35629934373,3,Orta,37,0,3,1,0,Orta,Eposta
YKM05986,49,106,58556.19638203286,18977.11176535085,3,Yuksek,28,0,2,1,1,Yuksek,SMS
YKM05987,23,14,53645.36614942873,9551.83632715787,4,Yuksek,50,0,2,1,1,Orta,SMS
YKM05988,31,32,30231.144366564833,14484.498681824785,2,Yuksek,38,0,2,1,1,Orta,Mobil_Bildirim
YKM05989,69,139,44140.88547021779,66532.01288465744,2,Orta,54,1,1,1,1,Yuksek,Mobil_Bildirim
YKM05990,44,153,54763.24507686165,15512.047865694065,3,Yuksek,34,1,2,1,1,Orta,Mobil_Bildirim
YKM05991,20,119,36567.08610578883,25875.1484554169,4,Orta,41,1,1,0,1,Orta,Eposta
YKM05992,37,53,12660.608233764204,26505.336280833544,3,Orta,31,1,0,0,0,Dusuk,Mobil_Bildirim
YKM05993,33,77,65347.8734742134,50421.0725520151,5,Orta,36,1,4,1,0,Orta,Eposta
YKM05994,37,153,92332.10517783182,32480.08900410339,3,Orta,32,0,1,1,1,Yuksek,Mobil_Bildirim
YKM05995,22,1,66134.20391992436,12762.423127925316,3,Orta,41,0,1,1,1,Yuksek,SMS
YKM05996,40,24,26264.66998081437,20977.68359558745,4,Dusuk,41,1,0,1,1,Orta,Mobil_Bildirim
YKM05997,59,104,16637.36008972362,20216.489645393915,2,Orta,38,0,0,1,0,Dusuk,SMS
YKM05998,52,124,43620.62428743287,40426.93611332853,2,Dusuk,36,0,2,1,1,Yuksek,Mobil_Bildirim
YKM05999,37,100,61317.83724454131,25092.278583324678,6,Yuksek,35,0,2,1,0,Yuksek,SMS
YKM06000,44,13,48312.13623507305,10645.91815412613,3,Yuksek,31,0,3,1,0,Orta,SMS
YKM06001,43,172,39643.879296017556,52311.4385867051,6,Dusuk,44,0,0,1,1,Orta,SMS
YKM06002,62,33,119950.62013070587,28449.05123184427,2,Orta,38,0,2,1,0,Orta,Eposta
YKM06003,37,4,47193.91269624785,16819.7332841955,4,Dusuk,40,1,1,1,1,Orta,Eposta
YKM06004,45,76,35625.80508411228,13742.51281285266,1,Orta,31,0,3,1,1,Orta,Mobil_Bildirim
YKM06005,35,67,37137.09160284426,18405.236791501902,6,Orta,32,0,2,1,0,Orta,Mobil_Bildirim
YKM06006,26,128,17298.699924030523,28810.353424654782,1,Orta,32,1,3,1,1,Yuksek,SMS
YKM06007,26,14,56582.985116536525,60119.24362023124,1,Yuksek,41,1,1,1,0,Yuksek,SMS
YKM06008,61,177,60629.53014203054,35219.31132815927,5,Yuksek,44,0,1,0,0,Yuksek,Mobil_Bildirim
YKM06009,66,31,34875.761117041795,27553.00416581318,2,Yuksek,36,0,0,1,1,Yuksek,SMS
YKM06010,25,67,28070.68993504856,18771.457484075632,3,Dusuk,40,0,3,1,0,Orta,SMS
YKM06011,61,60,17764.835477589728,49042.41440973406,4,Yuksek,22,1,0,1,1,Dusuk,Mobil_Bildirim
YKM06012,43,103,23300.35540068747,12847.225699030723,4,Yuksek,36,0,1,1,0,Dusuk,Mobil_Bildirim
YKM06013,31,102,16282.329534943166,28395.108504201853,4,Orta,36,1,4,1,0,Yuksek,Mobil_Bildirim
YKM06014,60,14,30735.36146980104,25680.16363681709,5,Dusuk,50,0,3,0,0,Yuksek,SMS
YKM06015,37,171,20732.32424857983,22977.869599500358,3,Yuksek,45,0,2,0,1,Orta,Mobil_Bildirim
YKM06016,38,130,34850.14312922239,27514.023757419538,1,Yuksek,31,0,1,1,0,Dusuk,Mobil_Bildirim
YKM06017,44,36,45216.66919448946,12899.80907467168,5,Orta,32,0,0,1,1,Yuksek,Mobil_Bildirim
YKM06018,61,110,40951.37463540336,10579.008553467636,2,Dusuk,29,0,0,0,0,Orta,Mobil_Bildirim
YKM06019,32,167,26640.75914445385,31853.30334173245,2,Dusuk,36,0,1,0,1,Orta,SMS
YKM06020,34,42,78179.45740478058,12586.838564914546,6,Orta,42,0,2,0,1,Orta,Mobil_Bildirim
YKM06021,64,97,51858.52782098392,32898.5822044324,3,Orta,39,0,3,1,1,Orta,Mobil_Bildirim
YKM06022,62,69,49522.68635592304,19344.741337267948,4,Orta,37,0,2,1,0,Yuksek,Mobil_Bildirim
YKM06023,34,17,14646.820318136963,37277.04304107279,3,Dusuk,43,0,1,0,1,Dusuk,SMS
YKM06024,23,95,64299.70903751543,28091.547352751815,1,Orta,40,0,5,1,1,Orta,Mobil_Bildirim
YKM06025,52,58,70475.79262438085,28635.479863870914,2,Orta,38,1,0,1,0,Yuksek,Mobil_Bildirim
YKM06026,50,63,58407.524887367144,23104.504787174115,2,Orta,23,0,0,0,1,Yuksek,SMS
YKM06027,47,108,51533.901343659876,27332.07140240571,1,Orta,31,1,2,1,1,Yuksek,SMS
YKM06028,42,75,52463.23683772287,27152.30291186561,3,Orta,40,0,2,1,1,Yuksek,Mobil_Bildirim
YKM06029,63,154,48762.51147053667,29021.014022350333,6,Orta,35,1,1,1,1,Orta,Eposta
YKM06030,42,149,95409.42295973809,30826.743371766483,4,Orta,42,0,4,0,1,Yuksek,Mobil_Bildirim
YKM06031,65,11,24060.863602491445,20972.455324655668,2,Yuksek,30,1,0,1,1,Yuksek,Mobil_Bildirim
YKM06032,51,115,38854.220115992604,26268.272083916403,4,Orta,36,0,0,1,1,Orta,Mobil_Bildirim
YKM06033,26,106,40424.74542760373,41298.688409907656,6,Orta,34,0,2,1,1,Dusuk,SMS
YKM06034,62,171,36752.90405633005,13965.052327331938,1,Dusuk,47,0,1,0,1,Orta,Mobil_Bildirim
YKM06035,30,166,52449.13356538541,33773.79217272919,1,Yuksek,32,0,1,1,0,Orta,Eposta
YKM06036,25,52,68027.0135752766,14751.818580167841,5,Dusuk,29,0,3,1,1,Dusuk,Mobil_Bildirim
YKM06037,52,127,50181.87631990943,28990.04276220822,3,Yuksek,37,0,2,1,1,Yuksek,Mobil_Bildirim
YKM06038,34,130,20300.649861992682,20652.32229518874,1,Yuksek,33,0,3,0,1,Orta,SMS
YKM06039,40,172,114489.41745934213,17800.770103687304,2,Yuksek,33,0,1,0,1,Yuksek,Mobil_Bildirim
YKM06040,42,70,17506.098005885717,24108.68122031572,5,Dusuk,53,0,1,0,0,Dusuk,SMS
YKM06041,48,62,53919.51818465317,58133.434389397364,2,Yuksek,22,0,1,1,1,Orta,Mobil_Bildirim
YKM06042,63,49,44432.84714325909,31005.309800842613,4,Orta,40,0,2,1,1,Dusuk,Mobil_Bildirim
YKM06043,49,127,29733.251186130638,27395.507728031153,4,Orta,35,1,1,0,1,Yuksek,Eposta
YKM06044,22,34,53704.0081161938,23971.681129214106,1,Orta,30,0,1,1,1,Orta,Mobil_Bildirim
YKM06045,57,116,72421.08476308594,28630.6139955854,5,Dusuk,38,0,3,1,1,Orta,SMS
YKM06046,31,56,30323.3648638002,16815.67195746904,1,Dusuk,28,1,1,1,1,Yuksek,Mobil_Bildirim
YKM06047,34,37,39560.80048873216,67649.7422666007,4,Dusuk,40,0,2,1,1,Dusuk,Mobil_Bildirim
YKM06048,47,31,64964.128549124995,67246.08308071231,1,Yuksek,55,0,2,1,1,Orta,Mobil_Bildirim
YKM06049,62,133,65787.65308398029,51825.818761918585,3,Orta,40,0,2,1,1,Dusuk,SMS
YKM06050,33,7,29770.70222873313,13798.271478569384,5,Yuksek,33,0,2,1,0,Yuksek,Mobil_Bildirim
YKM06051,42,158,26199.574932251282,46769.60649657865,1,Yuksek,28,1,1,1,0,Yuksek,Eposta
YKM06052,41,175,52478.628866643216,26303.959656380055,5,Orta,34,0,2,1,1,Orta,Mobil_Bildirim
YKM06053,20,179,41305.40461015784,12497.033431385431,6,Yuksek,50,1,2,0,1,Yuksek,Mobil_Bildirim
YKM06054,41,77,26564.124122965382,40520.3454070116,1,Dusuk,31,0,1,1,0,Orta,Mobil_Bildirim
YKM06055,24,76,60904.69262385016,45878.10757640998,5,Dusuk,38,0,0,0,1,Orta,Mobil_Bildirim
YKM06056,45,159,12432.663778576945,29237.51319497404,4,Orta,58,0,1,1,1,Orta,Mobil_Bildirim
YKM06057,22,12,43902.42627044208,32231.194053837782,2,Dusuk,35,0,1,1,1,Dusuk,Mobil_Bildirim
YKM06058,36,49,86538.39214323148,70819.28345456885,4,Yuksek,37,0,3,1,0,Dusuk,Mobil_Bildirim
YKM06059,41,31,41830.93124650911,48871.61126616628,5,Yuksek,39,0,4,1,1,Yuksek,SMS
YKM06060,28,130,39090.23611026541,40399.218857540276,2,Dusuk,29,1,1,0,0,Yuksek,Mobil_Bildirim
YKM06061,59,120,89317.3912633947,11433.257841748116,6,Dusuk,42,0,0,0,0,Yuksek,Eposta
YKM06062,54,90,38785.84407856679,13514.617126934152,6,Yuksek,31,0,1,1,1,Yuksek,Mobil_Bildirim
YKM06063,62,30,17011.58820854964,34728.342763899695,6,Dusuk,43,0,1,1,1,Yuksek,Mobil_Bildirim
YKM06064,57,141,103037.89395046675,35105.88917899096,1,Orta,27,0,2,1,0,Dusuk,Mobil_Bildirim
YKM06065,34,2,28187.14781030218,20263.401046193674,1,Yuksek,39,0,2,1,1,Orta,Mobil_Bildirim
YKM06066,59,134,23696.467730291475,24829.96822109174,4,Yuksek,41,0,1,1,1,Orta,Mobil_Bildirim
YKM06067,26,80,59754.54147251118,43628.8738818463,6,Yuksek,35,1,6,1,1,Yuksek,Mobil_Bildirim
YKM06068,66,101,105834.58205560356,24381.84885939724,2,Orta,40,0,0,1,0,Dusuk,SMS
YKM06069,27,4,23497.977599893347,25809.68004205749,3,Orta,35,1,1,1,0,Dusuk,Mobil_Bildirim
YKM06070,51,168,44871.76130796055,19238.555452981982,2,Yuksek,41,0,3,1,1,Orta,Mobil_Bildirim
YKM06071,33,97,24523.97832450069,34049.81935998201,5,Yuksek,43,0,0,1,1,Orta,Mobil_Bildirim
YKM06072,27,70,27389.657564548026,46845.841977761986,1,Orta,42,0,2,1,0,Orta,Eposta
YKM06073,66,162,28635.734358015583,36584.91882903796,6,Yuksek,31,0,0,1,0,Yuksek,SMS
YKM06074,24,91,106707.96045254995,26468.55960574434,2,Orta,24,0,0,1,1,Yuksek,Mobil_Bildirim
YKM06075,37,73,35285.94631790576,22500.551293085064,5,Yuksek,49,0,4,1,0,Dusuk,Eposta
YKM06076,29,59,45053.649757623854,56455.527668582705,2,Yuksek,33,0,0,0,0,Orta,Eposta
YKM06077,56,100,51687.473726798176,25276.177842955047,5,Orta,37,0,1,1,0,Dusuk,Mobil_Bildirim
YKM06078,49,77,24983.051725308447,15821.14797738417,5,Orta,40,0,0,1,0,Dusuk,Mobil_Bildirim
YKM06079,32,140,23461.050003870307,18954.789314746795,3,Orta,32,1,2,1,0,Yuksek,Mobil_Bildirim
YKM06080,59,12,69634.97869495186,11066.432476780523,4,Orta,34,0,0,1,1,Orta,SMS
YKM06081,47,74,40979.673712551536,58611.735778716655,6,Orta,51,1,2,1,0,Dusuk,Mobil_Bildirim
YKM06082,37,128,57686.5346668803,43131.92283216009,4,Yuksek,44,1,2,1,1,Orta,Mobil_Bildirim
YKM06083,39,146,52656.015133484485,21242.016952413207,1,Yuksek,27,1,0,1,0,Yuksek,Eposta
YKM06084,60,169,48156.95367336084,25764.888846301117,2,Yuksek,40,1,1,1,1,Orta,Eposta
YKM06085,39,102,36508.15364966524,36765.39702289897,3,Yuksek,41,1,1,1,1,Yuksek,SMS
YKM06086,41,144,34147.55117471049,37689.901154100946,3,Orta,29,1,0,1,0,Yuksek,Mobil_Bildirim
YKM06087,51,14,49789.16894961602,28233.06669326076,1,Yuksek,28,0,0,1,1,Orta,Mobil_Bildirim
YKM06088,29,95,45073.864370163385,42259.19998063084,6,Orta,46,0,1,1,0,Orta,Mobil_Bildirim
YKM06089,50,40,30620.87438743199,27538.957801038374,2,Yuksek,37,0,1,1,0,Yuksek,Mobil_Bildirim
YKM06090,27,107,26429.14861207148,39725.86648143613,1,Yuksek,48,0,2,0,1,Orta,SMS
YKM06091,34,146,58393.553665668034,16610.60941535915,6,Yuksek,31,1,0,0,0,Dusuk,Mobil_Bildirim
YKM06092,45,20,62674.41548853943,24505.39397630332,5,Yuksek,29,0,3,1,1,Yuksek,SMS
YKM06093,33,43,26386.594001548583,11203.272495692117,4,Orta,33,0,0,0,1,Dusuk,Mobil_Bildirim
YKM06094,22,52,46581.16785847129,27883.23219667023,3,Yuksek,48,0,2,0,0,Yuksek,SMS
YKM06095,30,149,94540.54153644753,24540.377187207603,4,Orta,48,0,1,0,1,Orta,SMS
YKM06096,59,151,32535.079398822596,25844.831316890566,5,Orta,46,0,1,1,1,Orta,Eposta
YKM06097,51,61,40620.73481637884,37744.09131750029,3,Yuksek,36,0,1,0,1,Yuksek,SMS
YKM06098,33,83,34545.372103787864,11734.636640625227,2,Dusuk,48,0,2,1,1,Dusuk,Mobil_Bildirim
YKM06099,68,76,34584.45303234864,12020.452452249006,1,Yuksek,47,0,2,1,1,Dusuk,Mobil_Bildirim
YKM06100,58,127,40916.53036863878,14301.34687389856,5,Yuksek,56,0,4,1,1,Orta,SMS
YKM06101,32,132,105744.61689615718,15937.688220839831,5,Orta,45,0,1,1,0,Yuksek,Mobil_Bildirim
YKM06102,28,93,21854.235897027847,13513.132354076864,2,Orta,39,0,2,1,0,Orta,Eposta
YKM06103,67,6,49662.73947690651,17765.625996440518,1,Yuksek,39,0,0,1,1,Orta,Mobil_Bildirim
YKM06104,50,169,58473.16669623255,20708.94287272673,3,Orta,46,0,3,1,1,Orta,SMS
YKM06105,30,173,61756.52697205173,24643.40803667865,6,Dusuk,37,0,1,1,1,Orta,Mobil_Bildirim
YKM06106,45,55,61970.76986287566,19891.9307487044,4,Orta,33,0,3,1,0,Yuksek,Mobil_Bildirim
YKM06107,37,175,71555.18122828973,33763.908937819775,3,Yuksek,43,0,1,0,0,Yuksek,Mobil_Bildirim
YKM06108,27,75,28476.29930556147,23258.279458622972,2,Dusuk,43,1,1,1,1,Yuksek,Mobil_Bildirim
YKM06109,54,154,61195.592936382316,52066.355845109014,6,Orta,39,0,2,1,1,Orta,Mobil_Bildirim
YKM06110,63,30,28178.05251464887,16918.370109302163,4,Yuksek,42,0,1,1,1,Orta,Mobil_Bildirim
YKM06111,61,35,127241.58938523414,15659.202827356032,1,Yuksek,47,1,2,1,0,Orta,Mobil_Bildirim
YKM06112,64,171,33915.3375068823,11176.968021595194,6,Dusuk,33,0,1,1,1,Orta,Mobil_Bildirim
YKM06113,56,135,40899.699928906826,26147.43767835643,2,Orta,27,0,1,1,1,Yuksek,Eposta
YKM06114,52,34,62300.9801126092,27512.046536371563,6,Orta,31,0,2,0,0,Orta,Mobil_Bildirim
YKM06115,61,90,29043.5496432252,26575.719322391644,3,Orta,45,0,0,0,1,Orta,SMS
YKM06116,33,84,58529.444907771576,33285.914316592854,2,Orta,43,0,2,1,1,Dusuk,Mobil_Bildirim
YKM06117,31,62,30828.68714292679,70622.56797404338,5,Yuksek,26,0,1,1,1,Yuksek,Mobil_Bildirim
YKM06118,35,99,75055.59045350115,28420.63938161722,6,Orta,33,0,1,0,1,Dusuk,SMS
YKM06119,59,121,66350.75354409695,20832.781345000512,5,Orta,28,0,0,1,0,Orta,Mobil_Bildirim
YKM06120,47,134,19803.1610135899,32756.026761544064,3,Orta,56,0,0,1,1,Orta,Mobil_Bildirim
YKM06121,36,87,140945.7850586946,34903.80652182284,4,Orta,36,1,2,0,0,Orta,Mobil_Bildirim
YKM06122,65,34,56248.56180424104,16041.362100308208,4,Orta,44,1,0,1,0,Dusuk,Eposta
YKM06123,51,102,36039.40501953952,18656.356212828276,6,Orta,38,0,0,1,1,Orta,Mobil_Bildirim
YKM06124,53,153,39633.481770756815,27148.726696378286,4,Orta,38,0,3,1,1,Yuksek,SMS
YKM06125,53,89,61859.149020630495,32873.59756063899,1,Dusuk,41,1,1,1,1,Yuksek,Mobil_Bildirim
YKM06126,34,70,66258.40897528653,17308.89573967807,2,Orta,36,0,2,1,1,Yuksek,Eposta
YKM06127,50,79,49040.651826362984,20396.246598097736,4,Orta,32,0,2,1,1,Orta,Mobil_Bildirim
YKM06128,59,162,79986.42317830717,11524.318066713297,4,Orta,36,0,4,0,1,Orta,SMS
YKM06129,59,83,64508.60939828215,41012.373329791706,6,Orta,39,0,4,1,1,Orta,Mobil_Bildirim
YKM06130,27,111,38976.167537184316,75421.5120511732,1,Orta,44,0,2,1,1,Yuksek,Eposta
YKM06131,50,90,55344.75738035621,16207.89059057338,1,Orta,41,0,1,1,1,Yuksek,Eposta
YKM06132,22,129,59169.46740541696,24148.39226927982,2,Orta,33,0,1,1,1,Dusuk,Mobil_Bildirim
YKM06133,46,54,25988.247681364508,23360.218852136157,4,Orta,48,0,0,1,1,Dusuk,SMS
YKM06134,33,73,40158.74237128911,16972.61643246533,3,Dusuk,33,0,2,0,1,Yuksek,Mobil_Bildirim
YKM06135,67,156,70240.36809284164,15856.304336228604,2,Yuksek,30,1,1,1,1,Yuksek,SMS
YKM06136,37,18,68265.36031643013,41600.1373343666,1,Dusuk,40,1,1,1,0,Yuksek,Mobil_Bildirim
YKM06137,46,33,32865.75068318638,13600.099739719135,4,Orta,49,0,2,1,1,Dusuk,SMS
YKM06138,51,60,42730.14371659665,13153.612165149481,6,Orta,39,0,1,1,1,Orta,SMS
YKM06139,52,93,55898.55415926851,52859.64500958877,5,Dusuk,49,0,1,1,0,Orta,SMS
YKM06140,47,78,54349.23076049306,37177.64123231748,3,Yuksek,38,0,0,1,1,Orta,Mobil_Bildirim
YKM06141,53,140,54328.907754697095,15996.187560865103,2,Yuksek,36,0,1,1,0,Orta,Mobil_Bildirim
YKM06142,25,71,53921.11653196899,23964.313841219988,3,Dusuk,42,0,2,0,1,Yuksek,Mobil_Bildirim
YKM06143,68,95,26414.762635158222,32674.606828695934,6,Yuksek,30,0,0,1,1,Yuksek,Mobil_Bildirim
YKM06144,34,16,32855.39591433857,37080.189627167296,3,Orta,39,1,0,1,0,Yuksek,Mobil_Bildirim
YKM06145,47,36,46010.35942251079,11956.889688213785,3,Yuksek,33,0,3,1,0,Orta,SMS
YKM06146,63,160,30959.74504095145,32969.00030344143,6,Yuksek,40,0,1,0,1,Dusuk,SMS
YKM06147,47,115,40312.21834266361,52289.3913269875,3,Yuksek,34,0,1,1,1,Dusuk,Mobil_Bildirim
YKM06148,52,148,52019.14717401202,9692.199552117689,2,Yuksek,41,1,2,1,1,Orta,SMS
YKM06149,26,47,32348.583752813272,50568.08782899762,4,Orta,29,1,2,0,1,Yuksek,SMS
YKM06150,49,42,68980.68959299414,54601.48983347412,6,Yuksek,30,0,0,1,0,Orta,SMS
YKM06151,61,1,65301.61743374886,53935.06648948862,6,Yuksek,31,1,4,0,0,Yuksek,Mobil_Bildirim
YKM06152,42,135,66684.39199691374,44047.46674563927,2,Orta,41,0,2,1,1,Orta,SMS
YKM06153,35,124,48451.62490238914,24424.124135119353,2,Orta,34,0,3,1,1,Yuksek,SMS
YKM06154,49,164,78181.09959266213,7062.736578085089,3,Orta,40,1,1,1,1,Yuksek,Mobil_Bildirim
YKM06155,55,72,46362.81482635849,51434.36444163663,3,Orta,35,0,1,1,1,Orta,SMS
YKM06156,39,89,48991.433304354876,25056.812190218083,2,Yuksek,56,1,2,1,1,Orta,Eposta
YKM06157,31,1,46668.5209745678,50203.43038027041,2,Orta,51,0,0,1,1,Orta,Mobil_Bildirim
YKM06158,40,145,49683.36052595918,30421.744245546393,1,Yuksek,38,0,0,1,1,Orta,Mobil_Bildirim
YKM06159,57,100,25006.910687104304,24321.84176870874,2,Yuksek,35,1,4,1,1,Dusuk,SMS
YKM06160,39,10,28711.871074892795,54469.703316928084,1,Yuksek,34,0,3,1,1,Yuksek,SMS
YKM06161,27,37,21630.867936206934,19606.3471229856,6,Dusuk,39,0,1,1,1,Dusuk,SMS
YKM06162,63,166,41176.40660378258,49398.81878794372,6,Yuksek,23,0,3,1,0,Orta,Eposta
YKM06163,61,65,93365.32322660233,32662.16410542949,1,Yuksek,65,0,1,1,0,Yuksek,SMS
YKM06164,34,127,73464.75879737067,22167.265606371933,1,Yuksek,34,0,3,1,1,Orta,Eposta
YKM06165,47,28,77168.93695701197,20145.852375162332,6,Orta,37,1,1,1,1,Yuksek,Mobil_Bildirim
YKM06166,70,162,89132.27083024506,28634.974691255313,6,Orta,32,0,4,0,1,Orta,SMS
YKM06167,70,163,53104.99225752342,24276.75398853727,1,Yuksek,35,0,1,1,1,Yuksek,SMS
YKM06168,23,17,54119.072343635155,20888.59353779561,6,Dusuk,35,1,0,1,1,Orta,Mobil_Bildirim
YKM06169,37,1,43552.944688986216,37388.0440948584,6,Yuksek,25,1,4,1,1,Orta,Mobil_Bildirim
YKM06170,52,121,33336.838297383365,48740.09598780483,3,Yuksek,41,1,0,0,0,Yuksek,Mobil_Bildirim
YKM06171,40,107,36424.635210331544,20706.93423279179,3,Yuksek,28,0,1,1,1,Dusuk,Mobil_Bildirim
YKM06172,55,105,34049.10712717519,15745.416839261095,4,Dusuk,45,1,0,1,0,Yuksek,Eposta
YKM06173,27,145,86500.56376420535,39003.17253911003,3,Dusuk,40,0,2,1,1,Yuksek,Mobil_Bildirim
YKM06174,35,121,29794.673088086514,10994.462460953451,2,Yuksek,41,1,3,1,1,Yuksek,Mobil_Bildirim
YKM06175,26,3,50958.70879097119,33641.41379124853,1,Orta,33,0,1,1,1,Dusuk,Mobil_Bildirim
YKM06176,54,58,40920.293541238134,18971.82288881701,3,Orta,25,0,1,1,0,Yuksek,Mobil_Bildirim
YKM06177,68,8,50738.90196652556,14500.067792593478,1,Orta,34,0,2,1,1,Orta,Mobil_Bildirim
YKM06178,62,97,66065.21167959402,32607.809362101885,5,Yuksek,39,1,1,1,1,Yuksek,Mobil_Bildirim
YKM06179,52,18,110725.50893008798,37413.10357772392,4,Yuksek,27,1,0,0,1,Yuksek,Mobil_Bildirim
YKM06180,30,81,57755.31501153735,28621.375952170303,3,Orta,43,0,1,0,1,Dusuk,Mobil_Bildirim
YKM06181,55,74,35813.27515325851,12759.258884749237,4,Yuksek,36,0,1,1,0,Yuksek,Mobil_Bildirim
YKM06182,70,103,59714.091865850125,10574.407723803377,4,Yuksek,34,0,3,1,0,Yuksek,SMS
YKM06183,58,131,44955.22848760805,43693.08149706678,1,Orta,37,0,1,1,1,Dusuk,Mobil_Bildirim
YKM06184,64,181,43398.100210425706,11515.836988981126,1,Yuksek,40,0,1,1,1,Yuksek,Mobil_Bildirim
YKM06185,26,138,56896.34317507615,47412.887221130695,2,Yuksek,21,0,1,1,0,Yuksek,Eposta
YKM06186,49,158,52792.834811698274,10624.332627216561,6,Yuksek,37,1,3,1,0,Yuksek,Mobil_Bildirim
YKM06187,30,42,124080.0335508542,25411.390018827533,6,Orta,41,0,0,1,1,Dusuk,Mobil_Bildirim
YKM06188,59,177,82083.84015174917,7375.719332578491,4,Orta,40,0,1,1,1,Dusuk,SMS
YKM06189,26,55,62962.344152899925,45764.236774429315,4,Dusuk,35,1,1,1,1,Yuksek,Mobil_Bildirim
YKM06190,62,81,36274.63130750115,38672.87336433703,1,Yuksek,28,0,2,1,1,Orta,Mobil_Bildirim
YKM06191,45,162,34766.98810814064,22524.932477746406,2,Yuksek,36,0,2,1,0,Dusuk,Eposta
YKM06192,40,127,44442.187632339825,36219.79984376518,2,Dusuk,38,1,1,1,0,Dusuk,Mobil_Bildirim
YKM06193,52,145,18554.694076094314,13237.439456066815,3,Yuksek,37,1,3,1,1,Yuksek,SMS
YKM06194,42,42,25279.159043796728,29273.758572550578,5,Orta,51,1,2,1,1,Yuksek,Mobil_Bildirim
YKM06195,41,115,67723.24676988981,21868.575601071654,4,Yuksek,32,0,1,1,0,Yuksek,SMS
YKM06196,60,163,78276.84692791264,46207.28889058217,2,Orta,44,0,1,1,0,Orta,Mobil_Bildirim
YKM06197,46,145,60488.47160655243,16839.903444884687,1,Orta,40,0,0,1,1,Yuksek,SMS
YKM06198,57,98,63554.71426824124,29273.79141493221,1,Dusuk,40,0,2,1,0,Yuksek,SMS
YKM06199,55,76,57303.48608007978,19693.323353593023,4,Orta,49,1,1,1,0,Dusuk,Eposta
YKM06200,57,7,46011.49102223302,60145.77257290005,5,Yuksek,43,0,1,1,0,Yuksek,SMS
YKM06201,63,138,75028.86150760532,23088.288610636784,4,Orta,34,0,0,1,1,Orta,SMS
YKM06202,51,55,94449.79119392455,54083.497139071165,4,Orta,38,0,0,0,1,Yuksek,Eposta
YKM06203,22,149,71914.78953990583,21104.404109146177,6,Yuksek,51,0,1,1,1,Yuksek,Mobil_Bildirim
YKM06204,52,82,53972.852587952475,19582.49152522958,2,Orta,47,1,2,0,1,Orta,SMS
YKM06205,34,98,76797.1860415058,42700.6450622954,3,Yuksek,44,0,1,1,0,Yuksek,SMS
YKM06206,59,78,46496.054359873524,9791.39045502597,2,Orta,37,1,2,1,1,Dusuk,Mobil_Bildirim
YKM06207,60,151,45399.33868635408,74708.29691656404,5,Yuksek,42,1,2,1,0,Yuksek,Mobil_Bildirim
YKM06208,24,108,38672.68219253708,32607.530051819318,1,Dusuk,37,1,0,0,1,Orta,Mobil_Bildirim
YKM06209,49,109,35034.07150740272,35203.009266527966,1,Dusuk,44,0,0,1,1,Yuksek,Mobil_Bildirim
YKM06210,47,140,32038.123343942538,51818.06199436641,2,Yuksek,34,0,1,1,1,Dusuk,Mobil_Bildirim
YKM06211,54,176,21826.520537158267,26018.83198094006,6,Yuksek,37,0,2,1,0,Dusuk,Eposta
YKM06212,71,17,28103.03580170117,28685.156225661474,6,Dusuk,39,1,1,1,1,Orta,SMS
YKM06213,56,102,36041.181205189285,27863.339791960054,6,Orta,29,0,1,0,1,Orta,Mobil_Bildirim
YKM06214,42,118,39187.095211900225,36483.410669714154,2,Yuksek,30,0,2,1,0,Orta,SMS
YKM06215,67,107,35969.96381688827,120275.9498962058,5,Dusuk,44,1,3,1,0,Yuksek,Mobil_Bildirim
YKM06216,29,22,39227.30835023899,41866.123606311645,3,Dusuk,38,1,3,1,1,Orta,SMS
YKM06217,43,154,24706.11115471207,47916.08775759729,1,Yuksek,32,1,1,1,0,Yuksek,Eposta
YKM06218,39,137,40997.35145712446,14726.189863975029,2,Dusuk,37,0,1,1,1,Yuksek,Mobil_Bildirim
YKM06219,55,44,102702.38815445983,24837.457741983784,3,Orta,39,0,0,1,1,Orta,Mobil_Bildirim
YKM06220,58,172,30869.7098122769,12933.64255362068,6,Yuksek,46,0,0,1,0,Yuksek,Eposta
YKM06221,36,90,86567.94163383175,100814.76353157827,4,Dusuk,29,1,1,0,1,Yuksek,Eposta
YKM06222,50,61,85494.03720779478,39516.333770777645,2,Yuksek,28,0,1,1,1,Yuksek,SMS
YKM06223,46,7,53118.361204508146,32261.85610848124,5,Dusuk,45,0,2,0,1,Orta,Mobil_Bildirim
YKM06224,55,100,48755.34455826355,13494.194738916396,1,Yuksek,45,0,0,0,1,Yuksek,Eposta
YKM06225,35,58,73638.76290424587,28243.944669445555,4,Yuksek,42,0,3,1,1,Yuksek,Mobil_Bildirim
YKM06226,59,17,31153.949685929358,15198.222673454376,5,Orta,46,0,1,1,1,Dusuk,Eposta
YKM06227,48,31,16728.979659435674,35667.55832336427,5,Orta,32,0,1,1,1,Dusuk,Mobil_Bildirim
YKM06228,29,128,34446.13537750101,22596.783351662623,6,Yuksek,37,0,0,1,0,Yuksek,SMS
YKM06229,52,71,38988.177314809516,10070.001228534587,5,Orta,34,0,0,1,0,Orta,Mobil_Bildirim
YKM06230,27,113,87783.49016517917,27156.791593055492,5,Orta,35,0,0,1,1,Dusuk,SMS
YKM06231,46,98,51908.37353373513,22038.69862951387,6,Orta,46,0,0,0,1,Yuksek,SMS
YKM06232,58,148,57682.02268838167,23249.51736466844,6,Yuksek,43,1,1,1,0,Dusuk,Eposta
YKM06233,68,4,51882.958913212155,19483.31460540501,1,Yuksek,43,0,0,1,1,Orta,Mobil_Bildirim
YKM06234,56,142,99545.13685201484,25938.172240262735,6,Yuksek,43,0,3,1,1,Yuksek,Mobil_Bildirim
YKM06235,34,70,74089.71459758519,33817.772761720764,5,Orta,36,0,1,1,1,Yuksek,Mobil_Bildirim
YKM06236,41,60,11762.016157109996,62025.2650067947,2,Orta,44,0,0,1,1,Dusuk,SMS
YKM06237,45,9,46935.80329203165,24138.28136906005,4,Yuksek,45,1,2,1,1,Orta,Mobil_Bildirim
YKM06238,42,37,28988.166659481358,17007.36643629298,6,Orta,28,1,1,1,1,Yuksek,Mobil_Bildirim
YKM06239,65,18,28449.4288660587,47931.91814421677,1,Dusuk,32,0,1,0,1,Dusuk,Eposta
YKM06240,68,23,78965.35142237639,12581.917110765848,1,Orta,45,0,1,0,1,Yuksek,SMS
YKM06241,67,136,118529.03796903038,27896.02696691487,5,Orta,35,0,1,1,1,Yuksek,SMS
YKM06242,66,72,34277.372352195816,41373.26665167823,6,Dusuk,46,0,0,1,1,Orta,Mobil_Bildirim
YKM06243,22,161,76198.64372798674,20241.446102180267,4,Orta,42,0,2,1,1,Yuksek,Mobil_Bildirim
YKM06244,56,27,96520.6112177822,31185.15992491469,4,Dusuk,30,1,3,1,1,Yuksek,SMS
YKM06245,29,89,66033.7921393242,13678.159555589697,4,Orta,32,0,1,1,1,Orta,Eposta
YKM06246,64,52,42778.66008359987,9321.454771998533,4,Orta,46,0,0,0,1,Orta,SMS
YKM06247,56,139,48347.50459349275,51812.269594411766,2,Dusuk,44,1,2,1,1,Orta,Mobil_Bildirim
YKM06248,32,169,25425.45688816088,41038.374598093,3,Yuksek,46,1,1,1,0,Orta,SMS
YKM06249,44,29,22089.380643314347,31033.261462299215,5,Orta,35,0,3,1,0,Yuksek,Mobil_Bildirim
YKM06250,40,81,71643.70540237351,13644.064334821238,6,Yuksek,50,1,1,1,0,Yuksek,Mobil_Bildirim
YKM06251,54,95,83205.99385877543,18223.80816117994,1,Yuksek,41,0,2,0,1,Yuksek,Eposta
YKM06252,67,103,33885.00964421039,28781.270290896937,2,Orta,28,0,2,1,1,Yuksek,SMS
YKM06253,58,173,53564.562448539364,11926.007250926883,2,Yuksek,42,0,2,1,1,Orta,SMS
YKM06254,52,9,65324.17090953447,17381.949757992974,1,Dusuk,42,0,1,1,1,Orta,Mobil_Bildirim
YKM06255,68,64,61591.44469538154,9188.57701523638,6,Yuksek,39,1,0,1,0,Yuksek,Mobil_Bildirim
YKM06256,27,140,34863.25694246677,42027.589669586865,3,Yuksek,31,0,1,1,1,Yuksek,Mobil_Bildirim
YKM06257,66,113,47988.058500805804,38104.28587560281,2,Yuksek,39,1,2,1,1,Dusuk,SMS
YKM06258,33,43,45145.83242779695,12701.694958064887,6,Orta,35,1,1,1,1,Yuksek,Mobil_Bildirim
YKM06259,50,5,114117.77287744255,29318.876565666873,5,Yuksek,43,0,0,1,1,Yuksek,Mobil_Bildirim
YKM06260,35,12,30259.9140376091,36462.88627422859,5,Orta,26,1,0,1,1,Orta,Mobil_Bildirim
YKM06261,34,82,45493.62514522421,16731.333708344166,3,Dusuk,30,0,2,0,1,Yuksek,Mobil_Bildirim
YKM06262,49,65,37288.17136197539,30744.344500736606,5,Yuksek,51,1,0,1,1,Yuksek,SMS
YKM06263,51,137,41420.93330503388,45326.51551578924,1,Yuksek,47,1,0,1,1,Yuksek,Eposta
YKM06264,50,121,53054.77972631329,14494.493260681056,2,Yuksek,38,0,0,1,1,Orta,Eposta
YKM06265,30,120,86228.78766840174,9624.494225491118,3,Yuksek,39,0,0,1,1,Orta,SMS
YKM06266,34,144,37598.54263072236,21376.21421277712,3,Orta,23,0,1,1,0,Orta,SMS
YKM06267,59,136,82573.87108298969,27417.550672260742,5,Orta,47,1,2,1,0,Orta,Mobil_Bildirim
YKM06268,29,106,32297.279834546567,19948.15747747972,6,Dusuk,30,0,0,1,1,Orta,Mobil_Bildirim
YKM06269,56,49,72364.47591430364,14024.632149942086,3,Dusuk,46,0,6,0,0,Dusuk,Eposta
YKM06270,51,26,63626.5283928105,46264.242237977276,3,Orta,34,0,1,1,1,Dusuk,Mobil_Bildirim
YKM06271,36,139,31957.795727563167,66764.78363982559,1,Yuksek,37,1,1,1,1,Dusuk,Mobil_Bildirim
YKM06272,34,22,23811.961261837656,25347.144468077036,2,Yuksek,40,0,2,1,1,Yuksek,SMS
YKM06273,54,164,50725.68193477113,18672.760179145724,2,Orta,37,0,1,1,1,Dusuk,Mobil_Bildirim
YKM06274,33,64,60499.888277122605,22894.552068793368,1,Dusuk,35,0,1,1,1,Orta,Mobil_Bildirim
YKM06275,67,184,60856.98997869388,33022.28177648673,6,Orta,36,0,0,1,1,Yuksek,Mobil_Bildirim
YKM06276,60,17,62723.70994840405,20898.673762323815,5,Yuksek,52,0,2,1,0,Yuksek,SMS
YKM06277,31,113,83629.12921334377,7661.052935847412,3,Yuksek,44,0,0,1,1,Orta,SMS
YKM06278,33,138,43489.13125915731,34380.24167021508,4,Yuksek,34,1,1,0,0,Yuksek,Eposta
YKM06279,61,19,37103.57990286796,25810.531044124353,2,Dusuk,39,0,2,1,0,Yuksek,Mobil_Bildirim
YKM06280,21,38,66573.46892909179,25380.318915884458,1,Orta,33,0,1,1,1,Orta,Eposta
YKM06281,66,127,32887.36079987729,15851.523575847543,2,Orta,37,0,3,1,1,Orta,Mobil_Bildirim
YKM06282,56,170,45196.31278872458,8226.41991578275,6,Dusuk,33,0,1,1,1,Yuksek,SMS
YKM06283,43,100,51409.81080996702,39389.72142050767,5,Orta,45,0,2,0,1,Orta,Eposta
YKM06284,19,99,59546.073815346506,13721.09913865788,3,Yuksek,46,0,0,0,1,Orta,SMS
YKM06285,47,53,85335.04307667738,41322.5242019016,5,Orta,34,0,1,1,1,Orta,Eposta
YKM06286,46,83,19473.886382243516,13874.719267084529,2,Yuksek,38,0,1,1,1,Orta,SMS
YKM06287,51,173,47955.40261969014,11761.115729560803,2,Yuksek,43,1,1,1,1,Dusuk,Mobil_Bildirim
YKM06288,66,177,17081.05575428645,24342.245712746415,5,Orta,41,1,1,1,0,Yuksek,Eposta
YKM06289,47,176,31470.116371551023,11138.633734850964,3,Orta,41,1,2,1,1,Dusuk,SMS
YKM06290,20,134,109861.10183620073,18733.45881509616,3,Orta,38,0,3,0,0,Yuksek,Mobil_Bildirim
YKM06291,36,100,73414.80186949151,27208.733161089785,6,Orta,29,0,1,0,1,Dusuk,SMS
YKM06292,51,134,34875.575866579304,61907.1969735823,4,Dusuk,41,0,3,0,0,Orta,Mobil_Bildirim
YKM06293,32,155,62938.51120590684,47447.28272608434,1,Dusuk,50,0,1,1,1,Dusuk,Mobil_Bildirim
YKM06294,53,105,83556.65891926693,24893.961168620128,1,Orta,46,1,1,1,1,Dusuk,Mobil_Bildirim
YKM06295,27,104,74148.7752449067,101524.22342719577,3,Orta,37,0,2,0,1,Orta,SMS
YKM06296,35,131,61032.29441075038,37123.28074654256,1,Yuksek,30,0,2,1,1,Orta,Mobil_Bildirim
YKM06297,62,63,38938.669198241376,22294.658400938177,5,Orta,38,0,2,1,0,Dusuk,SMS
YKM06298,40,174,17495.30192114354,39000.5579536961,6,Yuksek,31,0,5,1,0,Orta,Eposta
YKM06299,40,7,62144.755273470975,23966.48613288759,3,Orta,38,1,4,1,1,Yuksek,SMS
YKM06300,53,94,47428.27935437476,48844.57698027574,2,Orta,25,0,1,0,1,Dusuk,SMS
YKM06301,29,137,98271.17642039899,17798.162042531356,6,Dusuk,52,0,2,1,0,Yuksek,Eposta
YKM06302,62,56,47109.70433494863,29992.23106787413,4,Dusuk,52,0,2,1,1,Orta,Mobil_Bildirim
YKM06303,54,133,33609.487117692006,28225.749274592872,3,Orta,44,0,2,1,0,Yuksek,SMS
YKM06304,49,162,35182.33251901802,24888.239655319292,4,Yuksek,42,0,1,1,1,Yuksek,Mobil_Bildirim
YKM06305,38,166,31641.817350397614,37245.58478545768,2,Orta,36,0,0,1,1,Yuksek,SMS
YKM06306,53,33,40576.08834247213,16388.97509398491,4,Yuksek,29,1,3,1,0,Orta,Mobil_Bildirim
YKM06307,31,76,39549.53572890761,26797.27175337998,1,Yuksek,46,0,0,0,1,Yuksek,Mobil_Bildirim
YKM06308,55,62,62354.939727760706,47059.026730977406,5,Yuksek,37,0,0,0,1,Orta,Mobil_Bildirim
YKM06309,42,118,57189.7955289852,11170.102058934675,4,Dusuk,41,1,2,1,1,Yuksek,SMS
YKM06310,20,129,111316.45780154457,23292.250175000325,5,Orta,40,1,0,1,1,Dusuk,SMS
YKM06311,22,147,42336.297561494015,16453.504918338534,4,Yuksek,55,0,4,1,1,Yuksek,Mobil_Bildirim
YKM06312,57,1,80302.16268209487,19865.367092278764,3,Yuksek,32,0,5,1,0,Orta,Eposta
YKM06313,32,166,48272.021685936634,25489.678442755903,6,Yuksek,37,1,1,1,0,Orta,Eposta
YKM06314,45,112,81022.1270367926,47919.46930163552,6,Yuksek,37,0,4,1,1,Orta,Mobil_Bildirim
YKM06315,54,54,71815.02342297009,26099.582338686647,6,Orta,34,0,1,1,1,Dusuk,Mobil_Bildirim
YKM06316,25,94,79236.05053637052,8784.954584366162,2,Yuksek,34,0,2,1,0,Yuksek,SMS
YKM06317,24,17,45875.04172799375,33749.48469816162,4,Dusuk,45,1,0,1,1,Orta,SMS
YKM06318,35,133,50637.6942954242,21409.272810352388,5,Yuksek,44,0,0,0,1,Orta,SMS
YKM06319,39,54,34371.93663291841,49284.78186530489,3,Yuksek,36,0,0,1,0,Orta,Mobil_Bildirim
YKM06320,58,20,62141.71123407889,11134.796374070222,1,Orta,43,0,2,1,1,Yuksek,Mobil_Bildirim
YKM06321,56,36,66133.21329090241,16063.438660614673,1,Dusuk,37,0,0,1,1,Orta,Eposta
YKM06322,57,32,46301.74475670575,29295.79833833314,6,Yuksek,38,0,2,0,1,Yuksek,Mobil_Bildirim
YKM06323,48,167,76201.31994761394,19752.078704984626,3,Yuksek,46,0,2,0,1,Orta,Eposta
YKM06324,29,97,24581.589615262954,6022.286329464187,5,Dusuk,66,0,2,1,1,Yuksek,Mobil_Bildirim
YKM06325,67,77,66834.82851153053,14985.54244518891,5,Orta,43,0,1,1,1,Orta,SMS
YKM06326,69,25,95841.71798700676,19545.9347801341,2,Orta,38,1,1,1,1,Orta,Mobil_Bildirim
YKM06327,23,148,73598.04112862353,18236.860889219206,6,Dusuk,46,1,1,1,1,Yuksek,SMS
YKM06328,28,171,38264.850776201354,46891.55749610803,2,Orta,39,0,2,1,0,Orta,Mobil_Bildirim
YKM06329,37,117,58533.649704858355,31649.061208420502,6,Yuksek,34,0,0,1,0,Yuksek,SMS
YKM06330,69,53,42705.19203583734,31529.020837763936,1,Yuksek,37,1,1,1,1,Orta,SMS
YKM06331,63,168,54796.46194895369,9505.246525873778,5,Orta,49,1,2,1,1,Orta,SMS
YKM06332,37,121,18656.048847393573,31277.382093601984,6,Yuksek,32,0,0,1,1,Dusuk,SMS
YKM06333,49,62,77267.22825870359,14050.869895230753,1,Yuksek,39,0,0,1,1,Orta,Mobil_Bildirim
YKM06334,33,133,35153.80903571508,22134.78233284728,2,Dusuk,42,0,1,1,1,Yuksek,SMS
YKM06335,38,124,51325.93146867818,29521.849390373765,6,Orta,37,0,3,1,0,Yuksek,Mobil_Bildirim
YKM06336,45,27,42016.40391801297,20857.877990330788,6,Orta,35,0,2,1,1,Orta,Mobil_Bildirim
YKM06337,55,169,46105.027402576874,14157.00512492669,6,Yuksek,35,0,1,1,1,Yuksek,Mobil_Bildirim
YKM06338,64,34,43218.702122541945,73185.07185504313,2,Dusuk,45,0,2,1,0,Orta,SMS
YKM06339,43,88,69479.67020075407,26473.54788831623,6,Orta,49,0,2,1,1,Orta,Mobil_Bildirim
YKM06340,49,138,64456.80748477281,29611.757354117828,2,Yuksek,43,0,3,1,1,Orta,Eposta
YKM06341,63,174,53443.66842645676,17142.13726223586,1,Yuksek,39,0,1,1,0,Yuksek,Mobil_Bildirim
YKM06342,22,143,71770.77865931566,41237.74177612704,4,Dusuk,24,0,3,1,0,Yuksek,SMS
YKM06343,40,110,30253.042532932108,34589.196983067195,3,Orta,37,0,1,1,0,Yuksek,Mobil_Bildirim
YKM06344,57,109,29969.803915087134,18513.322472623393,6,Yuksek,32,0,1,1,1,Orta,Mobil_Bildirim
YKM06345,56,157,87347.63508901106,50636.50775165918,1,Orta,36,1,1,0,1,Yuksek,Eposta
YKM06346,50,96,60980.896916788784,12777.592891233433,4,Dusuk,39,1,0,1,1,Orta,Mobil_Bildirim
YKM06347,62,87,104682.91134594,18013.390782478557,3,Yuksek,51,0,1,0,1,Dusuk,SMS
YKM06348,53,82,70841.03601389356,14522.411398446073,5,Yuksek,40,0,0,1,0,Dusuk,Mobil_Bildirim
YKM06349,39,105,54465.41097755158,17283.52587084073,6,Orta,32,0,1,1,1,Yuksek,Mobil_Bildirim
YKM06350,50,164,44261.14492914067,33414.569968268304,2,Yuksek,39,0,0,1,0,Orta,SMS
YKM06351,58,30,65021.54774213657,85285.34989769194,1,Orta,31,1,3,1,1,Orta,Mobil_Bildirim
YKM06352,66,153,56003.67653456396,22791.519490599057,2,Dusuk,37,0,0,0,1,Yuksek,Mobil_Bildirim
YKM06353,55,93,25708.325720116896,38292.73789893753,2,Orta,37,0,0,1,0,Dusuk,Eposta
YKM06354,56,68,46267.018365820106,26506.537732925826,3,Orta,39,1,0,1,0,Dusuk,Eposta
YKM06355,52,102,19707.575446556722,13444.984742701823,6,Yuksek,35,0,1,0,1,Orta,SMS
YKM06356,26,136,37521.61959986932,29409.763097821055,6,Orta,37,0,1,1,1,Yuksek,Mobil_Bildirim
YKM06357,60,17,57639.60936962514,13702.15134455205,3,Dusuk,31,1,1,1,0,Yuksek,Mobil_Bildirim
YKM06358,60,12,99744.60794881926,34507.21114799179,4,Dusuk,28,0,1,1,1,Yuksek,Mobil_Bildirim
YKM06359,29,83,76259.84873960445,26731.08262892466,6,Dusuk,45,1,0,1,1,Yuksek,Mobil_Bildirim
YKM06360,68,142,53638.998099785334,23478.362193876954,3,Yuksek,42,1,2,1,1,Orta,Mobil_Bildirim
YKM06361,59,15,32091.543299018664,14028.446549981467,2,Orta,38,0,1,1,0,Dusuk,SMS
YKM06362,50,26,67374.77974249003,42682.19868503755,2,Orta,48,0,0,1,1,Orta,Mobil_Bildirim
YKM06363,66,78,38103.78497408166,49950.90902794435,6,Orta,36,0,1,0,0,Orta,SMS
YKM06364,52,59,47110.7951054792,49875.07055814358,3,Orta,37,0,1,1,1,Orta,SMS
YKM06365,66,152,48379.502157468516,11490.48779700328,3,Dusuk,47,0,1,0,1,Dusuk,Mobil_Bildirim
YKM06366,50,132,61521.87232293388,21943.736017886848,5,Orta,24,0,2,1,1,Yuksek,Mobil_Bildirim
YKM06367,62,50,65091.81445666739,21654.973186320636,4,Orta,18,0,0,1,0,Yuksek,Eposta
YKM06368,40,17,34847.79777467281,27762.233473203898,2,Yuksek,28,0,0,0,1,Orta,SMS
YKM06369,22,163,61450.54374627563,22094.555840209137,2,Orta,40,1,2,0,0,Dusuk,Mobil_Bildirim
YKM06370,40,58,35798.922644727725,12475.79547802565,6,Yuksek,19,0,2,0,1,Yuksek,Mobil_Bildirim
YKM06371,39,33,59537.907602972395,46566.58004879691,3,Orta,40,1,1,1,0,Yuksek,SMS
YKM06372,67,132,31610.002602609296,25665.05232039348,5,Orta,35,0,0,1,1,Yuksek,Mobil_Bildirim
YKM06373,52,59,33263.67548990788,28929.541777391456,3,Dusuk,29,0,0,1,0,Orta,SMS
YKM06374,48,88,76293.39131975376,27495.114555919215,2,Dusuk,52,0,2,1,1,Dusuk,Mobil_Bildirim
YKM06375,22,74,28241.48522739532,28994.68471584738,5,Orta,45,1,1,1,1,Orta,SMS
YKM06376,42,178,40530.580499055104,30408.30036664984,1,Orta,46,0,0,1,0,Orta,Mobil_Bildirim
YKM06377,56,6,60382.960594363765,16577.233017253646,4,Orta,30,0,2,1,1,Orta,SMS
YKM06378,22,138,55493.74375543507,21198.41671330161,3,Orta,39,0,1,1,1,Orta,Mobil_Bildirim
YKM06379,35,172,44618.54542274204,36991.44875644923,6,Dusuk,38,0,3,1,0,Yuksek,Eposta
YKM06380,58,84,47936.60932710461,34089.34124422272,4,Dusuk,32,0,2,1,1,Orta,SMS
YKM06381,52,54,59865.826633397104,14986.352018372085,5,Dusuk,32,1,4,1,1,Yuksek,Eposta
YKM06382,39,63,59364.55802533799,8133.459122302503,4,Dusuk,44,1,2,1,0,Orta,Mobil_Bildirim
YKM06383,38,74,87706.68689322592,28145.776414166234,1,Orta,37,1,3,1,0,Orta,Mobil_Bildirim
YKM06384,27,12,47138.53607353871,20347.865890906687,6,Dusuk,24,0,1,1,1,Yuksek,SMS
YKM06385,58,121,27337.97611996814,15545.800789058883,4,Orta,29,0,1,1,0,Yuksek,Mobil_Bildirim
YKM06386,50,25,70149.09437087899,20474.608933724478,3,Yuksek,38,0,1,1,1,Yuksek,Eposta
YKM06387,58,6,36231.67975525934,56926.69457108437,3,Orta,43,0,3,1,0,Dusuk,SMS
YKM06388,63,134,23321.699508314254,8704.216356529421,6,Orta,45,1,0,1,1,Dusuk,SMS
YKM06389,29,96,53312.673125861686,120805.86440982496,4,Orta,38,0,0,1,1,Yuksek,Mobil_Bildirim
YKM06390,41,133,31705.503288083466,12820.948822909833,2,Orta,25,0,1,1,1,Dusuk,Eposta
YKM06391,51,63,55482.05116568587,22424.771973511622,5,Dusuk,36,0,0,1,0,Orta,SMS
YKM06392,44,120,22590.180526108245,32910.540932809985,4,Orta,49,1,0,1,0,Yuksek,Eposta
YKM06393,39,130,87463.72010262377,14662.06864635334,6,Orta,33,0,1,1,1,Yuksek,Mobil_Bildirim
YKM06394,49,172,48137.14095768921,54211.9531862888,5,Orta,37,0,2,1,1,Orta,SMS
YKM06395,34,65,48113.6937135243,24511.722817512873,6,Orta,37,0,1,1,0,Orta,Mobil_Bildirim
YKM06396,52,1,18442.810138274395,12979.427714017133,6,Yuksek,34,0,1,0,1,Orta,SMS
YKM06397,63,78,41544.91992015373,28706.3129912436,6,Dusuk,32,0,1,1,1,Yuksek,Mobil_Bildirim
YKM06398,33,48,88962.79583765584,43788.70403644333,3,Yuksek,41,0,1,1,1,Yuksek,Mobil_Bildirim
YKM06399,48,143,17154.91634526149,34895.244162363604,1,Orta,29,0,4,1,0,Orta,SMS
YKM06400,37,169,18793.740061058947,44971.587166061465,6,Dusuk,37,0,2,1,1,Dusuk,SMS
YKM06401,53,15,57181.26191691015,24074.76801857845,2,Yuksek,21,0,1,1,1,Orta,Mobil_Bildirim
YKM06402,54,123,55309.97557972901,10443.18438304489,3,Dusuk,32,0,1,1,0,Orta,Mobil_Bildirim
YKM06403,37,97,54095.985445021055,16891.18945765103,3,Yuksek,52,1,0,1,1,Orta,SMS
YKM06404,61,119,41620.442337274835,22435.888044683434,6,Yuksek,37,0,0,1,1,Orta,Mobil_Bildirim
YKM06405,49,37,25614.42806490883,40441.89840856718,1,Yuksek,35,1,2,1,1,Dusuk,Mobil_Bildirim
YKM06406,66,81,92503.44513986845,15879.547633708557,1,Yuksek,45,0,0,1,1,Yuksek,SMS
YKM06407,44,20,20485.39122599628,15098.144769391023,1,Orta,32,0,3,0,0,Yuksek,Mobil_Bildirim
YKM06408,44,102,52984.082842261254,23448.40478180399,6,Orta,36,0,1,1,1,Yuksek,Eposta
YKM06409,19,36,39718.7937719305,13622.056569369905,5,Dusuk,49,1,2,1,1,Dusuk,Mobil_Bildirim
YKM06410,65,152,36157.95244159044,48091.087804913535,2,Orta,56,0,3,0,0,Yuksek,Mobil_Bildirim
YKM06411,71,53,65877.26279633075,18470.90314389793,5,Dusuk,34,0,2,1,1,Orta,SMS
YKM06412,43,136,39223.89350930312,18783.450987791144,2,Yuksek,43,0,0,1,1,Dusuk,Eposta
YKM06413,39,149,43884.59781867592,76489.42568972864,2,Dusuk,55,0,0,1,1,Orta,Eposta
YKM06414,68,6,17536.656772468847,38265.60242056413,3,Orta,38,0,1,1,1,Dusuk,SMS
YKM06415,54,71,29413.576961756295,29357.515217884713,6,Yuksek,50,0,5,1,0,Yuksek,SMS
YKM06416,49,55,54287.871499237546,12061.684289889386,2,Yuksek,39,0,0,1,0,Yuksek,SMS
YKM06417,36,56,98074.17030354394,19867.444139867777,4,Yuksek,32,0,2,1,1,Yuksek,SMS
YKM06418,57,29,39539.17135408747,28818.21382123124,2,Dusuk,34,0,0,1,0,Orta,Mobil_Bildirim
YKM06419,66,19,49446.63787741699,45813.33830912915,3,Orta,36,0,1,1,1,Orta,Mobil_Bildirim
YKM06420,56,31,49192.45447849036,15644.904227153127,4,Orta,40,0,0,1,1,Dusuk,Mobil_Bildirim
YKM06421,60,25,93370.46800641017,15991.785286973318,4,Dusuk,27,0,3,1,1,Yuksek,Mobil_Bildirim
YKM06422,33,166,32200.31958431257,4813.88715413589,2,Dusuk,33,0,1,0,1,Orta,SMS
YKM06423,41,31,26974.770563297814,21447.00876955693,6,Yuksek,43,0,0,0,1,Yuksek,Mobil_Bildirim
YKM06424,55,153,66660.24983636741,41348.45171537389,5,Yuksek,31,1,2,1,1,Dusuk,SMS
YKM06425,42,166,43447.94342028652,57099.70184356308,6,Dusuk,35,0,1,1,1,Yuksek,SMS
YKM06426,53,175,75536.30754348505,36420.73118064687,1,Orta,41,0,0,0,0,Yuksek,SMS
YKM06427,23,175,56439.82622334122,36507.6799776244,6,Dusuk,29,1,1,0,1,Orta,Mobil_Bildirim
YKM06428,32,58,73875.48916157476,23828.573533123123,3,Yuksek,30,1,1,1,1,Yuksek,SMS
YKM06429,40,123,81169.55754448066,28314.880874345617,3,Orta,50,1,3,1,1,Orta,SMS
YKM06430,32,113,49080.075788748836,45152.042168857304,4,Yuksek,47,1,1,0,1,Yuksek,Mobil_Bildirim
YKM06431,50,61,75999.44417622057,131490.94210887825,2,Yuksek,33,0,1,1,0,Dusuk,SMS
YKM06432,31,118,35115.08590179189,9011.37596138754,2,Yuksek,44,1,1,1,0,Orta,Mobil_Bildirim
YKM06433,44,15,101533.3191680957,43774.19636809336,2,Orta,41,1,3,1,1,Orta,Eposta
YKM06434,32,64,37662.350592087714,20559.588876158774,1,Orta,50,1,2,1,1,Orta,Mobil_Bildirim
YKM06435,62,109,27814.47539606542,12641.996615489643,1,Orta,30,0,4,1,1,Yuksek,Mobil_Bildirim
YKM06436,69,163,36492.102863323795,40187.13706976366,3,Yuksek,40,0,2,1,1,Dusuk,SMS
YKM06437,31,169,28176.66778444374,64654.218150231885,5,Orta,47,0,0,1,0,Yuksek,SMS
YKM06438,50,108,44487.559403414874,84554.44183794608,6,Orta,39,0,1,1,1,Yuksek,SMS
YKM06439,22,24,90623.52566422024,37953.0184691013,2,Orta,42,0,2,0,1,Orta,Mobil_Bildirim
YKM06440,52,47,25686.862979124067,21084.936072813027,5,Orta,29,0,0,1,0,Yuksek,Mobil_Bildirim
YKM06441,31,52,24963.702891938476,20908.99770093967,4,Orta,32,0,1,1,1,Yuksek,SMS
YKM06442,67,138,38155.37744374288,20201.661807887438,5,Orta,37,0,1,0,0,Orta,SMS
YKM06443,63,17,40957.061754232825,35404.39085024314,1,Orta,49,0,2,1,1,Orta,Eposta
YKM06444,61,130,71321.28820258762,24839.373246563595,4,Orta,33,0,0,1,1,Orta,SMS
YKM06445,22,30,166527.91941206643,60787.46183717601,1,Dusuk,29,0,3,1,1,Orta,SMS
YKM06446,58,125,23724.99593432087,28874.49518361498,4,Yuksek,37,0,4,0,1,Yuksek,Eposta
YKM06447,64,98,82099.20775497658,13826.329813974575,1,Yuksek,42,0,0,1,1,Orta,Eposta
YKM06448,22,112,30266.030423500222,20986.776856021028,5,Yuksek,44,1,1,1,0,Dusuk,Mobil_Bildirim
YKM06449,24,127,56081.678449850384,36480.50756933553,6,Orta,33,0,4,0,0,Dusuk,SMS
YKM06450,29,39,47686.154456373435,22655.552745376175,5,Dusuk,26,0,3,1,1,Dusuk,Mobil_Bildirim
YKM06451,59,124,50390.26291611578,14929.389219132054,3,Yuksek,43,0,2,1,0,Dusuk,SMS
YKM06452,64,160,74305.45583628118,25723.532242136604,2,Orta,36,0,1,1,0,Dusuk,Mobil_Bildirim
YKM06453,35,85,25261.389573877896,25788.48578782731,2,Orta,34,1,1,1,0,Orta,Mobil_Bildirim
YKM06454,38,44,51176.14884116797,12668.18828359633,4,Yuksek,32,0,1,1,1,Yuksek,Mobil_Bildirim
YKM06455,21,106,53415.74042157698,25624.313775737617,4,Orta,34,1,2,1,1,Yuksek,Mobil_Bildirim
YKM06456,60,76,65624.50972309061,16051.222829667868,4,Orta,38,0,2,1,1,Yuksek,Mobil_Bildirim
YKM06457,40,171,26816.30813050073,8982.178458414273,2,Orta,37,0,4,1,0,Yuksek,Eposta
YKM06458,33,64,49065.88625968542,23907.955343111284,4,Orta,46,1,1,1,0,Yuksek,Mobil_Bildirim
YKM06459,34,28,25843.19201264872,36568.60078879596,2,Yuksek,25,0,0,0,1,Orta,Eposta
YKM06460,55,125,58001.56219245784,20712.370547697883,4,Dusuk,41,0,2,1,1,Dusuk,Mobil_Bildirim
YKM06461,35,72,42877.50020849233,9251.976206935844,2,Orta,33,0,1,0,1,Dusuk,Mobil_Bildirim
YKM06462,38,33,29780.916078518603,45050.792440313526,3,Orta,39,0,1,1,0,Dusuk,Mobil_Bildirim
YKM06463,23,75,36826.44382622822,7851.428839717879,4,Yuksek,38,0,3,1,1,Yuksek,SMS
YKM06464,24,157,45432.20368134423,16413.133736838005,6,Yuksek,37,0,1,0,1,Orta,Mobil_Bildirim
YKM06465,62,1,55994.09740223406,10317.852902726323,4,Dusuk,38,1,0,1,0,Orta,SMS
YKM06466,63,176,32709.417332210724,9718.741732467646,1,Yuksek,22,0,1,1,0,Orta,Mobil_Bildirim
YKM06467,42,48,38733.40671152779,28365.203017157644,4,Dusuk,34,0,0,1,0,Orta,SMS
YKM06468,34,79,22362.93906773667,39706.42713798043,4,Orta,38,1,2,0,1,Orta,SMS
YKM06469,39,116,49119.81832837541,35768.34074900119,2,Yuksek,39,0,1,1,0,Yuksek,SMS
YKM06470,34,148,41844.997360976464,48650.47836344816,5,Orta,40,0,2,1,1,Orta,SMS
YKM06471,23,99,28041.954410582242,58723.963568931875,1,Dusuk,48,1,2,1,1,Orta,SMS
YKM06472,45,104,37590.74080873821,21985.225264758305,3,Yuksek,39,0,1,1,0,Yuksek,SMS
YKM06473,42,119,59197.426956596864,28324.48186801473,6,Yuksek,31,0,4,0,1,Dusuk,SMS
YKM06474,60,127,19636.05945592095,26563.871552960925,3,Orta,43,1,3,1,0,Orta,Eposta
YKM06475,41,181,35657.33289470669,12010.449823208786,5,Orta,37,0,2,1,1,Yuksek,Eposta
YKM06476,41,25,64226.935949224135,17592.982590247124,3,Orta,47,0,1,1,0,Yuksek,SMS
YKM06477,29,26,43602.250269029086,35745.74696596952,2,Orta,29,0,0,1,1,Yuksek,Mobil_Bildirim
YKM06478,37,60,69738.27449609252,15953.075924292803,5,Dusuk,37,1,2,0,1,Orta,SMS
YKM06479,27,36,70079.17791020771,27876.216966013533,3,Dusuk,33,0,1,1,0,Orta,Mobil_Bildirim
YKM06480,32,39,37834.93184533259,64622.446318578346,5,Yuksek,33,1,0,0,1,Dusuk,SMS
YKM06481,34,132,10670.314562473612,32889.657293322845,6,Dusuk,36,1,2,0,1,Yuksek,SMS
YKM06482,43,60,35896.79475052265,26411.5664318942,5,Orta,40,0,3,0,1,Yuksek,SMS
YKM06483,62,37,58809.468618735526,26894.79121131186,3,Orta,54,0,3,1,0,Orta,Eposta
YKM06484,29,153,28502.495700319858,26236.66850115026,4,Orta,45,1,2,1,0,Orta,SMS
YKM06485,43,8,44709.30766957361,21691.762711127652,3,Yuksek,35,0,2,1,1,Orta,SMS
YKM06486,32,73,58738.362672306874,20914.606171232976,1,Dusuk,45,0,1,0,1,Orta,SMS
YKM06487,51,159,73486.91077166062,26841.71763063601,2,Orta,29,0,5,0,1,Yuksek,Mobil_Bildirim
YKM06488,33,75,43321.87596521456,19864.851673268837,3,Orta,38,0,2,1,0,Yuksek,Mobil_Bildirim
YKM06489,43,182,85225.35995936769,24404.88131804284,6,Orta,47,0,2,1,1,Yuksek,Mobil_Bildirim
YKM06490,65,48,74076.69573825676,17289.475433250434,5,Dusuk,33,1,2,1,0,Orta,Mobil_Bildirim
YKM06491,40,62,29324.400449470566,44159.18775133033,1,Orta,37,1,0,1,1,Yuksek,Mobil_Bildirim
YKM06492,53,137,59909.340115208186,21466.317134939294,6,Orta,40,1,3,1,1,Orta,SMS
YKM06493,60,179,17974.326472069166,19908.952517479993,6,Dusuk,42,1,2,1,1,Yuksek,SMS
YKM06494,69,112,51606.288185997444,21018.204604465318,1,Orta,43,0,1,0,0,Orta,Mobil_Bildirim
YKM06495,22,80,31299.954696982768,19433.898320740234,6,Dusuk,31,1,1,1,0,Orta,Mobil_Bildirim
YKM06496,25,106,19778.252523967327,13876.390151932443,2,Orta,40,0,1,0,0,Orta,Mobil_Bildirim
YKM06497,51,65,56356.10199496865,32426.949404367126,2,Dusuk,34,0,1,1,1,Orta,Mobil_Bildirim
YKM06498,66,55,61885.37555224275,29310.042992334016,4,Orta,39,1,0,1,1,Orta,Mobil_Bildirim
YKM06499,67,102,53383.48226721788,40742.80824397159,3,Orta,37,0,1,1,0,Yuksek,SMS
YKM06500,65,71,48248.44802239125,50231.729825331335,1,Dusuk,33,0,1,1,0,Orta,Mobil_Bildirim
YKM06501,68,109,34714.10188514903,19114.7711984498,1,Yuksek,40,0,1,1,1,Orta,SMS
YKM06502,48,32,25792.856508540506,35432.93959417917,6,Yuksek,47,0,1,1,1,Orta,Mobil_Bildirim
YKM06503,29,187,69501.79295527903,62146.75039243744,3,Dusuk,30,1,1,1,1,Yuksek,SMS
YKM06504,37,14,61894.930733934794,25349.070479610844,5,Dusuk,40,0,0,1,0,Orta,Mobil_Bildirim
YKM06505,40,21,60647.125305880705,34477.84408603183,4,Orta,42,0,1,1,0,Orta,Eposta
YKM06506,53,165,41680.66142170119,19620.826811686966,2,Yuksek,45,0,3,1,1,Orta,Mobil_Bildirim
YKM06507,43,77,48482.70251750137,24451.02868861216,4,Orta,43,0,0,1,1,Yuksek,Mobil_Bildirim
YKM06508,27,137,69881.0003689678,76107.46945834992,5,Orta,31,1,1,0,1,Orta,SMS
YKM06509,24,34,28683.42763574947,19204.891805712155,6,Dusuk,47,1,1,1,1,Yuksek,SMS
YKM06510,27,84,84506.34344560056,32566.938095571248,5,Dusuk,24,0,1,1,1,Yuksek,SMS
YKM06511,42,67,121916.42401930862,28516.54102545744,4,Yuksek,47,0,2,1,1,Yuksek,SMS
YKM06512,34,67,41034.047110995816,11567.277228848874,2,Dusuk,50,0,2,0,1,Yuksek,Mobil_Bildirim
YKM06513,40,143,27143.921103152086,14247.728085064111,1,Dusuk,45,1,1,0,1,Yuksek,Mobil_Bildirim
YKM06514,61,181,21589.76288226029,34316.027663090645,4,Dusuk,26,0,4,1,0,Yuksek,SMS
YKM06515,37,51,52918.910216993536,23292.077864736028,5,Dusuk,32,0,2,1,1,Orta,SMS
YKM06516,43,128,97016.33859515512,91416.31006477005,5,Dusuk,25,0,1,1,1,Yuksek,Mobil_Bildirim
YKM06517,55,128,47872.97186467163,26047.071877427275,2,Yuksek,48,0,2,0,0,Dusuk,SMS
YKM06518,33,163,25855.937901808175,27984.3543522678,4,Dusuk,39,0,2,1,1,Yuksek,Mobil_Bildirim
YKM06519,56,86,54258.0181075907,8558.298590241542,2,Orta,34,1,0,1,1,Yuksek,SMS
YKM06520,22,49,74277.25499769545,14066.898445857274,4,Orta,35,0,2,0,0,Orta,SMS
YKM06521,36,192,19556.457931912584,20310.998699374624,1,Yuksek,36,0,2,1,1,Yuksek,SMS
YKM06522,52,121,39761.95770149048,21247.78498326333,1,Yuksek,27,1,0,0,1,Orta,SMS
YKM06523,70,170,59826.73700955553,42721.07461347301,3,Orta,30,0,2,1,0,Dusuk,Mobil_Bildirim
YKM06524,34,173,26906.62707369532,27417.544594463357,4,Orta,39,1,1,0,1,Orta,Mobil_Bildirim
YKM06525,30,158,17264.195855711696,27492.823452542358,5,Orta,34,0,1,0,0,Dusuk,SMS
YKM06526,40,66,31230.51368061948,37393.56057284576,3,Orta,29,0,1,1,0,Yuksek,Mobil_Bildirim
YKM06527,45,125,42071.3003186896,15642.041795968007,1,Yuksek,37,0,3,1,1,Dusuk,SMS
YKM06528,40,100,30181.35816269346,64658.24693229771,5,Yuksek,39,0,4,1,1,Dusuk,Mobil_Bildirim
YKM06529,25,86,30654.50276502218,25153.19178340721,5,Yuksek,39,0,0,1,1,Yuksek,Eposta
YKM06530,51,176,46407.2440438799,17994.604900825638,2,Yuksek,55,1,2,1,1,Orta,Mobil_Bildirim
YKM06531,54,168,109574.82697664762,32209.681234398457,3,Yuksek,50,0,3,0,0,Orta,SMS
YKM06532,55,158,169798.09588307785,37186.8897775415,1,Orta,36,0,0,1,1,Orta,Mobil_Bildirim
YKM06533,23,56,82981.94675238756,17598.049122893517,5,Yuksek,50,0,1,1,0,Dusuk,Mobil_Bildirim
YKM06534,51,133,22149.11310556101,20343.207991834093,1,Orta,30,0,2,1,1,Orta,Mobil_Bildirim
YKM06535,31,47,51212.09271355029,16119.729297740805,3,Yuksek,44,0,0,1,1,Orta,SMS
YKM06536,60,7,47192.69832217222,23845.956737443594,1,Dusuk,42,0,1,1,1,Orta,Mobil_Bildirim
YKM06537,61,136,26641.30516824517,26234.54966671581,4,Yuksek,23,0,2,1,1,Orta,Mobil_Bildirim
YKM06538,64,144,54633.01659175729,22653.647381479324,1,Orta,37,0,0,0,0,Yuksek,Mobil_Bildirim
YKM06539,68,35,37095.6904932047,14693.938616827509,4,Yuksek,48,0,0,1,0,Orta,Mobil_Bildirim
YKM06540,41,87,19342.22151717056,9536.905513602956,5,Orta,37,0,0,1,1,Orta,Mobil_Bildirim
YKM06541,60,20,49551.732999475156,33481.21846091063,5,Orta,39,0,1,1,1,Yuksek,Eposta
YKM06542,68,107,62987.07452157325,22511.01047005561,2,Orta,32,0,2,0,1,Dusuk,SMS
YKM06543,57,139,48511.60426468785,18341.945563120873,5,Dusuk,52,1,4,1,0,Yuksek,SMS
YKM06544,44,84,40642.886405335,16948.986170332944,6,Orta,53,1,2,1,0,Orta,SMS
YKM06545,40,42,61589.46681045506,31687.05692288066,6,Dusuk,47,1,1,0,0,Yuksek,SMS
YKM06546,26,46,37324.25664733357,37089.292649289324,2,Dusuk,33,0,0,1,0,Yuksek,Mobil_Bildirim
YKM06547,45,158,61294.72737985275,22728.056791358536,1,Orta,54,0,0,1,1,Orta,Mobil_Bildirim
YKM06548,53,103,75450.29048770673,41699.2214850765,3,Dusuk,35,0,1,0,1,Dusuk,SMS
YKM06549,62,125,57869.511559083985,33287.27764490025,1,Orta,40,0,1,1,1,Yuksek,Mobil_Bildirim
YKM06550,40,175,117224.35987041442,36808.95443563285,3,Orta,39,1,0,1,0,Orta,Mobil_Bildirim
YKM06551,21,20,95553.88015305951,30507.633720950496,2,Orta,44,0,1,1,0,Dusuk,Eposta
YKM06552,31,82,74611.53128467644,24151.62978677137,2,Dusuk,43,1,3,1,1,Yuksek,SMS
YKM06553,64,167,27601.296511424487,88517.14550239554,4,Dusuk,46,1,3,1,1,Orta,Mobil_Bildirim
YKM06554,48,152,68500.05421536414,51042.504970296126,5,Yuksek,40,0,0,0,1,Yuksek,SMS
YKM06555,46,8,47181.84746509091,44524.32677310462,6,Yuksek,31,1,0,1,1,Dusuk,Mobil_Bildirim
YKM06556,38,154,15521.420732662333,22902.602317941593,5,Yuksek,47,0,1,0,1,Yuksek,SMS
YKM06557,37,8,30440.956585469514,11102.526935044667,3,Yuksek,38,1,2,0,0,Orta,Mobil_Bildirim
YKM06558,35,84,38724.67828074583,19083.976867038604,3,Dusuk,32,0,0,0,1,Dusuk,SMS
YKM06559,47,49,42300.11692865462,47076.76507907669,4,Yuksek,41,1,1,1,0,Orta,SMS
YKM06560,34,103,48082.78764755231,53472.58945178983,6,Dusuk,40,0,3,1,1,Orta,SMS
YKM06561,39,29,68268.2765149266,22388.08773242471,3,Dusuk,34,1,0,0,1,Dusuk,Mobil_Bildirim
YKM06562,20,58,25905.196987984003,73344.84524843981,1,Orta,44,0,1,1,1,Orta,Eposta
YKM06563,43,106,61202.66760963662,36056.30492206757,4,Orta,37,1,2,1,1,Orta,SMS
YKM06564,37,85,33725.14862574541,8430.193168885073,5,Yuksek,30,1,1,1,0,Dusuk,Mobil_Bildirim
YKM06565,70,145,98822.80137746708,20704.647261749382,5,Yuksek,33,0,0,1,0,Orta,Mobil_Bildirim
YKM06566,46,20,16932.122947869637,12255.829036105984,1,Orta,32,0,3,0,0,Yuksek,Mobil_Bildirim
YKM06567,68,95,32420.8971466035,19828.241720092545,2,Yuksek,26,0,1,1,0,Yuksek,SMS
YKM06568,22,20,70890.50705512281,23020.823607071376,2,Orta,46,1,1,1,0,Yuksek,Eposta
YKM06569,40,177,39587.15007448702,26054.227555071946,1,Orta,40,0,0,1,1,Yuksek,Eposta
YKM06570,19,151,64758.13274370424,11649.677651967362,5,Yuksek,54,0,1,0,1,Orta,Mobil_Bildirim
YKM06571,67,122,57220.56074220989,22966.569990102304,4,Dusuk,34,0,2,0,1,Dusuk,SMS
YKM06572,40,130,37992.0235842903,16429.05375697684,3,Dusuk,32,1,5,1,1,Yuksek,SMS
YKM06573,38,105,55010.42004617037,65150.94363596509,6,Yuksek,33,0,1,1,1,Dusuk,Mobil_Bildirim
YKM06574,22,29,30964.107876681195,53314.641674715334,1,Yuksek,43,0,1,1,1,Orta,SMS
YKM06575,31,157,40037.30926179941,41530.64182780636,2,Dusuk,44,0,1,1,1,Dusuk,Eposta
YKM06576,52,148,71668.37524175219,41278.643703769456,6,Orta,44,0,1,1,1,Yuksek,SMS
YKM06577,46,178,55510.614759692,9900.738541734063,3,Dusuk,46,0,0,1,0,Yuksek,Mobil_Bildirim
YKM06578,19,107,60208.914760021675,54929.57360116416,1,Dusuk,30,1,4,1,1,Yuksek,Eposta
YKM06579,58,64,62661.173735165474,38059.83673616535,4,Orta,37,1,3,1,1,Yuksek,SMS
YKM06580,43,128,36548.01446014933,34634.610785556506,1,Orta,43,0,4,1,1,Yuksek,SMS
YKM06581,57,118,35378.00231172734,51405.50885884419,6,Orta,28,0,2,1,1,Orta,SMS
YKM06582,26,161,64932.85587584685,66164.0027082128,3,Orta,31,0,3,1,1,Orta,Eposta
YKM06583,46,144,62394.421409151095,16090.255357053511,5,Yuksek,35,1,3,0,1,Orta,Mobil_Bildirim
YKM06584,51,173,41337.661810977865,62879.97604017112,2,Dusuk,33,0,3,1,1,Dusuk,Mobil_Bildirim
YKM06585,38,154,21529.6323770141,28425.215018931485,5,Dusuk,39,1,0,1,0,Orta,SMS
YKM06586,28,1,32958.83524533515,21376.709974409016,1,Orta,40,0,2,1,1,Dusuk,Eposta
YKM06587,28,66,112581.40195208052,37482.24696905279,1,Orta,36,0,1,0,0,Yuksek,Mobil_Bildirim
YKM06588,57,1,21036.59409420794,39014.210471314786,5,Yuksek,35,1,1,1,0,Yuksek,Mobil_Bildirim
YKM06589,61,3,48176.45123916719,21787.627534982323,3,Yuksek,41,1,1,1,0,Dusuk,Eposta
YKM06590,68,178,25553.86048637779,43163.83226894578,5,Yuksek,40,1,0,1,0,Orta,Eposta
YKM06591,62,1,40224.458553079305,38229.76675507771,3,Orta,26,0,1,1,1,Orta,Mobil_Bildirim
YKM06592,40,152,64185.566012421696,42762.05994378801,2,Orta,39,0,0,1,1,Orta,SMS
YKM06593,57,171,63522.228009906554,21155.7867461773,2,Orta,32,0,4,1,1,Orta,Mobil_Bildirim
YKM06594,27,116,39798.92831949341,25438.412460076015,3,Yuksek,38,1,0,1,1,Orta,Mobil_Bildirim
YKM06595,23,80,36798.770752790224,46448.081465417956,2,Orta,37,1,1,0,0,Orta,Mobil_Bildirim
YKM06596,63,125,22943.326237142286,25350.554954278574,4,Dusuk,38,1,1,1,1,Orta,SMS
YKM06597,28,171,39520.80685505966,31716.104647453165,2,Yuksek,41,0,3,0,1,Orta,SMS
YKM06598,69,154,16036.805063169979,24693.229154919503,2,Yuksek,40,0,1,1,1,Orta,Eposta
YKM06599,49,53,33006.99229676053,68049.02593377129,1,Dusuk,34,0,2,1,0,Yuksek,SMS
YKM06600,63,91,42142.89455726357,25459.51525056014,1,Dusuk,50,1,1,0,1,Yuksek,SMS
YKM06601,34,141,120108.80519906968,18175.95549074347,6,Yuksek,35,1,2,1,1,Dusuk,SMS
YKM06602,49,14,31122.562783637215,12464.407233625801,1,Orta,48,1,1,1,1,Dusuk,Mobil_Bildirim
YKM06603,50,91,37784.08943579722,14863.311196565965,5,Yuksek,35,1,1,1,1,Yuksek,Mobil_Bildirim
YKM06604,64,173,29153.44276376132,12776.901714315158,4,Orta,47,0,1,1,1,Yuksek,Mobil_Bildirim
YKM06605,66,147,22138.716592161443,34537.073599799856,6,Dusuk,53,0,0,1,0,Yuksek,SMS
YKM06606,40,167,55939.05637880451,20248.312528953425,2,Dusuk,31,0,5,1,1,Yuksek,SMS
YKM06607,28,76,36037.80490734831,35031.742933541806,2,Orta,36,0,1,1,1,Yuksek,Mobil_Bildirim
YKM06608,23,150,35819.22258349844,17168.812285514356,4,Orta,45,0,1,0,1,Yuksek,Eposta
YKM06609,22,61,45210.77093602694,33457.98765213228,2,Orta,27,0,1,1,0,Dusuk,SMS
YKM06610,53,28,51543.634782146335,20138.26395586603,1,Yuksek,37,0,3,1,1,Orta,SMS
YKM06611,44,36,51448.32244750189,20508.247490646227,4,Dusuk,40,0,2,1,0,Dusuk,Mobil_Bildirim
YKM06612,56,33,51498.5385316443,27809.099861462426,1,Dusuk,45,0,2,1,1,Orta,Eposta
YKM06613,57,10,57763.97949509869,8613.21975048182,1,Orta,43,0,2,1,1,Yuksek,Mobil_Bildirim
YKM06614,22,46,63630.648448219734,10783.61555038405,1,Orta,28,0,2,1,1,Orta,Eposta
YKM06615,68,42,45462.200228371716,19014.89416079045,2,Orta,46,0,0,1,0,Yuksek,Mobil_Bildirim
YKM06616,58,76,65432.71478396749,38418.0415771922,6,Orta,35,0,4,1,1,Orta,Mobil_Bildirim
YKM06617,38,105,40677.85331251945,43191.0592186246,5,Orta,47,1,2,0,1,Yuksek,Mobil_Bildirim
YKM06618,49,105,46572.591591536664,20567.46115996804,3,Orta,37,0,1,1,1,Yuksek,Eposta
YKM06619,60,69,51901.55217409021,22125.120918032306,4,Dusuk,47,1,0,0,0,Yuksek,SMS
YKM06620,54,45,21030.49866085938,34962.47640479555,1,Dusuk,32,0,0,1,1,Yuksek,Mobil_Bildirim
YKM06621,57,126,37731.57875699424,28640.31946863347,6,Yuksek,53,1,0,1,1,Yuksek,SMS
YKM06622,21,45,39144.979720432086,25865.543917346393,4,Orta,43,0,3,1,1,Orta,Mobil_Bildirim
YKM06623,56,79,111508.52211684448,20302.289616524908,3,Orta,39,0,2,1,0,Orta,SMS
YKM06624,27,139,104139.46719407676,22758.186391702766,1,Orta,38,0,2,1,1,Orta,SMS
YKM06625,49,129,15449.458495824543,21616.22400876595,5,Dusuk,38,0,1,1,1,Orta,Mobil_Bildirim
YKM06626,47,27,44557.2188845961,24461.39897410913,5,Yuksek,46,0,3,1,1,Yuksek,Eposta
YKM06627,61,120,42589.16457954117,18282.727302849726,3,Yuksek,42,0,0,1,0,Yuksek,Mobil_Bildirim
YKM06628,41,18,47024.671025562304,16058.214454111834,2,Orta,37,0,2,1,1,Yuksek,Mobil_Bildirim
YKM06629,63,160,42479.89485280141,17607.598789356904,1,Dusuk,34,0,1,1,1,Yuksek,Mobil_Bildirim
YKM06630,55,22,48663.29585586225,11909.929267867456,3,Orta,31,1,0,1,1,Orta,Mobil_Bildirim
YKM06631,52,95,40080.85387390015,62321.229907852416,1,Orta,34,1,1,1,1,Yuksek,Mobil_Bildirim
YKM06632,52,165,45618.27915480343,85718.67905197316,4,Yuksek,38,1,1,1,1,Yuksek,Mobil_Bildirim
YKM06633,57,154,49894.73155412468,27506.61387358879,1,Dusuk,47,0,2,0,1,Orta,Mobil_Bildirim
YKM06634,40,136,25961.217708762044,18582.44834167756,5,Orta,48,0,1,1,1,Yuksek,Mobil_Bildirim
YKM06635,59,144,51845.183493122575,29359.682356755915,2,Dusuk,35,0,0,1,0,Orta,SMS
YKM06636,38,43,71452.95403563243,40160.52051140929,1,Orta,37,1,2,1,0,Yuksek,SMS
YKM06637,48,155,74626.57525684634,18249.89097263448,4,Orta,45,0,3,1,1,Orta,Eposta
YKM06638,45,96,39850.84312247767,17205.380004908748,4,Yuksek,44,0,1,0,1,Yuksek,Mobil_Bildirim
YKM06639,62,74,40832.21717016543,24841.57906786511,2,Orta,34,1,1,1,0,Yuksek,Mobil_Bildirim
YKM06640,67,138,67289.84434916366,16675.396917347425,6,Orta,31,0,1,0,0,Dusuk,Eposta
YKM06641,24,7,36602.47070584134,22115.861257199234,1,Dusuk,37,0,5,1,1,Yuksek,SMS
YKM06642,34,98,78903.8421466145,8655.178283278792,2,Orta,44,0,0,1,0,Orta,Mobil_Bildirim
YKM06643,67,127,49851.95826351451,13447.942311365772,1,Dusuk,28,0,1,0,1,Yuksek,Eposta
YKM06644,25,18,50070.693899505924,20076.28358902079,1,Dusuk,52,1,2,0,1,Yuksek,Eposta
YKM06645,53,142,30886.710200184018,39285.2683492457,2,Yuksek,43,0,0,1,0,Yuksek,Mobil_Bildirim
YKM06646,29,59,103789.48973895941,31459.17990485417,1,Dusuk,46,0,0,1,1,Yuksek,SMS
YKM06647,56,169,148670.0081136365,15996.465624162325,3,Dusuk,38,0,1,0,0,Yuksek,Mobil_Bildirim
YKM06648,56,175,80493.31370978296,31535.68342666287,5,Yuksek,50,0,1,1,0,Yuksek,Eposta
YKM06649,44,95,30356.145171522458,34760.38466870059,6,Yuksek,47,0,0,1,1,Orta,SMS
YKM06650,46,2,26898.74777002383,11835.657028622261,1,Dusuk,32,1,1,1,1,Yuksek,Eposta
YKM06651,52,48,61084.244132057436,22341.40216757545,4,Orta,43,0,0,1,1,Orta,SMS
YKM06652,37,183,52151.13951909327,19439.137700317875,1,Yuksek,35,1,1,1,1,Dusuk,Mobil_Bildirim
YKM06653,30,172,31610.067139349558,28499.572001395023,4,Orta,34,0,2,1,1,Dusuk,SMS
YKM06654,61,151,40895.65941980497,49399.697121409925,3,Dusuk,37,0,1,1,1,Dusuk,SMS
YKM06655,36,100,57400.466271118115,12630.968502240075,1,Yuksek,31,0,0,1,1,Orta,Mobil_Bildirim
YKM06656,49,60,78079.62310232356,22933.71112695818,5,Orta,41,0,1,0,1,Orta,Mobil_Bildirim
YKM06657,28,70,61247.29717310599,25036.586309664624,4,Yuksek,42,0,3,1,0,Orta,Mobil_Bildirim
YKM06658,51,101,38002.862610593926,19982.390690775665,2,Dusuk,49,0,1,1,0,Yuksek,Eposta
YKM06659,31,179,28361.766529073146,40867.02820025768,4,Yuksek,42,0,2,1,0,Yuksek,SMS
YKM06660,60,60,52267.84054562076,27698.24065488825,4,Dusuk,53,0,2,1,1,Orta,Mobil_Bildirim
YKM06661,50,89,77267.91374480752,8579.331108336188,1,Yuksek,38,0,3,1,1,Dusuk,Mobil_Bildirim
YKM06662,36,47,54498.755440515975,38874.97463027328,2,Orta,44,0,3,1,0,Orta,Eposta
YKM06663,47,134,55529.19541056505,9452.963785214635,5,Orta,23,0,3,1,1,Yuksek,Mobil_Bildirim
YKM06664,58,159,42738.4017455154,25706.79047606748,5,Dusuk,28,1,2,1,0,Orta,Mobil_Bildirim
YKM06665,51,29,56010.46355196682,16471.295289285437,3,Orta,34,0,2,0,0,Yuksek,Mobil_Bildirim
YKM06666,30,131,26046.113175188686,37623.56388013423,1,Orta,37,0,1,1,1,Orta,Mobil_Bildirim
YKM06667,57,20,66276.18741566071,24999.79399406274,2,Yuksek,38,0,1,1,0,Orta,Mobil_Bildirim
YKM06668,50,138,31581.90515924245,48914.51788317619,6,Yuksek,38,1,2,1,1,Dusuk,Eposta
YKM06669,46,23,43605.84311205923,20286.419155370706,5,Yuksek,39,0,1,1,1,Yuksek,Mobil_Bildirim
YKM06670,67,78,35221.827821212006,13168.065257075692,5,Orta,34,1,2,1,0,Yuksek,Mobil_Bildirim
YKM06671,41,102,52960.534175634646,32996.12948659954,4,Orta,34,0,2,1,1,Yuksek,Mobil_Bildirim
YKM06672,45,68,72200.592742977,38290.02285114728,5,Yuksek,51,1,1,1,1,Orta,Eposta
YKM06673,48,91,70029.90212775201,105173.85499969935,4,Yuksek,37,0,2,1,1,Dusuk,Eposta
YKM06674,47,89,45781.65221170499,14663.392159612667,2,Yuksek,27,1,1,1,0,Dusuk,Mobil_Bildirim
YKM06675,61,145,21323.66259894309,39641.2533280998,6,Yuksek,36,0,1,1,1,Yuksek,Mobil_Bildirim
YKM06676,47,4,34504.509222634726,16634.1198927818,5,Yuksek,43,1,2,1,1,Yuksek,Eposta
YKM06677,59,35,58292.60442804833,31395.803040029503,1,Dusuk,42,0,0,1,1,Yuksek,Mobil_Bildirim
YKM06678,40,128,60665.0592407732,20199.993105556754,1,Dusuk,56,1,1,1,1,Orta,Mobil_Bildirim
YKM06679,40,125,36156.63035522722,33148.8422296109,2,Orta,38,1,2,1,1,Yuksek,SMS
YKM06680,32,81,88149.94126882376,38427.768886165766,6,Dusuk,39,1,1,0,1,Yuksek,SMS
YKM06681,36,44,45172.67344924559,11652.113023178234,4,Yuksek,35,0,1,1,1,Orta,Mobil_Bildirim
YKM06682,26,142,70111.82417596744,37406.59538370324,6,Yuksek,41,0,2,1,1,Yuksek,Eposta
YKM06683,66,86,69244.34574103398,34503.95505326578,3,Dusuk,45,1,1,1,0,Yuksek,Mobil_Bildirim
YKM06684,33,108,59966.494636897034,31843.049285042463,4,Dusuk,32,0,1,0,1,Dusuk,SMS
YKM06685,31,168,95478.19750991142,13137.108861401575,2,Dusuk,36,0,2,1,1,Yuksek,Mobil_Bildirim
YKM06686,29,183,34695.54213076655,34225.41311717175,4,Yuksek,39,1,4,1,1,Orta,Mobil_Bildirim
YKM06687,28,107,24153.2467761257,30606.633580345446,1,Orta,34,0,1,0,1,Orta,Mobil_Bildirim
YKM06688,49,94,31994.051852135653,15431.653519741698,6,Yuksek,28,0,1,1,1,Orta,SMS
YKM06689,55,136,57043.3978543136,10188.9547447772,4,Yuksek,36,1,1,1,1,Orta,Mobil_Bildirim
YKM06690,44,132,60570.55005773294,25922.82649757804,2,Yuksek,50,0,0,0,1,Orta,Mobil_Bildirim
YKM06691,29,1,26739.195692371042,21400.011847469294,1,Orta,40,0,0,1,0,Orta,Mobil_Bildirim
YKM06692,47,92,68025.04068273175,16486.038077558107,6,Orta,43,0,1,1,1,Dusuk,Mobil_Bildirim
YKM06693,33,136,42695.424094102134,23954.34244223691,4,Yuksek,33,1,0,1,1,Orta,Mobil_Bildirim
YKM06694,47,87,57264.98104593685,71747.13704785942,4,Orta,40,1,2,0,0,Orta,SMS
YKM06695,46,82,34828.0248228014,43713.43024271903,3,Yuksek,43,0,1,1,1,Orta,SMS
YKM06696,49,135,32723.41426173356,38832.48863783562,6,Yuksek,40,0,2,1,1,Yuksek,SMS
YKM06697,23,29,69911.48621161659,10317.88829092165,6,Yuksek,49,1,3,0,1,Orta,SMS
YKM06698,40,63,51929.27466930691,47348.0905406794,1,Orta,40,0,1,1,1,Yuksek,SMS
YKM06699,22,139,35146.11148627745,22300.612113244268,4,Yuksek,52,1,1,1,1,Yuksek,Eposta
YKM06700,67,111,69791.1818321112,30474.11738284319,3,Yuksek,26,1,0,0,1,Orta,SMS
YKM06701,41,176,37264.587284148234,48599.481998653326,4,Dusuk,31,0,0,0,0,Dusuk,Mobil_Bildirim
YKM06702,35,46,53047.18552275064,17922.83058977427,6,Yuksek,23,1,3,1,1,Yuksek,SMS
YKM06703,61,137,52291.79077737816,20925.893915104556,4,Dusuk,35,0,2,1,1,Yuksek,Mobil_Bildirim
YKM06704,45,17,41651.83111500431,14908.520749822022,1,Orta,31,1,2,1,1,Yuksek,SMS
YKM06705,56,92,29400.34577077086,7795.372113053068,4,Yuksek,46,0,2,1,1,Orta,SMS
YKM06706,41,100,42422.889792883994,31454.945636500102,4,Orta,44,1,1,1,0,Orta,Eposta
YKM06707,38,50,90136.13981484983,26426.06045321871,5,Orta,39,1,0,1,0,Orta,Mobil_Bildirim
YKM06708,37,80,18816.582858365826,13970.808309602922,3,Yuksek,29,0,1,1,1,Yuksek,Mobil_Bildirim
YKM06709,61,158,32486.309626273018,14103.019043934628,6,Yuksek,41,0,0,1,0,Orta,Mobil_Bildirim
YKM06710,51,132,33239.48610786802,24999.255852568836,4,Dusuk,42,0,1,1,0,Orta,Mobil_Bildirim
YKM06711,43,121,39518.218986957705,89421.88406229783,3,Yuksek,46,1,1,1,0,Yuksek,Mobil_Bildirim
YKM06712,50,146,47427.30477586452,44010.608955535594,1,Yuksek,49,1,0,1,1,Yuksek,Eposta
YKM06713,27,32,27341.003098077847,29020.115873816092,1,Orta,42,0,2,1,1,Orta,Mobil_Bildirim
YKM06714,27,16,43354.176926789005,20592.838849613443,3,Dusuk,47,0,3,0,1,Orta,Mobil_Bildirim
YKM06715,28,144,56025.53060959043,12125.569739527724,3,Orta,40,0,0,1,0,Orta,SMS
YKM06716,45,157,39498.910893388944,19672.09607556539,3,Orta,38,1,1,1,1,Dusuk,SMS
YKM06717,52,172,62692.17761105506,19714.508331061825,3,Yuksek,35,0,1,1,1,Yuksek,Mobil_Bildirim
YKM06718,63,171,57554.64869646071,16830.45639317474,1,Yuksek,38,0,1,1,0,Yuksek,Mobil_Bildirim
YKM06719,29,111,79763.94003627793,31212.303295896887,6,Dusuk,42,0,1,0,0,Yuksek,Mobil_Bildirim
YKM06720,35,28,39061.003933572945,35395.063733100906,3,Dusuk,28,1,1,1,1,Yuksek,Mobil_Bildirim
YKM06721,44,155,37619.35873958795,26859.950951148632,5,Yuksek,44,1,1,1,1,Orta,Mobil_Bildirim
YKM06722,56,45,43820.97984908212,37949.41358549654,6,Dusuk,30,0,1,1,1,Orta,Eposta
YKM06723,33,20,34201.40657096276,29573.675038455767,6,Orta,38,0,2,1,1,Yuksek,Mobil_Bildirim
YKM06724,36,144,41617.39110484306,41617.48868344488,6,Dusuk,40,0,1,0,1,Orta,SMS
YKM06725,43,122,106492.38082013,17603.734456471117,5,Orta,36,0,1,1,1,Yuksek,Mobil_Bildirim
YKM06726,47,188,51635.90578752332,21855.958109655672,6,Yuksek,38,1,0,1,0,Dusuk,SMS
YKM06727,62,82,30087.547604768763,22133.118877821576,5,Orta,40,1,0,0,1,Yuksek,SMS
YKM06728,34,168,40390.007997554974,34156.570713774665,2,Orta,30,0,1,0,1,Orta,SMS
YKM06729,60,163,85174.88984079093,52708.33093900534,1,Orta,41,1,1,0,1,Yuksek,Eposta
YKM06730,30,127,30834.6954450929,51979.019192157706,2,Yuksek,34,0,3,1,0,Yuksek,Eposta
YKM06731,66,174,33740.60166401956,16302.85690468761,3,Orta,53,0,4,1,0,Yuksek,Eposta
YKM06732,55,150,67701.76620086774,29486.884918263764,4,Yuksek,34,0,2,1,0,Orta,SMS
YKM06733,27,158,46179.46216379409,7447.206582343353,6,Orta,39,0,1,1,1,Orta,Mobil_Bildirim
YKM06734,44,29,68683.19983854098,6415.029022314746,6,Dusuk,37,0,1,1,1,Yuksek,SMS
YKM06735,23,101,68954.27662105497,39899.354544704176,1,Yuksek,38,0,2,1,1,Yuksek,SMS
YKM06736,28,143,35149.8808534149,25908.160007766455,5,Yuksek,38,1,2,1,0,Yuksek,Eposta
YKM06737,42,168,41825.78914435613,14194.823639075814,5,Dusuk,32,1,0,0,0,Orta,SMS
YKM06738,66,174,31457.602260772088,40349.06631908844,6,Yuksek,40,0,2,1,0,Dusuk,Mobil_Bildirim
YKM06739,31,110,69050.13448940103,21722.02331525665,4,Yuksek,47,1,1,1,1,Yuksek,Mobil_Bildirim
YKM06740,31,164,36284.43017310564,65704.26019106866,3,Dusuk,44,0,2,1,1,Orta,SMS
YKM06741,32,50,61717.418554795484,12029.86863385246,1,Orta,42,0,2,1,1,Dusuk,Mobil_Bildirim
YKM06742,45,163,48630.97232869075,37648.654832973065,3,Yuksek,38,0,1,1,1,Yuksek,SMS
YKM06743,42,168,63606.54213498158,13373.301730237152,6,Orta,42,1,1,0,1,Orta,Mobil_Bildirim
YKM06744,31,121,50505.13850284794,14622.753435100756,5,Orta,26,0,1,1,1,Yuksek,Mobil_Bildirim
YKM06745,50,73,48003.65048828822,20591.683113912215,4,Orta,29,0,2,1,1,Orta,Mobil_Bildirim
YKM06746,26,116,71304.90973071833,18298.243734442385,4,Dusuk,33,0,2,0,1,Yuksek,SMS
YKM06747,21,94,35840.32174620654,14091.677838859232,5,Orta,32,0,0,1,1,Dusuk,Mobil_Bildirim
YKM06748,52,98,89347.17417796902,49984.72730771458,1,Dusuk,44,0,0,1,0,Yuksek,SMS
YKM06749,50,142,34901.501100383524,50905.85497797729,6,Orta,43,0,1,1,1,Yuksek,SMS
YKM06750,21,138,28452.79251103138,18923.08730372243,4,Dusuk,31,0,1,1,1,Orta,Mobil_Bildirim
YKM06751,52,154,24325.33133333718,38041.74545791388,2,Yuksek,30,0,2,1,1,Dusuk,Eposta
YKM06752,51,52,35282.69577813537,68487.66093860363,1,Dusuk,32,0,2,1,0,Yuksek,SMS
YKM06753,34,105,55281.984319277406,42540.633624249,2,Yuksek,40,0,1,1,1,Orta,SMS
YKM06754,22,30,16142.337524103994,11787.429231742193,5,Orta,43,0,1,1,1,Dusuk,Mobil_Bildirim
YKM06755,51,99,38125.855977848456,61704.59120903353,1,Orta,31,1,1,1,1,Yuksek,Mobil_Bildirim
YKM06756,59,31,71918.53816380039,17470.81295694667,2,Dusuk,34,0,1,0,1,Yuksek,SMS
YKM06757,61,72,48896.21251024805,25602.420379327436,4,Orta,38,0,2,1,0,Yuksek,Mobil_Bildirim
YKM06758,55,66,33559.45525677244,56870.37816048937,2,Orta,44,0,1,1,1,Yuksek,Eposta
YKM06759,45,171,43170.280228217576,62047.17521054804,4,Yuksek,38,1,1,0,0,Orta,SMS
YKM06760,36,68,64983.88630423234,52104.775001255504,3,Yuksek,33,0,2,0,0,Orta,Mobil_Bildirim
YKM06761,67,112,22524.78642868485,20399.38841926767,3,Dusuk,36,0,1,1,0,Orta,Mobil_Bildirim
YKM06762,40,45,76262.50429741642,16976.982725387395,2,Orta,36,0,3,1,1,Yuksek,SMS
YKM06763,51,104,33066.87447419916,13314.784919421363,6,Dusuk,27,0,2,1,1,Yuksek,Mobil_Bildirim
YKM06764,37,107,57443.47307312386,26910.625777821184,4,Dusuk,25,0,4,1,1,Yuksek,Eposta
YKM06765,35,65,50043.666456600535,12327.630741304583,1,Orta,38,1,1,1,0,Dusuk,SMS
YKM06766,30,97,89073.72190048308,23677.67164867282,3,Yuksek,35,1,4,1,1,Dusuk,SMS
YKM06767,53,139,39480.23459508556,51534.217863627004,6,Orta,45,0,1,1,1,Yuksek,SMS
YKM06768,66,33,30523.136267140297,28840.759508910716,2,Yuksek,30,0,0,1,1,Yuksek,SMS
YKM06769,25,7,78703.5972688801,48073.312528213566,1,Yuksek,36,0,3,1,0,Yuksek,Mobil_Bildirim
YKM06770,36,1,97931.43791135322,50914.65832319427,6,Orta,44,1,1,1,0,Yuksek,Mobil_Bildirim
YKM06771,50,34,22856.07728235148,16220.448841361434,6,Yuksek,34,0,3,1,1,Yuksek,SMS
YKM06772,55,11,46401.69951103368,12029.629579176126,6,Orta,40,0,0,0,1,Yuksek,Eposta
YKM06773,37,102,61920.399418353096,7678.126672166909,4,Yuksek,43,1,0,1,0,Dusuk,Mobil_Bildirim
YKM06774,32,87,128370.75953728006,16411.080444810064,4,Dusuk,32,0,2,1,1,Orta,Mobil_Bildirim
YKM06775,32,91,29882.70618510545,20729.398649014453,1,Dusuk,38,1,2,1,1,Yuksek,SMS
YKM06776,41,110,37680.75311184703,9815.911983022477,2,Yuksek,36,0,2,1,1,Yuksek,Mobil_Bildirim
YKM06777,53,95,38264.58304907963,33531.31477484969,3,Orta,33,0,0,1,0,Orta,Mobil_Bildirim
YKM06778,41,163,31056.23703181879,22224.034603391716,5,Dusuk,37,0,0,1,1,Yuksek,Eposta
YKM06779,33,163,32110.913627326066,3308.457178696374,2,Yuksek,32,0,2,1,1,Orta,Eposta
YKM06780,44,71,39430.792798565366,19018.938299889836,3,Yuksek,37,1,2,0,1,Orta,Mobil_Bildirim
YKM06781,56,167,48522.88663290169,17641.542159092536,4,Yuksek,35,1,0,0,1,Yuksek,Mobil_Bildirim
YKM06782,51,162,70244.16811857584,24515.051834425063,2,Orta,34,0,5,0,1,Yuksek,Mobil_Bildirim
YKM06783,35,105,65939.95589415004,15091.605140243504,2,Dusuk,41,0,0,1,0,Orta,Mobil_Bildirim
YKM06784,36,78,44805.591598752755,35512.843261015456,4,Orta,34,0,4,1,1,Yuksek,SMS
YKM06785,27,178,37741.84264322758,24248.13873171413,1,Dusuk,35,0,3,1,0,Yuksek,Mobil_Bildirim
YKM06786,56,104,23765.857636112305,37735.20928504782,1,Yuksek,42,1,2,1,0,Dusuk,Eposta
YKM06787,59,166,106876.33464934534,51380.36914736953,4,Dusuk,31,1,3,1,1,Orta,Mobil_Bildirim
YKM06788,42,66,47990.006313799044,40753.40140909826,4,Orta,38,1,1,1,1,Orta,Eposta
YKM06789,43,133,47823.53407943884,46062.308326276194,3,Dusuk,36,0,2,1,1,Yuksek,Eposta
YKM06790,35,134,68461.20677409858,9866.063140353699,1,Orta,36,0,1,1,1,Orta,Mobil_Bildirim
YKM06791,63,155,21275.743775498882,30147.867082305405,4,Orta,34,0,0,1,1,Orta,SMS
YKM06792,20,90,35977.4492781871,22464.322940269958,4,Dusuk,41,0,4,1,1,Yuksek,SMS
YKM06793,61,173,34241.50192105303,12195.54879303329,6,Orta,44,1,0,1,1,Yuksek,Mobil_Bildirim
YKM06794,54,14,21749.29782191154,26097.51231884867,3,Orta,31,0,0,1,1,Yuksek,SMS
YKM06795,54,117,34622.48391275042,24528.350300950588,1,Yuksek,26,0,2,1,1,Yuksek,Eposta
YKM06796,72,123,39249.09302806986,11527.635508595884,1,Orta,45,0,0,0,1,Yuksek,Mobil_Bildirim
YKM06797,40,64,14534.106558058835,61677.016163708984,2,Orta,48,0,0,1,1,Dusuk,SMS
YKM06798,42,74,51953.849590044556,27440.565607860866,6,Dusuk,45,0,1,1,1,Orta,Eposta
YKM06799,50,70,35872.39706384635,39630.2381306087,6,Yuksek,26,0,1,1,0,Yuksek,Eposta
YKM06800,34,24,44257.57459025046,36126.22128266177,4,Yuksek,48,0,3,1,1,Orta,SMS
YKM06801,59,153,36678.19656287104,34741.79780210469,2,Dusuk,44,0,1,1,1,Orta,Mobil_Bildirim
YKM06802,45,45,104581.8154988337,20880.35621869617,6,Orta,36,1,1,1,0,Orta,Mobil_Bildirim
YKM06803,63,82,38935.18084732101,16384.12558026351,2,Yuksek,44,0,1,1,1,Yuksek,Mobil_Bildirim
YKM06804,26,69,32883.193840337684,24744.48170601055,1,Dusuk,29,0,2,1,1,Orta,SMS
YKM06805,24,69,88261.80235390656,29940.828321182304,5,Orta,30,1,3,1,1,Orta,SMS
YKM06806,34,37,41008.16188955722,26590.466704073893,4,Yuksek,36,1,2,0,1,Yuksek,Eposta
YKM06807,40,98,31556.686615557297,17346.97065173561,3,Dusuk,42,0,4,0,0,Orta,SMS
YKM06808,32,110,66139.59463528074,19298.44699373169,1,Dusuk,36,1,0,1,1,Yuksek,Mobil_Bildirim
YKM06809,51,138,40193.411657274686,44036.0460380421,3,Dusuk,31,1,2,0,1,Orta,Mobil_Bildirim
YKM06810,24,49,49566.1357085383,13743.730871210935,2,Orta,26,0,1,1,0,Yuksek,Mobil_Bildirim
YKM06811,46,167,26175.727516085684,10685.45748357494,4,Dusuk,45,1,2,0,0,Orta,Mobil_Bildirim
YKM06812,34,58,36844.30015537428,13798.870654404851,3,Dusuk,40,1,2,1,1,Orta,Mobil_Bildirim
YKM06813,28,29,26657.62839624733,32118.090194712884,3,Orta,46,0,1,1,1,Yuksek,SMS
YKM06814,47,115,46286.82665321541,11428.86191989273,3,Orta,35,0,0,1,1,Yuksek,SMS
YKM06815,56,28,66503.45467214314,47479.433384427306,2,Dusuk,42,0,2,1,0,Yuksek,Mobil_Bildirim
YKM06816,59,105,43298.81692254169,33862.9274121913,4,Orta,43,0,1,1,1,Yuksek,Mobil_Bildirim
YKM06817,59,43,31007.574699607336,23630.536877724768,1,Orta,40,0,4,1,0,Orta,Eposta
YKM06818,34,150,24602.85849177353,30444.507443716786,5,Orta,45,0,0,1,1,Yuksek,Eposta
YKM06819,38,76,38017.48952722324,6000.619163859829,2,Yuksek,26,0,0,1,1,Orta,Mobil_Bildirim
YKM06820,47,1,24503.207740057293,10514.903754592451,1,Dusuk,32,1,1,1,1,Yuksek,Eposta
YKM06821,51,121,69576.42730172529,13955.265799665012,2,Yuksek,36,1,1,1,1,Yuksek,Eposta
YKM06822,44,6,20607.435454017428,21662.092361750794,2,Dusuk,35,0,1,1,1,Orta,Mobil_Bildirim
YKM06823,55,50,55344.86603140936,50014.820229266625,2,Orta,51,0,4,1,1,Orta,Eposta
YKM06824,53,1,28328.66941514335,16933.633142349412,3,Yuksek,31,0,1,1,0,Yuksek,Mobil_Bildirim
YKM06825,41,64,56882.93777384955,32758.311401817966,1,Dusuk,28,1,0,1,0,Orta,SMS
YKM06826,27,54,69894.17118442387,16840.449721813937,4,Orta,32,1,3,1,1,Orta,SMS
YKM06827,22,66,47138.37307087079,20704.645610990483,1,Yuksek,30,0,2,0,0,Yuksek,Mobil_Bildirim
YKM06828,19,130,24984.976278313614,14547.39965027307,5,Orta,21,0,2,1,1,Dusuk,Mobil_Bildirim
YKM06829,49,7,39342.00823348572,14597.378768444127,6,Orta,40,0,0,1,0,Dusuk,Mobil_Bildirim
YKM06830,58,17,49411.824843355746,19095.401636298837,6,Orta,32,1,0,1,0,Dusuk,SMS
YKM06831,28,153,44183.14552346735,14300.724152385943,1,Yuksek,39,0,2,1,0,Orta,Mobil_Bildirim
YKM06832,67,34,33527.592839725774,21345.998287586757,2,Orta,31,1,0,0,1,Yuksek,Mobil_Bildirim
YKM06833,54,60,47897.82154403722,16791.621433135788,6,Dusuk,42,0,0,1,0,Orta,Mobil_Bildirim
YKM06834,54,107,48468.03933770685,14049.772448476824,3,Yuksek,46,0,2,1,0,Orta,SMS
YKM06835,47,159,39552.40417019224,21927.924449963295,4,Yuksek,37,0,3,1,1,Yuksek,Mobil_Bildirim
YKM06836,23,120,33512.856745722114,26416.269111717203,2,Orta,41,0,0,1,1,Orta,Mobil_Bildirim
YKM06837,50,16,54658.01475358593,18963.880210328185,5,Yuksek,32,0,0,0,1,Yuksek,Mobil_Bildirim
YKM06838,68,4,20364.929235374813,13449.430194197901,6,Dusuk,42,0,2,1,1,Yuksek,Mobil_Bildirim
YKM06839,71,15,58525.501966339674,35476.13294211785,3,Orta,50,1,1,0,1,Dusuk,Mobil_Bildirim
YKM06840,51,22,29798.56789936195,28341.168353119116,4,Yuksek,41,0,1,1,0,Dusuk,Mobil_Bildirim
YKM06841,53,41,87537.01093331169,34075.75569785635,5,Dusuk,41,1,0,1,1,Yuksek,Mobil_Bildirim
YKM06842,65,136,98305.90814714559,10365.293086138176,4,Dusuk,41,0,1,1,0,Orta,Mobil_Bildirim
YKM06843,56,127,89240.62480599352,18652.459879839098,3,Orta,28,0,3,1,0,Yuksek,SMS
YKM06844,36,57,41874.425240222554,47658.854242519534,4,Dusuk,28,0,3,0,1,Dusuk,Mobil_Bildirim
YKM06845,49,114,74727.01556262682,21598.12358466239,1,Orta,25,0,1,1,0,Orta,SMS
YKM06846,56,51,69732.11775275158,18423.55923147949,3,Orta,34,0,0,0,1,Yuksek,SMS
YKM06847,25,157,29585.884185302097,38135.40086882523,6,Dusuk,37,0,1,1,1,Yuksek,SMS
YKM06848,63,108,30721.038417984844,18440.214432113342,1,Orta,34,0,2,0,1,Yuksek,SMS
YKM06849,24,124,48261.15039741836,13042.48491227684,5,Orta,42,0,1,0,0,Orta,SMS
YKM06850,48,147,54901.420981303214,15197.118073473372,6,Orta,30,0,1,1,0,Orta,Mobil_Bildirim
YKM06851,39,55,57633.67872879402,21329.240170075806,2,Orta,48,1,1,1,1,Orta,Mobil_Bildirim
YKM06852,60,130,52036.666663982825,22183.22246023818,6,Yuksek,36,0,3,1,0,Orta,Mobil_Bildirim
YKM06853,27,161,68245.49706264984,70877.6378534285,3,Orta,27,0,3,1,1,Orta,Eposta
YKM06854,53,164,35643.81599026021,47676.93935883676,1,Yuksek,33,0,1,0,0,Orta,Mobil_Bildirim
YKM06855,66,58,54754.67427646573,41939.81194126779,6,Yuksek,43,0,3,1,0,Orta,SMS
YKM06856,30,64,48418.61575004799,12110.401005505133,1,Dusuk,46,0,1,1,1,Orta,SMS
YKM06857,20,52,17195.50573957809,17318.334493477403,3,Yuksek,30,1,0,1,0,Dusuk,SMS
YKM06858,34,84,174345.64375586397,7925.42980348271,4,Orta,33,1,1,0,1,Orta,Mobil_Bildirim
YKM06859,57,13,31185.281624104242,6380.236922893456,1,Orta,49,0,5,0,1,Dusuk,SMS
YKM06860,44,32,35115.914298222975,26155.542262807438,1,Dusuk,38,1,1,1,0,Yuksek,Mobil_Bildirim
YKM06861,69,131,50018.81482939071,50728.77925280794,1,Orta,29,1,1,1,1,Yuksek,Eposta
YKM06862,40,187,32520.435781741016,48821.65095731388,4,Dusuk,39,0,0,0,0,Dusuk,Mobil_Bildirim
YKM06863,58,44,61351.18361079796,47243.181395946245,2,Orta,34,0,1,0,1,Orta,Mobil_Bildirim
YKM06864,54,103,44416.02418537088,15213.390958452155,5,Orta,41,1,1,1,1,Orta,Mobil_Bildirim
YKM06865,57,183,47854.16639556849,21503.133141678267,6,Orta,34,1,1,1,1,Orta,Eposta
YKM06866,41,120,31793.275312578135,22908.655004422868,5,Orta,48,0,2,0,0,Orta,SMS
YKM06867,46,174,14665.213241218422,29840.535622752832,4,Yuksek,40,0,2,1,1,Dusuk,Mobil_Bildirim
YKM06868,42,34,44204.13731667151,62999.99788768835,6,Dusuk,43,0,1,1,0,Yuksek,Mobil_Bildirim
YKM06869,59,51,48226.318319292026,12459.495367451418,5,Orta,36,0,1,1,1,Orta,Mobil_Bildirim
YKM06870,65,102,71224.03333711489,52506.59797684346,2,Yuksek,34,1,1,1,1,Yuksek,SMS
YKM06871,54,72,41546.87976304483,15431.018286274722,1,Dusuk,47,1,0,1,0,Dusuk,Mobil_Bildirim
YKM06872,35,25,60314.30683598611,23985.80548704858,4,Yuksek,42,0,1,1,0,Yuksek,Mobil_Bildirim
YKM06873,34,117,59244.23288758848,46739.05077122892,6,Dusuk,40,0,0,1,1,Orta,Mobil_Bildirim
YKM06874,30,136,52269.31731442363,81825.75036494323,4,Yuksek,28,0,0,1,1,Orta,SMS
YKM06875,26,143,58025.17932056036,22358.902819031653,6,Yuksek,38,0,1,1,1,Orta,Mobil_Bildirim
YKM06876,42,12,57659.14204432686,9181.091262632122,1,Dusuk,35,0,2,1,1,Orta,Mobil_Bildirim
YKM06877,65,117,35501.74458429435,44349.476604010335,1,Orta,40,0,3,1,1,Orta,SMS
YKM06878,67,9,59481.74140181469,20335.885346058796,5,Orta,30,0,1,1,0,Dusuk,Mobil_Bildirim
YKM06879,57,181,57838.22160379427,45951.07769135849,6,Dusuk,31,1,0,0,0,Yuksek,Mobil_Bildirim
YKM06880,35,131,72435.35232988413,39874.77019161184,2,Dusuk,50,0,2,1,1,Dusuk,Eposta
YKM06881,24,161,53091.85880841414,14943.672532827703,4,Yuksek,39,0,2,1,1,Yuksek,Mobil_Bildirim
YKM06882,55,164,38940.993500506505,21147.232746976053,5,Yuksek,43,0,1,0,1,Yuksek,SMS
YKM06883,45,57,62115.85031157823,65570.41855635596,5,Orta,40,1,1,0,1,Yuksek,Eposta
YKM06884,60,92,25675.644497505036,14673.072243350285,5,Yuksek,39,0,1,0,1,Yuksek,Mobil_Bildirim
YKM06885,46,11,90509.59922968468,40589.2851851536,1,Yuksek,51,0,5,1,1,Orta,Mobil_Bildirim
YKM06886,38,146,90278.69480007121,11942.078502785087,6,Yuksek,35,1,2,0,1,Yuksek,Mobil_Bildirim
YKM06887,33,49,27169.44372622038,16097.602466569379,3,Dusuk,47,0,1,0,1,Dusuk,Mobil_Bildirim
YKM06888,36,83,33054.56779676432,15169.38843019075,2,Yuksek,40,1,3,1,0,Dusuk,SMS
YKM06889,58,140,28699.536012429584,15313.106184802333,5,Yuksek,34,0,2,1,1,Yuksek,SMS
YKM06890,51,62,36890.622786173706,23695.91132502191,1,Yuksek,36,1,1,1,1,Yuksek,Mobil_Bildirim
YKM06891,42,128,38705.763600179824,21221.760151335475,2,Yuksek,40,0,0,1,1,Orta,Mobil_Bildirim
YKM06892,62,122,46837.07045460819,28322.558236729106,1,Yuksek,35,0,2,1,0,Dusuk,SMS
YKM06893,23,77,36825.65200852566,18919.330538803704,4,Orta,47,0,1,1,1,Orta,SMS
YKM06894,58,161,49486.155424366545,30569.751093063845,1,Yuksek,30,0,0,0,0,Orta,Mobil_Bildirim
YKM06895,52,177,72343.69156807626,30089.20087733987,6,Orta,42,0,0,1,0,Dusuk,Eposta
YKM06896,59,90,75324.94772832951,21036.224459304834,4,Dusuk,42,1,2,1,0,Orta,SMS
YKM06897,49,19,38424.88163779761,11941.40457662909,4,Orta,44,0,2,0,1,Yuksek,Mobil_Bildirim
YKM06898,34,90,73062.26347105643,13277.923801850207,2,Dusuk,27,0,2,1,0,Dusuk,SMS
YKM06899,47,74,77125.0629572357,25019.684101506657,3,Yuksek,33,0,2,1,0,Orta,Mobil_Bildirim
YKM06900,29,46,29425.855424066358,13519.526958779727,6,Yuksek,43,1,2,1,0,Orta,Eposta
YKM06901,26,124,30205.667129782338,25261.063118167356,5,Orta,41,0,0,1,1,Orta,SMS
YKM06902,46,176,32655.30982459364,11740.048239522954,5,Orta,38,0,2,1,1,Yuksek,Eposta
YKM06903,53,185,49769.79148024173,24673.513550723095,5,Dusuk,44,0,0,1,0,Orta,Mobil_Bildirim
YKM06904,40,39,58273.29759224828,33150.83618059489,2,Yuksek,41,0,1,1,1,Dusuk,Mobil_Bildirim
YKM06905,44,75,30599.761287566285,70002.67049997702,3,Dusuk,30,0,3,1,1,Orta,Mobil_Bildirim
YKM06906,66,124,48994.28296501527,30327.462738853952,6,Yuksek,40,0,0,1,0,Orta,Eposta
YKM06907,51,18,72087.4470293169,23568.075964273812,2,Orta,40,0,4,1,1,Orta,Mobil_Bildirim
YKM06908,39,44,45210.239520489835,32672.9116125957,6,Yuksek,35,0,3,0,1,Dusuk,Mobil_Bildirim
YKM06909,49,111,48214.35458711847,12346.121432640211,3,Orta,31,0,0,1,1,Yuksek,SMS
YKM06910,37,123,36019.30666961948,53805.65360446057,2,Yuksek,34,0,4,0,0,Yuksek,SMS
YKM06911,45,27,36231.25651404982,37881.062434521606,4,Dusuk,38,0,0,0,1,Orta,SMS
YKM06912,33,138,52021.06275061621,11609.533856559805,5,Yuksek,26,0,2,1,0,Yuksek,Mobil_Bildirim
YKM06913,50,125,82287.40297028449,23078.595633194476,6,Yuksek,49,0,0,1,1,Orta,SMS
YKM06914,36,60,22550.007107588615,61216.72765634577,6,Yuksek,36,1,2,1,1,Orta,Eposta
YKM06915,38,10,111918.42373877118,10768.004894665188,2,Orta,37,0,1,1,1,Orta,Mobil_Bildirim
YKM06916,26,10,50378.4323696054,16961.199361156643,3,Orta,35,0,1,0,0,Orta,Eposta
YKM06917,68,124,29827.261140521343,16086.442911279517,6,Yuksek,35,0,1,1,1,Yuksek,Eposta
YKM06918,60,165,31913.525008188702,15318.957975282228,4,Orta,30,1,1,1,0,Dusuk,SMS
YKM06919,23,75,29051.652241229152,24639.08986874618,2,Dusuk,49,1,1,1,1,Yuksek,Mobil_Bildirim
YKM06920,27,133,83812.61402320306,15406.974923976686,5,Orta,40,0,0,1,0,Yuksek,SMS
YKM06921,50,52,46133.00344750445,33555.61838186192,3,Orta,41,0,2,1,1,Orta,Mobil_Bildirim
YKM06922,26,120,119748.39565896832,34045.26660655826,1,Yuksek,48,0,3,1,1,Orta,Eposta
YKM06923,24,55,163392.65273667494,35023.323921850766,6,Dusuk,34,0,1,1,0,Orta,Mobil_Bildirim
YKM06924,50,62,60920.70129994131,40964.03780620198,3,Yuksek,36,0,0,1,1,Dusuk,SMS
YKM06925,65,28,51828.94770494634,7278.622337363414,2,Yuksek,33,0,1,0,1,Orta,Mobil_Bildirim
YKM06926,65,74,55467.751482042695,7328.354513868757,1,Orta,53,1,3,0,1,Orta,Mobil_Bildirim
YKM06927,64,66,23393.645503579086,31613.64087356584,4,Orta,47,1,1,0,1,Dusuk,SMS
YKM06928,24,49,38756.9017739588,15455.204478532049,2,Orta,28,0,1,1,0,Orta,Eposta
YKM06929,61,102,53377.27440576665,30255.832331866586,2,Dusuk,25,0,0,1,1,Yuksek,Mobil_Bildirim
YKM06930,67,50,69125.3403828886,18571.23064564233,6,Yuksek,28,0,2,1,1,Yuksek,Mobil_Bildirim
YKM06931,45,27,29860.318500679543,24904.32769117899,6,Orta,39,0,1,1,0,Orta,SMS
YKM06932,60,26,106419.01293936827,27762.519832831935,4,Orta,47,0,0,1,1,Yuksek,Mobil_Bildirim
YKM06933,65,125,47232.30319593617,11570.034985632374,5,Orta,36,0,1,1,1,Orta,Eposta
YKM06934,52,172,25200.80982744987,38988.44812501609,1,Orta,39,0,2,1,1,Yuksek,Mobil_Bildirim
YKM06935,33,162,24458.375644377185,18062.342450216125,3,Dusuk,40,0,1,1,1,Orta,Mobil_Bildirim
YKM06936,41,165,91103.07760622897,18444.087606519573,1,Yuksek,36,1,0,1,1,Orta,Mobil_Bildirim
YKM06937,31,173,105910.12110744,46471.31641149394,4,Orta,49,1,0,1,1,Yuksek,Mobil_Bildirim
YKM06938,48,169,27441.5419958902,19109.181028660674,4,Dusuk,54,1,0,0,0,Orta,Eposta
YKM06939,50,51,51927.91605984041,23218.693730074676,4,Orta,48,1,0,1,1,Orta,Mobil_Bildirim
YKM06940,31,148,35460.7577200736,306611.819137726,5,Dusuk,40,1,0,1,1,Yuksek,Mobil_Bildirim
YKM06941,54,9,22096.35425161963,26149.260037442993,1,Orta,47,0,0,0,0,Orta,Mobil_Bildirim
YKM06942,65,111,16124.904678365248,18005.66777703174,2,Yuksek,35,0,0,1,1,Yuksek,Mobil_Bildirim
YKM06943,45,156,95997.99439224419,23644.001384844316,6,Dusuk,43,0,1,1,1,Dusuk,Mobil_Bildirim
YKM06944,57,143,37180.83875935185,28864.326747441533,3,Orta,39,0,2,0,1,Orta,SMS
YKM06945,61,140,32094.345194802387,15843.551475416734,6,Yuksek,30,0,0,1,0,Orta,Mobil_Bildirim
YKM06946,53,113,94330.3223301142,32077.990105436467,6,Orta,34,0,3,1,0,Orta,Eposta
YKM06947,26,20,30257.41872331055,38817.84000923334,5,Orta,33,0,2,1,1,Yuksek,SMS
YKM06948,65,30,30823.23483477466,16868.67643909239,3,Dusuk,35,0,1,1,1,Orta,Mobil_Bildirim
YKM06949,38,10,31602.637181129954,31563.44153786231,6,Yuksek,38,0,0,1,1,Yuksek,SMS
YKM06950,38,168,22274.817004483775,32643.99695767022,4,Orta,45,0,0,0,1,Dusuk,SMS
YKM06951,59,143,64708.42489744392,32541.342792169777,3,Orta,40,0,1,1,1,Orta,Eposta
YKM06952,61,162,119390.63356975927,14532.897126167976,4,Yuksek,15,0,2,1,1,Orta,Mobil_Bildirim
YKM06953,28,109,42357.742786058145,19907.03849152822,6,Orta,49,0,1,1,0,Orta,SMS
YKM06954,23,3,40723.78640895309,19096.07009335834,3,Orta,48,0,0,1,1,Orta,Mobil_Bildirim
YKM06955,57,12,30131.896684608033,42027.66093526204,2,Orta,44,0,1,1,1,Dusuk,Mobil_Bildirim
YKM06956,60,14,46530.91566193361,14906.609100631726,3,Orta,34,0,1,1,0,Orta,Eposta
YKM06957,37,11,77777.94194514531,25697.749150086718,5,Orta,27,0,2,1,1,Orta,Mobil_Bildirim
YKM06958,26,143,41596.46179658077,26851.322011776094,4,Yuksek,42,1,2,1,1,Orta,SMS
YKM06959,31,49,68551.38740875808,16552.931553482915,3,Yuksek,37,0,0,1,1,Yuksek,SMS
YKM06960,52,86,22245.956373236924,29013.510487306798,6,Orta,33,0,1,1,0,Yuksek,SMS
YKM06961,49,33,33070.87700437613,32859.136959716205,4,Yuksek,46,1,2,1,1,Dusuk,Mobil_Bildirim
YKM06962,65,21,103955.81918558915,30726.256863662926,3,Yuksek,44,1,0,1,0,Dusuk,SMS
YKM06963,67,135,27875.266390451918,51523.949638471655,5,Yuksek,33,0,0,0,1,Yuksek,Mobil_Bildirim
YKM06964,62,69,30250.993988087896,27029.436244331107,1,Orta,43,0,2,0,0,Yuksek,Eposta
YKM06965,36,164,47725.763397350995,22034.691140300893,5,Yuksek,42,1,1,0,1,Yuksek,SMS
YKM06966,68,76,34737.86805618018,20838.051438141178,2,Yuksek,44,0,0,0,1,Yuksek,SMS
YKM06967,57,182,43151.97063410679,20171.94719835622,5,Dusuk,45,0,3,1,1,Orta,Mobil_Bildirim
YKM06968,26,129,69190.61235500696,17096.88004801685,3,Orta,37,1,1,1,1,Yuksek,Eposta
YKM06969,44,157,19682.07165403989,24102.36510842594,1,Dusuk,37,0,0,1,1,Orta,SMS
YKM06970,69,155,27023.32945705721,15325.712819130084,4,Yuksek,36,0,1,1,1,Yuksek,Mobil_Bildirim
YKM06971,33,77,29748.702718815603,31253.760822305263,3,Orta,25,0,1,1,1,Yuksek,SMS
YKM06972,55,20,29600.93816698377,37265.08050090446,5,Yuksek,38,0,4,1,1,Yuksek,Mobil_Bildirim
YKM06973,49,115,70754.80434730343,20929.845703698782,3,Dusuk,31,0,3,1,1,Yuksek,Mobil_Bildirim
YKM06974,23,9,71182.0999424587,36153.68063736083,3,Yuksek,33,1,2,1,1,Orta,SMS
YKM06975,45,119,63614.51453926041,17814.99378646755,5,Yuksek,29,0,2,1,0,Orta,Mobil_Bildirim
YKM06976,33,91,45325.71291148775,77104.49628545513,2,Orta,37,0,2,1,1,Yuksek,SMS
YKM06977,55,170,31342.80902162532,25429.890199597085,3,Orta,47,0,2,1,1,Dusuk,SMS
YKM06978,53,166,57095.626415852734,38414.56926164919,4,Orta,24,0,0,1,0,Yuksek,SMS
YKM06979,43,58,52303.59812728836,22831.69799490344,5,Dusuk,39,0,2,1,1,Orta,SMS
YKM06980,28,117,80334.7087294876,24404.176564539397,4,Yuksek,52,0,2,1,1,Yuksek,Eposta
YKM06981,39,108,70639.31024135606,30204.94450069181,4,Orta,24,0,0,1,1,Orta,SMS
YKM06982,32,48,54396.601472499366,39678.17314353887,4,Orta,41,0,2,1,0,Dusuk,Eposta
YKM06983,68,5,84373.87485462276,59648.504057025275,2,Dusuk,37,0,1,1,0,Dusuk,Eposta
YKM06984,44,40,38873.87484863715,21251.212153006112,5,Yuksek,41,0,1,1,1,Yuksek,Mobil_Bildirim
YKM06985,23,20,39954.719905578284,25343.951020474375,2,Orta,39,1,0,1,0,Yuksek,SMS
YKM06986,29,160,69701.41080504227,35375.5014255919,5,Yuksek,35,0,1,0,0,Orta,SMS
YKM06987,47,65,36127.02076902226,19360.018923651263,4,Yuksek,29,0,1,1,1,Orta,SMS
YKM06988,42,110,53227.61143433868,18753.92193212581,2,Yuksek,42,0,3,1,1,Orta,Mobil_Bildirim
YKM06989,55,16,58143.54876699994,36300.225551474025,4,Yuksek,34,0,3,1,1,Yuksek,SMS
YKM06990,22,31,49325.44405737744,24106.585662183596,5,Orta,37,0,1,1,1,Orta,SMS
YKM06991,31,27,46601.47439681957,34717.737541100556,5,Orta,32,1,1,1,1,Orta,Mobil_Bildirim
YKM06992,42,41,39430.00125104381,46491.75661043221,5,Yuksek,41,0,4,1,1,Yuksek,SMS
YKM06993,63,180,86837.49178159062,54805.44905359031,4,Yuksek,36,0,3,1,1,Yuksek,Eposta
YKM06994,54,147,58919.37800582356,25040.246247900013,4,Orta,39,1,1,1,1,Orta,Eposta
YKM06995,24,151,70420.68223895472,18612.342501378786,2,Dusuk,36,0,3,1,0,Yuksek,Mobil_Bildirim
YKM06996,52,53,42415.536558743166,26192.342217213194,3,Orta,28,0,4,1,0,Orta,Mobil_Bildirim
YKM06997,26,121,39375.922367519364,41933.30754137897,6,Orta,32,0,5,1,0,Orta,Eposta
YKM06998,29,132,74291.37416331076,30210.077156124284,3,Yuksek,46,1,0,1,1,Orta,SMS
YKM06999,46,28,113683.31963723055,34623.77883957236,3,Dusuk,39,1,1,1,1,Orta,Mobil_Bildirim
YKM07000,59,103,33412.09207927484,51627.88646860727,5,Orta,40,0,2,1,1,Orta,Mobil_Bildirim
YKM07001,43,124,66247.07311608426,24255.755039238666,6,Yuksek,25,0,0,0,1,Yuksek,Eposta
YKM07002,29,144,43021.88084537912,16301.08573015833,6,Orta,48,0,2,1,0,Yuksek,SMS
YKM07003,23,3,46189.81112563735,12125.878117029759,4,Orta,50,0,0,1,0,Yuksek,SMS
YKM07004,65,39,116411.64555987991,23818.61114114561,2,Orta,34,0,3,0,0,Orta,SMS
YKM07005,34,142,22978.319908161855,16737.07038277667,4,Yuksek,34,1,1,1,1,Dusuk,Mobil_Bildirim
YKM07006,46,160,54264.41607611558,25894.991224330206,4,Orta,41,0,2,1,1,Yuksek,SMS
YKM07007,44,152,61506.45493828665,15035.846162689832,5,Yuksek,36,1,3,0,1,Orta,Mobil_Bildirim
YKM07008,22,153,51614.86746161123,23459.1522610398,5,Yuksek,40,1,3,1,0,Orta,SMS
YKM07009,23,91,52482.42893269958,80642.40102590853,6,Yuksek,36,0,5,1,1,Yuksek,Eposta
YKM07010,63,10,111221.15458682906,30168.87228331736,5,Orta,45,0,3,1,1,Dusuk,SMS
YKM07011,62,9,27383.98183623903,21575.936680449777,6,Orta,29,0,2,1,1,Orta,Mobil_Bildirim
YKM07012,27,70,50117.425967786054,23228.02428988211,2,Dusuk,47,0,0,1,1,Yuksek,Mobil_Bildirim
YKM07013,62,116,41255.98949403092,14085.499657586946,2,Dusuk,31,0,0,0,0,Orta,Mobil_Bildirim
YKM07014,24,65,58056.55208564793,41096.462953926166,4,Dusuk,34,0,1,1,1,Yuksek,SMS
YKM07015,69,161,72456.11007133781,13508.249748608565,6,Orta,42,0,0,1,0,Orta,Mobil_Bildirim
YKM07016,22,136,67835.37100532392,36831.03585006787,4,Dusuk,33,0,3,1,0,Yuksek,SMS
YKM07017,28,34,79691.76072624137,11945.761107922795,6,Yuksek,44,1,0,1,1,Yuksek,Eposta
YKM07018,55,52,102971.10982451632,26510.629002538084,3,Orta,39,0,0,1,1,Orta,Mobil_Bildirim
YKM07019,35,113,44199.698208621296,35083.87432014696,4,Orta,34,1,1,1,0,Orta,Eposta
YKM07020,33,12,24675.57502620366,21293.672445057156,1,Orta,34,0,1,1,1,Yuksek,Eposta
YKM07021,27,98,57221.218796939145,13439.06656154506,1,Dusuk,38,1,3,0,1,Yuksek,Mobil_Bildirim
YKM07022,51,172,110075.97247844045,12177.540798923486,3,Orta,36,1,3,1,1,Yuksek,SMS
YKM07023,26,88,55448.91493785572,31620.62867120909,6,Orta,37,1,1,1,0,Yuksek,SMS
YKM07024,47,110,46940.84448126929,41631.12500035488,2,Dusuk,24,0,0,1,1,Yuksek,Mobil_Bildirim
YKM07025,32,147,61444.183774535326,47003.08499182928,1,Dusuk,52,0,1,1,1,Dusuk,Mobil_Bildirim
YKM07026,49,31,37025.572722576224,23831.04170804968,6,Orta,37,0,2,1,0,Dusuk,SMS
YKM07027,55,116,80510.29650572427,43707.0494305777,6,Yuksek,37,1,2,0,1,Orta,Mobil_Bildirim
YKM07028,24,28,57362.256581953414,25566.9580138554,3,Dusuk,30,0,0,1,1,Orta,SMS
YKM07029,30,66,50066.84647526999,5931.156998012246,6,Yuksek,33,1,1,1,1,Yuksek,Eposta
YKM07030,41,129,30835.500476376077,74142.03083136228,4,Dusuk,33,0,2,0,1,Yuksek,SMS
YKM07031,26,33,21118.201358380527,31318.888780514102,4,Orta,32,0,1,1,1,Yuksek,Eposta
YKM07032,42,100,69810.10684491589,13148.569373397195,1,Orta,26,0,2,1,1,Dusuk,Mobil_Bildirim
YKM07033,48,36,48773.30590470046,23423.01089671703,2,Orta,35,0,0,1,1,Orta,Mobil_Bildirim
YKM07034,37,155,65862.38991805029,23260.53840405616,2,Yuksek,38,1,1,1,1,Orta,Eposta
YKM07035,59,28,35384.62165948262,27602.083930018664,2,Dusuk,39,0,2,1,0,Yuksek,Mobil_Bildirim
YKM07036,49,37,37767.5616870757,28716.256214303692,3,Dusuk,46,0,1,1,1,Orta,Eposta
YKM07037,23,121,41180.17143087549,21545.85851495387,6,Dusuk,54,0,1,1,1,Orta,SMS
YKM07038,61,107,97359.93903763099,23088.088954154668,1,Yuksek,35,0,0,1,1,Dusuk,SMS
YKM07039,62,3,66761.78139282811,15938.605632633924,2,Orta,35,0,1,1,0,Yuksek,SMS
YKM07040,59,55,27307.66179900892,57185.10439790556,3,Yuksek,42,0,1,1,1,Dusuk,SMS
YKM07041,52,40,91970.74872028666,92963.89356424051,4,Dusuk,38,0,1,1,0,Yuksek,SMS
YKM07042,24,117,54527.60090688261,37549.538211428866,2,Yuksek,32,0,0,1,1,Dusuk,Eposta
YKM07043,53,131,33312.86726494202,25916.446936630175,5,Orta,45,0,1,0,0,Yuksek,SMS
YKM07044,36,124,21716.371617299657,20012.40357600295,2,Orta,33,0,1,1,1,Yuksek,SMS
YKM07045,29,174,49657.02315651215,52183.00758934553,2,Orta,39,1,1,0,0,Yuksek,Mobil_Bildirim
YKM07046,41,22,55531.16583226229,65390.630049093,1,Orta,46,1,0,1,0,Dusuk,Mobil_Bildirim
YKM07047,25,18,37387.84091724489,23285.538530437185,3,Dusuk,53,0,0,1,1,Orta,Eposta
YKM07048,65,181,88165.32686306073,24655.8458690702,4,Orta,50,0,1,1,0,Yuksek,SMS
YKM07049,50,86,44434.29620551679,34765.78366558108,5,Dusuk,31,1,5,0,1,Dusuk,SMS
YKM07050,52,68,24890.900818783673,7075.033660632854,3,Dusuk,43,0,1,0,1,Orta,Mobil_Bildirim
YKM07051,34,126,67313.22889897642,26111.973431997,4,Orta,40,0,0,1,1,Yuksek,Mobil_Bildirim
YKM07052,47,1,35260.54670087331,8315.61330893433,2,Orta,42,1,0,1,0,Yuksek,Mobil_Bildirim
YKM07053,29,27,33901.08560760657,10146.531863713357,1,Orta,38,1,1,0,0,Yuksek,Mobil_Bildirim
YKM07054,65,162,67600.29837130748,23266.830791110697,6,Yuksek,42,1,2,1,0,Dusuk,Mobil_Bildirim
YKM07055,22,66,73250.65369404451,20755.50374128641,3,Dusuk,34,0,1,0,0,Orta,Mobil_Bildirim
YKM07056,51,138,60777.35463042363,22672.827387904366,6,Orta,41,1,3,1,1,Orta,SMS
YKM07057,62,108,59459.17048522496,10429.54473042907,5,Yuksek,23,1,1,0,1,Orta,SMS
YKM07058,58,113,32330.70835731538,17209.165091120572,2,Orta,23,1,1,1,0,Orta,Eposta
YKM07059,43,78,83052.82097390313,19482.95292658857,1,Orta,28,1,1,1,0,Dusuk,Mobil_Bildirim
YKM07060,56,154,100914.16566430079,30490.939689457908,6,Orta,47,0,1,1,0,Yuksek,Mobil_Bildirim
YKM07061,44,171,71029.28224009529,10094.997693373905,4,Dusuk,35,0,1,1,0,Orta,SMS
YKM07062,50,151,41018.82395178241,24118.643884949197,6,Yuksek,34,0,2,0,0,Orta,SMS
YKM07063,37,160,105425.70742933774,34292.969200595464,5,Dusuk,35,0,2,1,1,Yuksek,SMS
YKM07064,58,64,21257.339283286037,50353.114214199246,5,Orta,43,0,0,1,0,Orta,SMS
YKM07065,49,117,41613.24234427867,75740.6446274883,1,Yuksek,42,1,1,1,1,Yuksek,SMS
YKM07066,64,35,89560.75278790075,25991.02689334897,5,Orta,46,0,3,1,1,Orta,Mobil_Bildirim
YKM07067,53,18,23863.843306343482,37462.6412946161,6,Dusuk,32,0,2,0,0,Dusuk,Mobil_Bildirim
YKM07068,59,71,53819.44709727159,33623.400809318526,5,Yuksek,35,0,2,0,1,Yuksek,Eposta
YKM07069,39,101,36053.47929439199,9910.58857786782,2,Yuksek,41,0,2,1,1,Yuksek,Mobil_Bildirim
YKM07070,63,160,38445.72193415172,13301.275731322128,6,Orta,33,0,2,1,0,Yuksek,SMS
YKM07071,53,164,41284.48884541995,29294.611339317857,4,Orta,37,0,3,1,1,Yuksek,SMS
YKM07072,27,91,146641.461982523,31672.99980206647,3,Orta,32,1,1,0,0,Yuksek,SMS
YKM07073,67,128,60065.57980049723,26576.867029663546,6,Orta,25,0,2,1,1,Orta,Eposta
YKM07074,61,113,20532.85145020874,44837.67364792243,1,Dusuk,42,0,2,1,0,Orta,SMS
YKM07075,33,77,60740.56218228243,10039.567865604307,3,Orta,38,0,2,1,1,Orta,Mobil_Bildirim
YKM07076,53,141,70350.45411208282,32951.33356574511,2,Yuksek,37,0,0,1,1,Dusuk,Mobil_Bildirim
YKM07077,54,79,39063.86298247673,22721.550178643338,5,Orta,36,0,2,1,0,Yuksek,Mobil_Bildirim
YKM07078,68,63,45582.48104645842,13704.499471686617,2,Orta,40,0,3,0,0,Orta,Mobil_Bildirim
YKM07079,26,137,43509.3590472025,14689.372877805545,3,Orta,31,0,4,1,1,Orta,Mobil_Bildirim
YKM07080,62,102,33057.78305605274,49490.19818985488,1,Orta,36,0,1,1,1,Orta,SMS
YKM07081,62,152,81178.53139380472,44030.33311121127,2,Orta,49,0,1,1,0,Orta,Mobil_Bildirim
YKM07082,55,93,76029.54043344328,19846.913889433745,3,Orta,48,0,0,1,1,Orta,Mobil_Bildirim
YKM07083,46,97,60055.630341026306,16763.30516313757,4,Orta,42,1,2,1,1,Yuksek,SMS
YKM07084,35,99,71938.47205091087,40934.22765933093,3,Yuksek,42,0,1,1,0,Yuksek,SMS
YKM07085,42,121,36357.787147277435,22098.591720633267,5,Yuksek,36,0,0,1,0,Yuksek,SMS
YKM07086,66,7,33186.18301902515,20659.754628795425,6,Orta,48,0,1,0,1,Yuksek,SMS
YKM07087,24,80,47603.34082683658,52181.531895041204,5,Orta,45,0,0,0,0,Yuksek,Mobil_Bildirim
YKM07088,51,171,58320.40570453994,39448.79943940908,3,Dusuk,38,1,2,1,1,Orta,Mobil_Bildirim
YKM07089,65,158,27096.84420975057,14792.606846001187,4,Orta,33,0,1,1,0,Yuksek,SMS
YKM07090,28,88,43248.00423147688,90247.67906801264,2,Yuksek,36,0,1,1,0,Dusuk,Mobil_Bildirim
YKM07091,56,67,37605.616386927664,20907.863310999324,1,Yuksek,29,0,2,1,0,Dusuk,Eposta
YKM07092,32,130,67768.12296152794,19011.97769089756,4,Yuksek,29,0,2,1,1,Yuksek,Eposta
YKM07093,35,107,20517.604286189915,32792.59609671747,1,Orta,44,0,0,1,1,Orta,Mobil_Bildirim
YKM07094,30,64,32724.05083788569,75836.1499260682,5,Orta,30,1,2,1,1,Yuksek,SMS
YKM07095,47,155,70739.58267322062,36336.372248797015,1,Dusuk,43,1,1,1,1,Yuksek,SMS
YKM07096,50,148,60275.26503547807,23199.46725599139,1,Orta,35,0,1,1,1,Orta,Mobil_Bildirim
YKM07097,31,61,46376.89899070465,16066.22328926207,5,Orta,45,0,1,1,1,Dusuk,SMS
YKM07098,25,186,79308.47088216747,11699.930275945857,2,Orta,24,0,0,1,1,Yuksek,Eposta
YKM07099,44,161,64069.44494388355,43860.49825841329,5,Orta,42,0,2,1,1,Dusuk,SMS
YKM07100,49,100,56995.49905601183,31791.935064412068,3,Yuksek,29,0,1,0,0,Orta,SMS
YKM07101,64,124,90866.30252347495,25553.336035694763,6,Yuksek,34,0,1,1,0,Yuksek,Mobil_Bildirim
YKM07102,62,6,47014.47722306967,11710.217554668776,3,Yuksek,34,1,1,0,0,Yuksek,Mobil_Bildirim
YKM07103,57,166,38497.538596293656,24053.514008241633,3,Dusuk,30,0,1,1,1,Dusuk,Mobil_Bildirim
YKM07104,37,67,52069.37870942698,7743.238007093804,3,Orta,42,0,4,1,0,Orta,Mobil_Bildirim
YKM07105,53,31,26709.497992623175,43144.03708594367,1,Orta,35,1,1,1,1,Orta,Mobil_Bildirim
YKM07106,26,175,51388.08339718222,21430.872791633872,3,Yuksek,44,0,1,1,1,Yuksek,Mobil_Bildirim
YKM07107,37,76,32326.4226948371,44955.41711889426,4,Dusuk,45,0,0,1,0,Orta,Eposta
YKM07108,47,72,102865.2720482093,57113.62597454166,2,Orta,36,0,1,0,0,Orta,Mobil_Bildirim
YKM07109,60,41,38073.69399292838,25906.582500948745,4,Orta,30,0,2,1,0,Orta,Mobil_Bildirim
YKM07110,58,42,44314.79963032517,39132.45378676974,6,Yuksek,53,0,2,1,1,Yuksek,SMS
YKM07111,39,43,83107.0844161141,36494.59749733471,3,Yuksek,47,1,4,1,1,Yuksek,SMS
YKM07112,42,115,31942.271938293085,10932.308556155469,3,Orta,33,1,0,1,0,Orta,Mobil_Bildirim
YKM07113,63,93,87177.06046129881,45687.01924763129,6,Yuksek,29,0,2,0,1,Yuksek,Eposta
YKM07114,41,155,153909.06904423938,7870.388909103835,1,Yuksek,36,0,1,1,1,Yuksek,SMS
YKM07115,34,151,50708.34602360431,82992.45602616487,2,Dusuk,33,0,2,1,0,Yuksek,SMS
YKM07116,40,45,33685.622528963715,25111.32900897153,6,Orta,35,0,1,1,0,Orta,SMS
YKM07117,46,13,45896.323567370375,33944.1088530108,1,Dusuk,43,0,0,1,1,Orta,Mobil_Bildirim
YKM07118,53,149,28995.943335323245,23906.66571395233,3,Orta,37,0,0,1,0,Dusuk,Mobil_Bildirim
YKM07119,51,17,37901.458256805745,17788.57573017972,4,Orta,48,0,0,1,1,Orta,Eposta
YKM07120,48,45,23787.93007613496,20988.676844261798,5,Orta,29,0,0,1,0,Yuksek,Mobil_Bildirim
YKM07121,57,6,48740.315731244984,40513.90153124078,1,Orta,31,0,0,1,1,Orta,SMS
YKM07122,68,116,35124.00876068514,25397.446297285805,5,Dusuk,45,1,0,1,1,Orta,Eposta
YKM07123,24,121,29264.54201547953,31581.165763145025,5,Orta,46,1,1,0,1,Yuksek,Eposta
YKM07124,68,74,67197.1090781808,47850.46298148447,2,Orta,37,0,2,1,1,Orta,SMS
YKM07125,68,110,57749.28133963839,22522.78599495054,4,Dusuk,31,0,2,0,1,Dusuk,SMS
YKM07126,48,60,66174.74530314226,22177.11704216534,4,Orta,41,0,1,1,0,Yuksek,Eposta
YKM07127,48,58,35560.24513276163,28811.85864047688,3,Yuksek,29,1,2,1,1,Orta,Eposta
YKM07128,20,137,50938.93145043952,22824.891931100177,6,Yuksek,29,0,0,1,1,Orta,SMS
YKM07129,66,160,48999.42952809028,8169.2369229271,6,Orta,35,1,1,0,1,Dusuk,Mobil_Bildirim
YKM07130,59,4,66894.33126124687,17311.584361984485,2,Orta,39,0,1,1,0,Yuksek,SMS
YKM07131,26,78,57830.735677938195,13361.057877022116,4,Yuksek,41,0,0,1,0,Orta,SMS
YKM07132,54,40,80984.18204836268,64830.035701380235,5,Yuksek,37,0,2,1,1,Dusuk,Mobil_Bildirim
YKM07133,40,89,63431.01049860881,38721.37878375949,1,Dusuk,36,0,1,1,1,Orta,SMS
YKM07134,66,18,62850.10621568046,18198.88556594984,5,Dusuk,41,1,1,1,1,Yuksek,Eposta
YKM07135,31,1,58691.448887672355,6624.882814212889,2,Orta,49,1,2,0,1,Dusuk,Eposta
YKM07136,43,175,43475.54702251091,16897.628334070283,5,Dusuk,36,0,2,1,1,Orta,Mobil_Bildirim
YKM07137,56,97,53522.330956846796,18278.602440001705,1,Yuksek,42,0,2,0,1,Yuksek,Mobil_Bildirim
YKM07138,46,113,20592.233946479246,26874.7461288921,3,Orta,46,0,4,1,0,Orta,Eposta
YKM07139,49,57,64796.12803811153,16026.744036226195,5,Orta,42,0,1,1,1,Orta,SMS
YKM07140,44,17,114976.11536075153,14002.639117643368,6,Yuksek,38,0,1,1,1,Yuksek,Mobil_Bildirim
YKM07141,29,170,31573.111213504428,17260.430182343684,2,Dusuk,37,1,4,1,0,Orta,SMS
YKM07142,39,138,30556.49930628356,15876.502969600946,3,Dusuk,31,1,5,1,1,Yuksek,SMS
YKM07143,28,169,32525.94756683708,42284.54402936698,4,Yuksek,41,0,2,1,0,Yuksek,SMS
YKM07144,62,72,36032.54398036503,32185.85919307145,6,Orta,38,1,0,0,1,Orta,SMS
YKM07145,41,69,61882.87495170567,17377.42585665871,5,Orta,36,1,0,1,0,Dusuk,Eposta
YKM07146,37,51,57855.73598709637,22290.59052111718,6,Dusuk,33,0,0,1,0,Yuksek,SMS
YKM07147,65,59,70722.24087892518,30664.993702369145,5,Orta,44,0,2,1,1,Yuksek,Mobil_Bildirim
YKM07148,55,106,48329.0107989453,28140.530533868674,3,Yuksek,31,0,1,1,1,Orta,Mobil_Bildirim
YKM07149,45,27,68173.06944839026,12696.913013698284,3,Orta,38,0,0,1,0,Orta,Mobil_Bildirim
YKM07150,36,45,13129.552419170797,23053.273899043314,2,Yuksek,33,1,0,1,1,Orta,Mobil_Bildirim
YKM07151,66,96,61312.19199172361,51395.181202539534,6,Dusuk,52,0,1,1,1,Yuksek,Mobil_Bildirim
YKM07152,58,108,36883.73853264714,27596.92191339488,2,Dusuk,42,0,1,1,0,Orta,Eposta
YKM07153,40,63,65889.02577127954,25401.57490753166,2,Yuksek,31,0,2,1,1,Dusuk,SMS
YKM07154,59,174,31319.432138950655,38883.64846031003,1,Yuksek,45,1,3,1,0,Orta,SMS
YKM07155,49,16,70667.75385252314,7859.134373594531,2,Orta,43,1,0,1,1,Yuksek,SMS
YKM07156,63,51,49927.30459576222,24888.77279851999,3,Orta,30,0,2,1,1,Dusuk,Mobil_Bildirim
YKM07157,43,1,55275.81485562858,37694.62367255857,1,Yuksek,46,0,0,1,0,Orta,Mobil_Bildirim
YKM07158,24,23,44055.8131975538,35090.94184045592,6,Orta,33,1,0,1,1,Yuksek,SMS
YKM07159,29,171,37177.98644699783,11795.14441777939,5,Orta,34,0,1,0,0,Yuksek,Eposta
YKM07160,48,42,48752.205767850624,35956.8388534628,5,Orta,45,0,4,0,1,Orta,SMS
YKM07161,47,78,55738.05432596295,70620.2724482885,2,Yuksek,30,1,3,1,0,Yuksek,Mobil_Bildirim
YKM07162,58,32,24437.700681048216,12431.890214812182,4,Orta,54,0,1,1,1,Yuksek,Mobil_Bildirim
YKM07163,57,72,49800.686398374455,7427.0037907861015,2,Dusuk,43,0,0,1,1,Dusuk,Mobil_Bildirim
YKM07164,45,109,19251.008788196657,23914.12509565334,1,Yuksek,32,0,1,1,1,Yuksek,SMS
YKM07165,32,64,60510.03423631078,21979.862696295357,4,Dusuk,36,0,0,1,1,Dusuk,SMS
YKM07166,39,129,21687.48994825118,24992.253050043084,6,Dusuk,41,1,1,1,1,Orta,Mobil_Bildirim
YKM07167,60,19,60859.248207146404,34125.87072543056,4,Orta,37,0,0,1,0,Orta,Mobil_Bildirim
YKM07168,59,134,54573.41711888165,20784.122215944237,1,Yuksek,47,0,0,1,1,Yuksek,Mobil_Bildirim
YKM07169,22,113,38328.31075415916,16706.4430507021,3,Dusuk,42,1,3,1,1,Yuksek,Mobil_Bildirim
YKM07170,26,42,48860.63232625315,23687.84305572547,2,Orta,44,0,2,1,0,Orta,SMS
YKM07171,58,30,48486.46128121615,16156.207493188766,4,Orta,42,1,1,1,1,Dusuk,SMS
YKM07172,27,17,24620.410482959203,33586.198643664866,1,Yuksek,39,0,2,1,0,Yuksek,Eposta
YKM07173,22,125,71297.9185796899,72592.64451181985,1,Yuksek,28,0,1,1,1,Yuksek,SMS
YKM07174,62,141,37327.5209805319,38398.45826472148,6,Yuksek,57,0,3,1,1,Yuksek,Mobil_Bildirim
YKM07175,70,10,30146.884901979116,13998.601748897861,2,Yuksek,33,0,0,1,0,Orta,SMS
YKM07176,65,146,43813.45712368722,24879.00191613565,4,Yuksek,44,0,1,1,1,Orta,SMS
YKM07177,58,102,72039.35968303132,18410.269291478082,6,Yuksek,39,1,3,1,1,Yuksek,SMS
YKM07178,27,157,35798.91150775975,20816.427976766256,2,Yuksek,38,0,2,1,1,Yuksek,Mobil_Bildirim
YKM07179,57,166,67573.6416938275,24353.680226900866,5,Yuksek,43,0,1,1,0,Dusuk,Mobil_Bildirim
YKM07180,67,145,35062.78568402198,41409.26498403671,5,Yuksek,38,0,3,1,0,Orta,Mobil_Bildirim
YKM07181,53,123,33322.44658483972,15582.645697998063,1,Dusuk,27,0,1,1,1,Yuksek,Mobil_Bildirim
YKM07182,67,88,48226.364685277775,24572.642203681986,4,Orta,40,0,4,1,1,Dusuk,SMS
YKM07183,41,142,36210.83697355992,19319.945776878398,5,Orta,38,0,1,0,0,Orta,Mobil_Bildirim
YKM07184,52,99,39896.934741875426,22543.101088548574,1,Dusuk,49,0,2,0,1,Yuksek,SMS
YKM07185,68,157,62979.7512263075,42422.91177026319,3,Orta,38,0,2,1,0,Dusuk,Mobil_Bildirim
YKM07186,26,144,42552.508719890015,27452.506324497797,4,Yuksek,41,1,2,1,1,Orta,SMS
YKM07187,45,85,58021.56003567139,42856.844356672875,5,Dusuk,37,0,0,1,0,Yuksek,Mobil_Bildirim
YKM07188,26,76,53663.37294918508,16672.491088659393,2,Dusuk,41,0,2,0,1,Orta,Mobil_Bildirim
YKM07189,48,54,44650.44730844764,32716.236148549706,1,Orta,31,0,1,1,0,Orta,SMS
YKM07190,28,62,21043.127934453314,24734.41868644348,4,Dusuk,30,0,2,1,1,Orta,Eposta
YKM07191,64,161,76651.35321578626,11544.210945790624,3,Dusuk,47,0,1,1,1,Dusuk,Mobil_Bildirim
YKM07192,61,70,40071.91517148141,14587.440794432643,2,Yuksek,39,0,1,1,1,Yuksek,Mobil_Bildirim
YKM07193,64,12,64572.83797407599,16970.147460257078,3,Dusuk,29,0,1,1,0,Orta,Mobil_Bildirim
YKM07194,22,170,68767.93202200365,43524.36345138997,1,Orta,45,1,2,0,1,Orta,SMS
YKM07195,52,102,77615.68952022359,12722.595575305515,6,Yuksek,39,0,1,1,0,Yuksek,SMS
YKM07196,34,80,40145.88492266619,32895.69001291615,3,Orta,48,0,1,0,1,Orta,SMS
YKM07197,43,178,37987.50979730614,8629.170453841169,5,Orta,37,0,0,1,1,Orta,Mobil_Bildirim
YKM07198,35,97,74345.74522050802,24851.947012600576,4,Orta,33,0,0,1,1,Yuksek,SMS
YKM07199,55,26,25794.24896198992,13625.17774122314,1,Dusuk,41,0,0,1,1,Yuksek,Eposta
YKM07200,35,144,66685.34416454723,7945.044224622213,1,Yuksek,39,0,2,1,1,Orta,Mobil_Bildirim
YKM07201,60,92,25915.94577059342,57159.22673682995,4,Dusuk,30,0,2,1,1,Dusuk,Eposta
YKM07202,69,49,50395.24641123424,22825.47730591638,1,Dusuk,47,0,2,1,1,Orta,Eposta
YKM07203,68,152,46172.4516553766,11890.735119726818,6,Orta,37,1,1,0,1,Dusuk,Mobil_Bildirim
YKM07204,23,26,68727.89352901465,12437.752217798556,2,Yuksek,35,0,1,0,0,Orta,Eposta
YKM07205,56,57,26983.0372140441,27319.60827225333,2,Orta,33,0,2,1,1,Yuksek,SMS
YKM07206,22,83,25677.817512982463,74120.00375444477,1,Orta,44,0,1,1,1,Orta,Eposta
YKM07207,42,97,87866.34746957819,41709.91987802359,5,Orta,37,0,0,1,1,Yuksek,Mobil_Bildirim
YKM07208,48,29,83590.48402769289,31202.17584489222,1,Dusuk,26,0,0,1,0,Yuksek,Mobil_Bildirim
YKM07209,65,35,27398.125456004356,29653.034380854973,2,Yuksek,32,0,0,1,1,Yuksek,SMS
YKM07210,26,25,29239.334428194157,86572.92568460366,6,Orta,28,1,2,1,1,Orta,Mobil_Bildirim
YKM07211,56,77,50168.461469024565,26909.671307127246,6,Orta,31,0,3,1,1,Yuksek,Mobil_Bildirim
YKM07212,51,146,55410.61978559946,7003.037052423683,2,Dusuk,41,1,1,1,0,Orta,SMS
YKM07213,41,9,28545.714953387007,28349.161758508482,1,Dusuk,36,0,2,0,1,Yuksek,Eposta
YKM07214,44,39,49581.1083774463,31310.825045378177,4,Orta,38,0,1,1,1,Orta,SMS
YKM07215,39,105,44676.71017969998,42478.186368328534,4,Yuksek,29,1,1,0,1,Yuksek,SMS
YKM07216,61,73,83445.00630223323,44923.25209162861,5,Orta,35,0,1,1,1,Orta,Mobil_Bildirim
YKM07217,31,113,39016.093078309634,44640.72727095783,2,Orta,38,0,3,1,0,Orta,Eposta
YKM07218,34,128,34685.45054275432,41858.03780597745,1,Orta,33,0,3,1,0,Yuksek,Eposta
YKM07219,51,103,49658.05393430756,25602.677658365683,4,Orta,34,0,1,1,1,Orta,SMS
YKM07220,43,145,79730.99142911275,42649.71266017301,3,Orta,38,0,3,1,1,Yuksek,Mobil_Bildirim
YKM07221,53,1,79983.37031808411,21787.015275248297,4,Orta,39,1,1,1,0,Yuksek,Eposta
YKM07222,58,33,60280.10010731739,22999.358792465468,4,Dusuk,41,0,1,0,1,Yuksek,Mobil_Bildirim
YKM07223,50,113,29410.882921720142,24366.96902616412,5,Yuksek,46,1,0,1,0,Orta,SMS
YKM07224,30,3,30544.256874887265,34275.07617549719,3,Orta,33,1,5,1,1,Orta,SMS
YKM07225,49,52,100670.25726038245,17941.98990223311,5,Orta,34,0,1,1,1,Dusuk,SMS
YKM07226,47,123,172065.710697641,19040.01647392121,2,Dusuk,42,1,3,1,0,Orta,SMS
YKM07227,36,115,59904.503998280394,22029.48428345927,3,Yuksek,41,0,3,0,1,Yuksek,SMS
YKM07228,57,25,45288.741274603846,41317.33622365247,4,Orta,42,0,3,1,1,Orta,Mobil_Bildirim
YKM07229,56,177,46274.07797012903,32528.339892254855,4,Orta,33,1,2,1,1,Yuksek,Eposta
YKM07230,47,16,73471.89831324265,27217.68258904752,4,Dusuk,31,0,2,1,1,Orta,SMS
YKM07231,59,178,59571.25562616772,25382.372746551384,1,Orta,35,0,2,1,1,Orta,Mobil_Bildirim
YKM07232,54,50,33238.896240649905,15174.867885194171,2,Orta,36,0,0,1,0,Yuksek,Mobil_Bildirim
YKM07233,62,42,40011.311591596415,19151.18381240515,6,Orta,33,0,0,1,1,Orta,SMS
YKM07234,64,109,84920.03103932073,36185.0734356148,3,Yuksek,41,0,1,1,1,Yuksek,Mobil_Bildirim
YKM07235,33,144,77009.21844465956,35782.17289855395,1,Orta,39,0,0,1,1,Orta,Mobil_Bildirim
YKM07236,64,18,58311.15948865906,37358.149151642574,2,Orta,38,0,0,1,1,Yuksek,Mobil_Bildirim
YKM07237,60,176,44782.89903579596,19845.93018287767,5,Dusuk,34,0,1,1,1,Dusuk,Eposta
YKM07238,49,54,56301.40826915595,36079.990630374676,3,Orta,40,1,0,1,1,Yuksek,Mobil_Bildirim
YKM07239,56,27,77354.19401805822,33411.24842381435,1,Dusuk,52,0,1,1,1,Orta,Mobil_Bildirim
YKM07240,23,132,49790.43672215503,15433.927846482406,2,Orta,51,1,2,0,0,Orta,Mobil_Bildirim
YKM07241,24,61,26889.16291994824,25625.21462881174,3,Orta,35,0,2,0,0,Dusuk,Eposta
YKM07242,20,109,48137.56738542847,16726.404004840122,6,Orta,37,1,0,0,0,Orta,Eposta
YKM07243,59,160,40079.93807211915,47709.91140464201,5,Yuksek,35,0,3,1,1,Orta,Mobil_Bildirim
YKM07244,19,126,66523.80659883717,32955.4247395817,1,Orta,36,1,1,1,1,Yuksek,Mobil_Bildirim
YKM07245,54,174,44260.79942894143,26978.78746342989,4,Orta,49,0,1,1,1,Dusuk,Mobil_Bildirim
YKM07246,54,111,37782.08469136099,20439.8117208339,1,Yuksek,26,0,0,1,0,Yuksek,Mobil_Bildirim
YKM07247,42,6,42326.318146709986,21488.561938030703,1,Yuksek,40,1,0,0,1,Yuksek,Eposta
YKM07248,48,102,30305.327699928413,14081.582057265317,6,Yuksek,45,0,1,0,0,Yuksek,Mobil_Bildirim
YKM07249,30,87,43265.80698043639,62178.742070801556,6,Yuksek,39,0,0,0,1,Dusuk,Eposta
YKM07250,26,134,26589.593526438624,37008.47412113268,6,Orta,47,0,3,1,1,Yuksek,Mobil_Bildirim
YKM07251,44,150,97699.32358648907,29371.37339635581,4,Orta,42,0,4,0,1,Yuksek,Mobil_Bildirim
YKM07252,28,169,22134.91602760012,40311.64463239953,3,Yuksek,31,0,1,1,1,Yuksek,Mobil_Bildirim
YKM07253,37,29,48149.29368390749,38168.58999623551,5,Yuksek,42,0,0,1,1,Orta,Eposta
YKM07254,55,147,42658.45159520276,30879.118652639387,5,Orta,37,0,0,1,1,Yuksek,Eposta
YKM07255,37,148,87850.86256657324,29739.193162211766,3,Orta,33,0,1,1,1,Yuksek,Mobil_Bildirim
YKM07256,54,149,60439.28366308608,23372.765444055716,4,Orta,39,1,1,1,1,Orta,Eposta
YKM07257,27,167,52967.27784620037,15599.63276732936,1,Yuksek,22,0,0,0,1,Yuksek,Eposta
YKM07258,39,4,36586.01446397096,15159.927182729069,5,Orta,41,0,2,1,1,Dusuk,Mobil_Bildirim
YKM07259,42,135,46073.436902607114,12286.084552854585,6,Yuksek,41,1,1,1,0,Yuksek,SMS
YKM07260,51,86,79529.2768885739,24515.013019534665,4,Orta,45,0,1,1,1,Orta,Mobil_Bildirim
YKM07261,21,141,42968.72417315433,10783.839534330175,3,Orta,44,0,2,1,1,Orta,Mobil_Bildirim
YKM07262,39,104,71912.143156695,25153.869424655517,6,Orta,30,0,1,0,1,Dusuk,SMS
YKM07263,46,110,28357.07626759202,31261.418294875286,6,Orta,35,1,0,1,1,Dusuk,Mobil_Bildirim
YKM07264,65,49,17116.086338288034,34400.98077125919,6,Yuksek,37,1,1,0,0,Orta,SMS
YKM07265,68,66,80591.35892448801,65461.85016020183,4,Orta,38,0,0,1,1,Orta,Mobil_Bildirim
YKM07266,30,90,46102.442176306875,9857.44132188852,1,Dusuk,25,0,1,1,1,Orta,SMS
YKM07267,63,67,80843.37975648606,30055.319807555275,1,Orta,50,0,1,1,0,Orta,Mobil_Bildirim
YKM07268,44,94,28996.740131056147,12027.854089984705,5,Dusuk,39,0,0,1,0,Orta,Mobil_Bildirim
YKM07269,26,42,73849.54757263795,23795.111027017698,6,Orta,41,0,2,1,1,Yuksek,Mobil_Bildirim
YKM07270,34,148,62173.96122414172,42554.82847441275,2,Orta,41,0,1,1,1,Orta,Mobil_Bildirim
YKM07271,49,128,61583.43409726391,17847.449342679323,4,Yuksek,39,0,1,0,0,Dusuk,Mobil_Bildirim
YKM07272,23,84,97185.60201637159,97350.71691234512,6,Dusuk,49,0,4,1,1,Yuksek,Mobil_Bildirim
YKM07273,60,33,17161.79965522802,35585.28030469997,6,Dusuk,38,0,1,1,1,Yuksek,Mobil_Bildirim
YKM07274,61,156,80631.43071014977,44601.03848014629,2,Orta,47,0,1,1,0,Orta,Mobil_Bildirim
YKM07275,29,109,29839.20369460781,24411.238592737525,5,Orta,40,0,2,1,1,Dusuk,Eposta
YKM07276,32,58,32631.58744580826,71682.01232106134,5,Yuksek,29,0,1,1,1,Yuksek,Mobil_Bildirim
YKM07277,29,86,148784.80867333777,32497.427186140907,3,Orta,38,1,1,0,0,Yuksek,SMS
YKM07278,66,155,55590.20911007804,10836.004119567835,3,Orta,40,0,2,1,1,Orta,Mobil_Bildirim
YKM07279,23,109,50644.02986752035,8941.570967207022,3,Yuksek,28,0,1,1,1,Yuksek,Eposta
YKM07280,60,132,46595.050940943205,34487.800200428945,5,Dusuk,41,1,1,1,0,Orta,Mobil_Bildirim
YKM07281,61,155,82619.63931631742,30044.19564765836,2,Dusuk,26,0,1,1,0,Yuksek,SMS
YKM07282,55,72,45857.88637336378,50173.13343243051,5,Orta,31,0,1,1,1,Dusuk,Eposta
YKM07283,55,152,42943.995730791765,30766.25737812357,2,Orta,37,0,2,1,1,Orta,SMS
YKM07284,33,23,37451.39894054548,15214.947970521564,6,Dusuk,37,0,2,1,0,Yuksek,Mobil_Bildirim
YKM07285,50,145,134906.02988171607,11299.963792702303,4,Orta,47,1,5,1,0,Orta,Eposta
YKM07286,34,80,35354.99579679354,27548.284159578783,6,Orta,31,0,0,0,0,Yuksek,SMS
YKM07287,25,36,36535.41505607717,8958.000520584877,6,Orta,38,0,1,1,1,Yuksek,Mobil_Bildirim
YKM07288,27,149,61168.29308667993,11713.348084129022,6,Orta,43,0,1,1,1,Yuksek,Mobil_Bildirim
YKM07289,54,44,47730.19432598835,27265.560608613985,1,Dusuk,38,0,4,1,1,Dusuk,SMS
YKM07290,53,69,46478.75851569926,39754.90489490382,6,Yuksek,36,0,2,0,0,Orta,SMS
YKM07291,33,1,142254.01378839,15480.634354413727,2,Yuksek,33,0,2,1,0,Orta,Mobil_Bildirim
YKM07292,32,70,25199.754823593586,10445.627360194096,3,Yuksek,32,0,2,1,1,Yuksek,SMS
YKM07293,67,86,67002.83823138675,45877.85255594579,2,Orta,32,0,2,1,1,Orta,SMS
YKM07294,34,149,120042.66155438572,19624.814232004563,6,Yuksek,37,1,2,1,1,Dusuk,SMS
YKM07295,51,17,72693.8375216988,21299.445336948553,5,Yuksek,43,0,0,1,1,Orta,Mobil_Bildirim
YKM07296,65,142,84422.50479440398,38939.8931312785,4,Dusuk,33,1,1,0,0,Orta,SMS
YKM07297,49,164,26791.351902243987,46994.553493473344,6,Yuksek,38,1,1,1,1,Orta,SMS
YKM07298,52,153,73891.52203858255,49776.645904324534,3,Orta,42,1,0,1,1,Dusuk,Eposta
YKM07299,31,157,46226.88620841637,10881.993365137996,1,Dusuk,46,0,1,1,1,Orta,Mobil_Bildirim
YKM07300,64,140,55811.60123624521,35924.24709780462,5,Yuksek,29,0,0,1,1,Orta,Mobil_Bildirim
YKM07301,25,173,31878.487331563076,21271.110304505743,5,Orta,34,1,0,1,1,Yuksek,SMS
YKM07302,54,38,48647.8791957545,30705.685852692324,3,Yuksek,30,0,0,1,1,Orta,SMS
YKM07303,32,177,32936.55973200481,29811.6122601355,2,Dusuk,52,0,2,1,0,Orta,Eposta
YKM07304,44,145,82455.89781665258,14331.206220341224,5,Orta,32,1,2,1,0,Yuksek,SMS
YKM07305,67,70,17358.89748219827,15478.948542186554,2,Orta,44,0,0,0,1,Yuksek,Eposta
YKM07306,22,156,75139.11041564528,18394.361348428247,6,Dusuk,44,1,1,1,1,Yuksek,SMS
YKM07307,32,167,16846.814277720663,26840.106928385,5,Dusuk,36,0,0,0,1,Orta,Eposta
YKM07308,65,160,54309.49735841647,8204.474869169882,5,Orta,28,0,1,1,0,Yuksek,SMS
YKM07309,47,139,40486.790866854906,16194.302848734673,3,Orta,40,0,0,0,1,Dusuk,Mobil_Bildirim
YKM07310,46,144,83364.55544163071,41708.225179416404,1,Dusuk,42,0,2,1,1,Yuksek,Eposta
YKM07311,23,93,29022.592577363215,20425.288645490567,2,Yuksek,48,0,1,1,0,Yuksek,Mobil_Bildirim
YKM07312,69,182,72824.34325447651,19388.440749938793,1,Dusuk,30,0,2,1,0,Dusuk,Mobil_Bildirim
YKM07313,69,6,15468.085057272494,25719.805174909787,2,Orta,41,0,1,0,1,Orta,Mobil_Bildirim
YKM07314,56,115,79715.21856967526,52570.2755134948,3,Yuksek,40,0,1,1,1,Yuksek,Eposta
YKM07315,58,97,17412.906950221233,15156.856089329087,1,Orta,20,0,2,1,1,Yuksek,Eposta
YKM07316,62,72,33123.34280603539,26210.269893405024,4,Dusuk,29,0,1,1,1,Yuksek,SMS
YKM07317,23,75,47293.50412806062,50212.02726949676,5,Orta,41,0,0,0,0,Yuksek,Mobil_Bildirim
YKM07318,27,18,36396.73377928151,43865.96430517156,1,Dusuk,49,0,2,1,1,Dusuk,SMS
YKM07319,45,32,64394.61033305363,33639.88893023472,6,Orta,29,1,1,0,1,Orta,SMS
YKM07320,40,56,15814.809045849895,21905.3779854529,4,Dusuk,48,0,3,1,1,Yuksek,SMS
YKM07321,65,20,30376.614888936972,12909.578015292003,2,Yuksek,35,1,3,1,0,Dusuk,Eposta
YKM07322,55,1,48784.55379735887,66883.12312225156,3,Orta,31,0,1,1,1,Yuksek,Eposta
YKM07323,60,68,42954.38695384579,46304.16670478625,5,Yuksek,42,0,4,1,0,Orta,SMS
YKM07324,47,135,43942.13037621081,15762.487663795873,6,Orta,35,1,1,1,1,Yuksek,Mobil_Bildirim
YKM07325,62,37,46349.275946434456,32525.35541102076,5,Yuksek,35,0,1,0,1,Orta,Eposta
YKM07326,62,166,70023.71877983029,9035.048201325733,1,Orta,42,1,2,1,0,Yuksek,Mobil_Bildirim
YKM07327,22,30,90754.61129577915,39531.009260641105,2,Orta,36,0,2,0,1,Orta,Mobil_Bildirim
YKM07328,62,106,40108.64040537703,16765.342175085032,1,Orta,34,0,1,1,0,Orta,Mobil_Bildirim
YKM07329,67,46,26791.816698740346,20271.014042661485,4,Yuksek,39,0,2,1,0,Orta,SMS
YKM07330,52,133,47184.36623124031,47882.77748749976,1,Orta,50,1,1,1,0,Yuksek,SMS
YKM07331,54,54,25987.118605828233,22336.16734129395,6,Yuksek,39,0,0,1,0,Orta,Mobil_Bildirim
YKM07332,35,133,35718.71813918564,12846.079110365754,3,Orta,44,0,2,1,0,Yuksek,Mobil_Bildirim
YKM07333,60,104,43058.2064071824,12788.15295019129,5,Yuksek,46,1,2,1,0,Dusuk,Mobil_Bildirim
YKM07334,38,144,17100.69288051657,47073.03082276196,3,Yuksek,43,0,4,1,1,Orta,Mobil_Bildirim
YKM07335,40,90,95033.59016790627,41971.7826948369,4,Orta,41,0,0,1,0,Orta,SMS
YKM07336,46,133,62379.78261018088,55374.73813281788,6,Yuksek,41,0,2,1,1,Orta,Mobil_Bildirim
YKM07337,49,145,50015.21769296958,19316.16310933902,5,Orta,40,0,0,1,1,Yuksek,Mobil_Bildirim
YKM07338,46,41,42065.315571257815,44491.469997603315,4,Orta,28,0,3,1,1,Orta,Mobil_Bildirim
YKM07339,45,28,40150.16559003578,30447.125942549163,3,Yuksek,32,1,2,1,1,Orta,SMS
YKM07340,20,74,40383.538924264474,10671.1370989989,4,Orta,35,0,2,1,1,Orta,SMS
YKM07341,26,121,19931.97269386194,21409.878884059992,4,Orta,46,1,1,1,0,Orta,SMS
YKM07342,51,42,63363.88337919107,19088.710859943076,5,Orta,43,0,3,1,1,Orta,Mobil_Bildirim
YKM07343,28,82,47280.45309980455,26000.749435799084,3,Yuksek,35,1,1,1,0,Yuksek,Mobil_Bildirim
YKM07344,22,143,34279.22846206835,43473.49184703279,4,Yuksek,39,0,0,1,1,Yuksek,SMS
YKM07345,38,43,28423.39319649913,44661.947534004976,3,Orta,32,0,1,1,0,Dusuk,Mobil_Bildirim
YKM07346,24,40,25895.426893045056,32118.60773060181,1,Dusuk,47,0,1,1,1,Orta,Mobil_Bildirim
YKM07347,39,168,18292.379389521717,29051.643300715972,4,Orta,39,0,0,0,1,Dusuk,SMS
YKM07348,28,58,48701.94722473742,14357.335644231114,2,Orta,39,1,4,0,0,Yuksek,Eposta
YKM07349,30,162,62240.46211208133,33379.861807156936,3,Dusuk,29,0,2,0,1,Orta,Mobil_Bildirim
YKM07350,39,5,29649.68436849641,16736.374889637973,1,Orta,38,0,2,1,0,Orta,Mobil_Bildirim
YKM07351,62,1,65644.69664760283,13415.749617823321,1,Orta,38,0,3,1,1,Yuksek,Mobil_Bildirim
YKM07352,24,135,56996.60074661637,49703.242688728555,2,Yuksek,28,0,1,1,0,Yuksek,Eposta
YKM07353,50,86,84249.05835269552,14312.489196890854,1,Yuksek,46,0,2,0,1,Orta,Eposta
YKM07354,26,82,18758.59815905133,25768.72817960743,3,Yuksek,33,1,1,1,1,Dusuk,Eposta
YKM07355,62,71,31989.437135632452,25891.89733434976,4,Dusuk,29,0,1,1,1,Yuksek,SMS
YKM07356,44,92,44934.604869978146,40513.34132742971,3,Orta,45,0,2,1,0,Orta,Eposta
YKM07357,52,174,133068.88344855,35869.17968779144,2,Yuksek,29,0,1,1,1,Dusuk,Mobil_Bildirim
YKM07358,61,60,37243.88818665973,12463.671207685707,6,Orta,26,0,1,0,1,Orta,Mobil_Bildirim
YKM07359,42,117,91532.32487031934,19779.803309207553,4,Orta,34,0,1,1,0,Yuksek,Eposta
YKM07360,57,81,72687.38482755337,17923.7779382672,5,Yuksek,29,0,1,1,0,Orta,Mobil_Bildirim
YKM07361,21,6,54317.755676949266,56667.33659439509,3,Orta,42,0,1,1,1,Dusuk,Mobil_Bildirim
YKM07362,39,115,61097.45143555389,23756.94169593901,1,Yuksek,42,1,0,0,0,Orta,Mobil_Bildirim
YKM07363,36,153,42414.45971123257,16261.243766950023,5,Orta,35,0,3,0,1,Yuksek,Mobil_Bildirim
YKM07364,61,121,34638.816275427984,5841.295043329104,1,Dusuk,44,0,1,1,0,Yuksek,Mobil_Bildirim
YKM07365,43,161,25175.45460854804,36556.54693175808,1,Yuksek,42,0,0,1,1,Yuksek,SMS
YKM07366,51,125,121860.68999772207,21477.46891005586,5,Dusuk,32,1,3,0,1,Orta,SMS
YKM07367,57,132,36530.292227348444,45972.865631596906,5,Yuksek,36,0,3,1,1,Orta,Mobil_Bildirim
YKM07368,62,63,45057.90557229354,12021.4906485813,2,Orta,42,1,2,1,1,Dusuk,Mobil_Bildirim
YKM07369,42,24,33003.48877446545,37684.205099258914,5,Yuksek,37,0,2,1,1,Dusuk,SMS
YKM07370,57,13,22028.752735190923,11864.0932311565,5,Orta,41,0,0,1,1,Yuksek,Mobil_Bildirim
YKM07371,52,137,34286.876203788874,27234.62961115437,1,Dusuk,35,0,2,1,1,Yuksek,Mobil_Bildirim
YKM07372,51,107,48915.913313946636,44671.50422666955,5,Dusuk,31,0,2,1,0,Yuksek,Eposta
YKM07373,21,72,38652.6648431321,12575.696906926205,6,Yuksek,40,0,0,1,1,Orta,Eposta
YKM07374,25,44,37641.6871883189,8675.19421007091,6,Orta,45,0,1,1,1,Yuksek,Mobil_Bildirim
YKM07375,34,78,27924.947697082604,37802.96504461162,4,Orta,42,1,2,1,1,Dusuk,Mobil_Bildirim
YKM07376,34,116,30260.308054172285,64474.40110958923,1,Yuksek,43,1,1,1,1,Dusuk,Mobil_Bildirim
YKM07377,43,46,34374.06630542594,13137.43497969505,6,Orta,31,0,0,1,1,Dusuk,Mobil_Bildirim
YKM07378,21,18,54772.133436806835,66071.97107894224,2,Orta,43,0,0,1,0,Dusuk,Eposta
YKM07379,30,193,43899.060769009484,39620.25130977457,4,Orta,34,1,4,0,0,Orta,Eposta
YKM07380,55,134,77568.04114919499,35377.88686132174,6,Yuksek,40,1,0,1,0,Orta,Mobil_Bildirim
YKM07381,23,1,18107.886635995423,15035.750885747011,4,Dusuk,42,0,0,1,1,Orta,Mobil_Bildirim
YKM07382,20,41,47530.59144206507,18712.207355077047,5,Dusuk,47,0,1,1,1,Yuksek,Mobil_Bildirim
YKM07383,26,175,65981.45304417492,20437.43966486905,6,Orta,45,0,3,1,1,Dusuk,Eposta
YKM07384,48,171,67738.42459888193,45206.92181779573,6,Orta,39,1,1,1,1,Orta,SMS
YKM07385,69,42,98117.45298018517,34024.747995559046,2,Dusuk,35,1,2,1,1,Orta,Mobil_Bildirim
YKM07386,60,89,51658.04085976783,21504.431145098184,4,Yuksek,42,0,6,1,0,Yuksek,Eposta
YKM07387,38,84,19766.33625885162,36630.46063972644,3,Dusuk,38,1,3,1,0,Orta,SMS
YKM07388,43,145,26466.701891935758,47359.71193323665,1,Yuksek,28,1,1,1,0,Yuksek,Eposta
YKM07389,57,44,79436.82703746425,34405.58597659597,2,Yuksek,29,1,1,1,0,Yuksek,Mobil_Bildirim
YKM07390,68,118,96369.36627203574,25655.396597387986,1,Yuksek,40,0,3,1,1,Dusuk,Mobil_Bildirim
YKM07391,62,165,33693.458664220794,42446.41366806997,6,Yuksek,36,0,2,1,0,Dusuk,Mobil_Bildirim
YKM07392,55,139,63583.523428400425,14816.252080297647,1,Dusuk,21,0,1,1,1,Yuksek,Mobil_Bildirim
YKM07393,49,99,52769.08674962359,5627.448955208278,5,Dusuk,36,0,3,1,1,Yuksek,SMS
YKM07394,24,66,30604.974627132913,36291.3473168459,4,Orta,31,0,0,1,1,Orta,SMS
YKM07395,22,176,47548.336557600625,18503.964882382443,4,Orta,26,1,1,1,1,Yuksek,Mobil_Bildirim
YKM07396,32,62,75420.02224258649,23036.07974605866,3,Yuksek,34,1,1,1,1,Yuksek,SMS
YKM07397,27,162,35776.324851943726,17148.346340609703,1,Dusuk,24,1,1,1,1,Dusuk,SMS
YKM07398,51,104,51973.85582852655,26120.68081261682,5,Yuksek,31,0,1,1,1,Yuksek,SMS
YKM07399,37,64,86900.1054873314,69620.85224701147,4,Yuksek,40,0,3,1,0,Dusuk,Mobil_Bildirim
YKM07400,44,82,52384.277337218504,47308.17824062382,4,Orta,47,0,2,1,1,Dusuk,Mobil_Bildirim
YKM07401,43,133,50071.09428288975,25898.191681030392,2,Yuksek,29,1,2,1,1,Orta,Eposta
YKM07402,58,100,31770.968735032977,28145.2107694302,2,Orta,34,0,3,1,0,Orta,SMS
YKM07403,36,174,42931.271380518796,33785.535114708975,5,Orta,33,0,2,1,0,Orta,SMS
YKM07404,49,32,42387.2816669145,14012.329843936244,2,Dusuk,32,0,2,0,1,Yuksek,SMS
YKM07405,73,156,57747.80791909894,22534.503486777012,4,Orta,27,0,3,1,1,Dusuk,Mobil_Bildirim
YKM07406,67,80,51007.1854121956,27878.42707243671,5,Dusuk,39,0,1,1,0,Orta,SMS
YKM07407,23,139,32597.944407586096,97420.66234556312,1,Yuksek,35,0,1,1,1,Orta,Mobil_Bildirim
YKM07408,53,71,42454.3492768875,15900.382801368823,1,Dusuk,43,1,0,1,0,Dusuk,Mobil_Bildirim
YKM07409,28,100,63936.86557470244,22106.036509450903,2,Yuksek,37,0,2,1,1,Orta,Mobil_Bildirim
YKM07410,27,40,53772.66356435931,26073.551701799013,3,Yuksek,42,0,0,1,0,Dusuk,Eposta
YKM07411,67,97,33629.957450984126,120770.04981926517,5,Dusuk,42,1,3,1,0,Yuksek,Mobil_Bildirim
YKM07412,58,113,36448.71194130159,11261.180761014697,6,Yuksek,45,1,0,1,1,Orta,SMS
YKM07413,65,106,32572.79304138696,45320.757594602655,1,Orta,50,0,3,1,1,Orta,SMS
YKM07414,58,97,49074.246629612404,15974.013967474064,2,Dusuk,57,0,2,1,0,Dusuk,Eposta
YKM07415,39,92,79450.45381170949,25145.27816907879,5,Orta,42,0,2,1,0,Yuksek,Mobil_Bildirim
YKM07416,67,9,39359.00852344887,27186.258577922446,3,Yuksek,43,1,2,1,1,Yuksek,Mobil_Bildirim
YKM07417,62,8,53128.34706506158,10718.607166664482,4,Dusuk,41,1,0,1,0,Orta,SMS
YKM07418,56,148,51180.946873290464,19549.804877115366,2,Yuksek,36,0,3,1,1,Dusuk,Mobil_Bildirim
YKM07419,33,36,21985.244018579804,19770.52998017405,4,Orta,30,0,0,1,1,Yuksek,Mobil_Bildirim
YKM07420,60,65,53977.08491658709,18998.71459895166,2,Dusuk,39,1,2,0,1,Yuksek,Mobil_Bildirim
YKM07421,44,112,89568.50826333038,21503.431451078064,4,Orta,30,0,1,1,0,Yuksek,Eposta
YKM07422,32,59,32990.36281371269,21443.820094258004,5,Orta,39,1,2,0,1,Yuksek,Mobil_Bildirim
YKM07423,57,4,44275.82088439908,19232.886418541697,5,Orta,36,0,1,1,1,Orta,Eposta
YKM07424,39,82,71862.1180239394,64672.28734624341,3,Orta,41,0,2,1,0,Yuksek,Eposta
YKM07425,51,108,29123.068792564503,9913.93882364452,6,Orta,44,1,2,1,1,Yuksek,Mobil_Bildirim
YKM07426,25,169,102304.85053736411,11767.73658879882,4,Yuksek,31,0,1,1,1,Orta,Mobil_Bildirim
YKM07427,39,149,106564.2598205171,23526.370475693995,5,Orta,30,0,2,0,1,Orta,Mobil_Bildirim
YKM07428,34,95,33164.68101940858,29987.810017848402,6,Dusuk,37,0,1,1,0,Orta,Mobil_Bildirim
YKM07429,39,142,151570.25226476396,14524.185542595713,6,Orta,45,0,2,1,1,Orta,SMS
YKM07430,54,37,88770.86201249454,94498.71721711854,4,Dusuk,41,0,1,1,0,Yuksek,SMS
YKM07431,62,167,23023.892168421607,17730.748493563406,5,Yuksek,41,0,1,1,0,Orta,Eposta
YKM07432,38,126,53876.55812095172,13645.229431898306,1,Orta,47,1,0,0,0,Yuksek,SMS
YKM07433,26,76,51830.96449138432,34660.18287969073,6,Yuksek,45,1,2,1,0,Yuksek,Eposta
YKM07434,45,14,38311.15529233201,9279.614269651174,2,Orta,47,1,0,1,0,Yuksek,Mobil_Bildirim
YKM07435,38,129,40257.4584522715,17404.782383180154,6,Yuksek,37,1,0,1,1,Yuksek,SMS
YKM07436,28,19,55639.99462639412,51565.77760412877,5,Yuksek,47,0,0,1,1,Dusuk,SMS
YKM07437,40,122,78676.13238187869,27169.5843895681,3,Orta,44,1,3,1,1,Orta,SMS
YKM07438,49,124,19394.015062707127,16069.494954641505,5,Yuksek,29,0,2,0,0,Yuksek,SMS
YKM07439,52,101,24940.38802062011,36487.192535045906,3,Dusuk,31,1,2,1,1,Orta,Mobil_Bildirim
YKM07440,31,30,39756.762802983925,17014.1708258286,2,Orta,36,0,1,1,1,Yuksek,Mobil_Bildirim
YKM07441,27,174,106428.49659104372,16314.401750306324,2,Yuksek,38,0,3,1,1,Yuksek,Mobil_Bildirim
YKM07442,44,34,35630.37007103616,35956.16617399089,2,Orta,40,1,2,1,0,Yuksek,Eposta
YKM07443,53,54,30908.693639718374,50541.88156859736,5,Orta,36,1,0,1,0,Yuksek,SMS
YKM07444,22,32,34339.581051386165,17489.10787519342,6,Yuksek,33,1,1,1,1,Dusuk,SMS
YKM07445,26,103,47920.11876520731,63392.0478108301,5,Orta,34,1,1,1,1,Yuksek,SMS
YKM07446,42,10,42742.33655161065,19316.530496490777,5,Yuksek,39,0,1,1,0,Orta,Eposta
YKM07447,61,86,35910.72376640846,26230.11402522699,5,Yuksek,33,1,0,1,1,Orta,Mobil_Bildirim
YKM07448,43,177,32006.873813010712,22080.649608146134,2,Dusuk,56,0,2,1,1,Yuksek,Mobil_Bildirim
YKM07449,37,179,52136.615160419664,31475.80403538659,4,Dusuk,42,1,5,0,1,Yuksek,Mobil_Bildirim
YKM07450,29,134,22651.955551179435,35185.54768323352,4,Yuksek,32,0,3,0,0,Orta,Eposta
YKM07451,36,120,53520.3617697001,32829.72658239774,1,Orta,41,0,0,1,1,Orta,Eposta
YKM07452,49,79,63310.95087004017,52814.44552992832,3,Dusuk,38,1,2,1,0,Dusuk,SMS
YKM07453,48,156,44613.91953385245,35512.105115166145,2,Dusuk,39,0,2,1,1,Orta,Mobil_Bildirim
YKM07454,29,125,45720.477058846765,39720.38671895103,2,Dusuk,31,0,2,1,0,Dusuk,Mobil_Bildirim
YKM07455,26,103,29700.147059329167,25508.73997616722,6,Orta,35,0,1,1,0,Dusuk,Mobil_Bildirim
YKM07456,52,44,59912.34152145141,17245.778861482904,5,Dusuk,46,0,0,0,1,Orta,Mobil_Bildirim
YKM07457,25,35,70457.48049414773,12141.151919626975,6,Yuksek,49,1,3,0,1,Orta,SMS
YKM07458,35,78,45608.71167517089,33344.73756201482,6,Orta,44,0,2,1,1,Yuksek,SMS
YKM07459,35,139,63654.33876769978,27629.738884390194,4,Dusuk,36,1,0,1,0,Yuksek,Eposta
YKM07460,21,141,39831.44983306188,14274.467856637828,5,Orta,26,0,3,1,1,Orta,SMS
YKM07461,32,23,24572.73548468631,32383.534240834488,6,Yuksek,40,1,0,1,1,Yuksek,Mobil_Bildirim
YKM07462,24,13,21717.892839923257,51891.95706589784,4,Yuksek,26,0,1,1,1,Dusuk,Eposta
YKM07463,32,56,44521.69545985189,14227.276898218955,2,Yuksek,36,0,1,1,1,Yuksek,SMS
YKM07464,33,127,58475.67850426646,26074.77843953002,3,Yuksek,37,0,0,1,0,Yuksek,Mobil_Bildirim
YKM07465,62,95,105511.47402100138,36256.90056790633,4,Orta,43,0,2,0,0,Dusuk,Mobil_Bildirim
YKM07466,55,94,77397.58289637562,17928.470145676572,3,Yuksek,39,1,1,1,0,Orta,SMS
YKM07467,33,15,55047.19517066594,18928.557232569136,5,Orta,37,0,0,1,1,Yuksek,Eposta
YKM07468,54,73,35764.09384627959,12423.646733495136,6,Yuksek,43,1,1,1,1,Orta,Mobil_Bildirim
YKM07469,37,178,16860.370935408744,25384.058019206936,3,Orta,36,0,2,0,1,Orta,SMS
YKM07470,45,78,45221.6846947211,31470.545915897335,3,Orta,31,0,1,1,1,Orta,Eposta
YKM07471,36,131,35547.04543530793,29563.09317828861,6,Dusuk,39,1,3,1,0,Yuksek,Eposta
YKM07472,27,80,73457.21209118365,4493.7287921534435,1,Yuksek,40,0,1,1,0,Orta,Mobil_Bildirim
YKM07473,35,113,24177.214610384384,10841.189689320276,6,Orta,35,0,4,1,1,Yuksek,Mobil_Bildirim
YKM07474,23,3,126372.77584070063,27651.30823248846,1,Orta,19,0,0,1,1,Yuksek,SMS
YKM07475,37,18,47665.96728179736,30077.718925677866,5,Orta,31,0,3,0,0,Yuksek,SMS
YKM07476,64,100,24686.594160081448,14261.60335162107,5,Orta,43,0,1,1,1,Dusuk,SMS
YKM07477,60,152,31594.95894882843,13887.341423285201,2,Orta,44,0,3,1,0,Yuksek,Mobil_Bildirim
YKM07478,25,149,74910.75279076619,21903.677589116956,1,Dusuk,25,1,1,1,0,Orta,SMS
YKM07479,61,110,51627.84624363443,25313.34360203754,3,Yuksek,39,0,2,1,0,Yuksek,Mobil_Bildirim
YKM07480,22,18,56978.691106543,20723.75505718753,3,Yuksek,21,0,4,0,0,Orta,SMS
YKM07481,45,150,37463.09993933735,16645.31562134713,6,Orta,34,1,3,0,1,Orta,SMS
YKM07482,58,146,34144.94023824899,20190.456883785286,6,Yuksek,29,1,4,1,1,Orta,Mobil_Bildirim
YKM07483,25,106,13258.414920911675,18399.411146133996,3,Yuksek,37,1,2,1,1,Yuksek,SMS
YKM07484,22,31,28597.643878410163,7749.806724497434,5,Orta,36,0,3,0,0,Yuksek,SMS
YKM07485,26,40,26661.592528154037,30482.974315206284,1,Orta,41,0,2,1,1,Orta,Mobil_Bildirim
YKM07486,50,166,37626.84572867904,35490.94662797417,1,Orta,38,1,2,1,0,Yuksek,SMS
YKM07487,26,21,38143.69435913509,30735.19113500492,5,Orta,29,1,2,1,0,Orta,Mobil_Bildirim
YKM07488,22,148,45519.99943760372,16263.518947621937,3,Orta,36,0,0,1,1,Dusuk,Mobil_Bildirim
YKM07489,68,126,58662.26827788232,60616.54557361666,6,Dusuk,36,0,2,1,1,Orta,Mobil_Bildirim
YKM07490,68,102,28310.956964044923,60638.881371290576,5,Dusuk,39,0,0,1,0,Orta,SMS
YKM07491,43,111,45162.10319982631,10832.999913987027,3,Orta,44,0,4,1,1,Yuksek,Mobil_Bildirim
YKM07492,58,114,27702.50780240426,14332.897450154149,3,Dusuk,44,1,1,1,1,Orta,Eposta
YKM07493,67,14,35778.2635682421,21860.076112950064,1,Dusuk,51,0,2,0,1,Dusuk,SMS
YKM07494,57,1,45756.923869266306,25415.767805272106,3,Dusuk,33,0,2,1,1,Orta,Eposta
YKM07495,54,142,101761.98141566747,28449.13874401972,6,Orta,45,0,1,1,0,Yuksek,Mobil_Bildirim
YKM07496,52,53,39646.53199857662,23005.7650220372,1,Yuksek,44,0,4,1,1,Dusuk,Mobil_Bildirim
YKM07497,34,163,54688.13619086932,5499.261931633583,2,Yuksek,35,0,1,1,1,Orta,SMS
YKM07498,42,21,55617.829260528146,37378.30300136839,3,Dusuk,41,0,0,1,1,Orta,SMS
YKM07499,50,102,34383.33150127187,19685.928846235347,2,Dusuk,49,0,1,1,0,Yuksek,Eposta
YKM07500,34,132,19860.75354298695,31194.419328212858,6,Yuksek,29,0,0,1,1,Dusuk,SMS
YKM07501,61,79,35452.68790953287,53190.70954560614,4,Dusuk,29,0,1,1,1,Yuksek,SMS
YKM07502,23,141,59429.9594359437,18786.795461675043,4,Dusuk,43,0,2,1,1,Yuksek,SMS
YKM07503,48,61,29654.320837769334,14167.019468537435,5,Yuksek,45,1,0,1,1,Dusuk,Mobil_Bildirim
YKM07504,59,46,56007.93042554876,25660.8784641501,4,Dusuk,36,0,1,1,1,Orta,Eposta
YKM07505,42,46,41145.09806414823,37809.02158478554,4,Orta,34,0,2,1,0,Yuksek,Mobil_Bildirim
YKM07506,47,169,50434.206653514724,15401.643095380743,3,Yuksek,42,0,2,1,1,Orta,Mobil_Bildirim
YKM07507,41,73,62479.84676670835,7944.275643777761,2,Orta,31,0,4,1,1,Yuksek,Mobil_Bildirim
YKM07508,50,94,63211.821026646954,25951.129869922777,4,Dusuk,32,0,1,0,0,Orta,Mobil_Bildirim
YKM07509,61,141,65335.10254353384,22005.289548726814,6,Yuksek,42,1,2,1,0,Dusuk,Mobil_Bildirim
YKM07510,38,14,74362.5243795781,47349.540283400405,3,Orta,47,0,2,1,1,Orta,Mobil_Bildirim
YKM07511,37,124,89690.6304598769,76106.90219334363,6,Yuksek,34,0,2,1,0,Yuksek,Mobil_Bildirim
YKM07512,44,131,78183.99384130076,41263.156511381574,4,Yuksek,52,1,1,1,0,Orta,Mobil_Bildirim
YKM07513,47,83,23282.89515863037,46327.12866760232,3,Dusuk,33,1,0,1,0,Orta,Mobil_Bildirim
YKM07514,59,89,88976.06550134228,36627.13209419201,5,Orta,36,1,1,1,1,Orta,Mobil_Bildirim
YKM07515,24,49,74069.10453915475,23819.654677136474,6,Dusuk,39,1,4,1,1,Orta,Mobil_Bildirim
YKM07516,34,179,48400.78561009512,25623.476033525294,5,Yuksek,45,1,1,0,1,Yuksek,SMS
YKM07517,42,10,27726.93787155759,26476.300791418005,1,Dusuk,35,0,2,0,1,Yuksek,Eposta
YKM07518,29,58,128706.90233068676,28086.683641992553,4,Yuksek,42,1,0,0,0,Orta,Mobil_Bildirim
YKM07519,31,93,22454.46276378581,16282.795251810034,3,Yuksek,33,0,2,1,1,Yuksek,SMS
YKM07520,35,81,30060.451208231236,18572.26564037223,4,Dusuk,46,0,3,1,1,Yuksek,Mobil_Bildirim
YKM07521,20,36,45484.158609215956,11489.254402048644,3,Orta,33,1,0,0,0,Orta,SMS
YKM07522,69,30,94634.25398220123,18112.559036901148,5,Orta,41,0,3,1,0,Orta,SMS
YKM07523,68,98,22628.66634415806,22827.312892278263,2,Yuksek,26,1,0,1,1,Orta,SMS
YKM07524,63,130,56757.09823736888,25633.74416615963,3,Dusuk,33,0,1,1,1,Orta,SMS
YKM07525,32,99,109883.10580291595,33202.825847668486,4,Yuksek,30,0,1,0,1,Orta,Eposta
YKM07526,53,137,24353.23594064015,12976.868784965072,5,Dusuk,36,1,1,0,1,Orta,Mobil_Bildirim
YKM07527,61,158,62626.85233464181,18908.984277733976,1,Dusuk,36,0,2,1,0,Orta,Eposta
YKM07528,51,71,29088.60126095169,20082.38050304016,3,Orta,32,0,0,1,0,Orta,Mobil_Bildirim
YKM07529,61,154,36061.63826658939,9906.514621261691,4,Orta,40,0,2,1,1,Dusuk,Mobil_Bildirim
YKM07530,48,115,18825.406353515405,4439.019733056351,5,Dusuk,31,1,1,1,0,Dusuk,Eposta
YKM07531,24,36,81902.49584922336,34458.17362765962,1,Dusuk,31,0,0,0,1,Orta,Eposta
YKM07532,32,139,117893.63229328587,20297.22456398468,6,Yuksek,34,1,2,1,1,Dusuk,SMS
YKM07533,25,158,40425.04498426021,19350.50325024742,1,Dusuk,37,0,0,1,0,Orta,Mobil_Bildirim
YKM07534,69,48,69588.82936116909,32988.89242561254,4,Orta,33,1,2,0,0,Orta,Mobil_Bildirim
YKM07535,59,128,55297.37352952507,12793.4177766821,3,Orta,45,0,0,0,1,Orta,Mobil_Bildirim
YKM07536,62,125,48860.2773298912,46165.15410749362,1,Orta,36,0,1,1,1,Dusuk,Mobil_Bildirim
YKM07537,55,121,68481.76767643282,44475.58090037491,1,Yuksek,29,0,0,0,1,Orta,Mobil_Bildirim
YKM07538,69,104,44328.55952991804,24293.88363082505,2,Dusuk,33,0,0,1,1,Orta,SMS
YKM07539,26,42,36272.48886984744,38348.331882005536,3,Dusuk,42,0,1,1,0,Orta,Eposta
YKM07540,69,160,59796.2179647739,28909.593993579376,1,Yuksek,33,0,1,1,0,Yuksek,SMS
YKM07541,29,120,69926.45642353997,21583.817095702965,5,Orta,54,1,4,1,1,Orta,Eposta
YKM07542,62,29,52313.67868505173,36995.26536476124,2,Yuksek,32,0,0,1,0,Dusuk,Mobil_Bildirim
YKM07543,36,128,65304.62470676455,37442.977263975205,3,Yuksek,32,0,4,1,1,Yuksek,Eposta
YKM07544,26,107,165624.9424831595,8506.995146256708,4,Orta,46,0,2,1,1,Orta,Mobil_Bildirim
YKM07545,23,83,33985.60840023364,48596.334736714474,4,Yuksek,30,0,1,0,1,Yuksek,SMS
YKM07546,50,143,50740.99325771984,95582.28369413166,3,Dusuk,32,0,2,1,1,Orta,Mobil_Bildirim
YKM07547,24,37,23307.919729105604,18965.605620180322,2,Orta,40,0,1,1,0,Dusuk,SMS
YKM07548,34,52,66196.92121707641,42528.15882237403,2,Yuksek,39,0,1,1,1,Orta,Mobil_Bildirim
YKM07549,52,147,43693.80702368423,12565.092682602568,5,Yuksek,38,1,3,1,0,Yuksek,Mobil_Bildirim
YKM07550,28,36,89147.5019172004,23300.5135971706,4,Yuksek,56,0,0,1,0,Orta,SMS
YKM07551,67,31,26388.25566067797,30879.840345556273,4,Yuksek,42,0,0,0,0,Yuksek,SMS
YKM07552,63,18,41919.73172867123,55913.706398528564,6,Orta,38,1,0,1,1,Yuksek,SMS
YKM07553,51,153,50806.87433810014,41245.71472308267,4,Orta,30,0,0,1,0,Yuksek,Mobil_Bildirim
YKM07554,67,66,45948.54427601273,24212.216988020824,6,Dusuk,29,1,1,0,0,Yuksek,Mobil_Bildirim
YKM07555,67,166,32133.108586595758,8219.146002805624,5,Yuksek,23,1,2,1,1,Yuksek,Eposta
YKM07556,69,88,16491.17992309285,40195.4051709216,6,Yuksek,39,0,2,1,1,Dusuk,SMS
YKM07557,21,64,45494.042805214835,12860.363749316943,5,Orta,49,1,2,1,1,Orta,SMS
YKM07558,27,80,21865.224905217012,66978.17634311604,6,Orta,38,0,2,1,1,Yuksek,SMS
YKM07559,31,179,97498.61931948847,44461.83620746984,6,Orta,35,0,0,0,1,Orta,Mobil_Bildirim
YKM07560,70,161,82202.9623122961,29453.68036652501,5,Orta,31,0,0,0,1,Dusuk,SMS
YKM07561,69,72,41627.39535131955,14304.935841954408,4,Orta,30,0,0,0,1,Orta,SMS
YKM07562,49,24,38391.906887245204,66140.40511757838,5,Orta,36,1,3,0,1,Orta,Mobil_Bildirim
YKM07563,38,125,30640.16988723189,28949.5464059911,1,Yuksek,48,0,0,1,1,Orta,Eposta
YKM07564,62,157,31040.220348939394,18485.38222380095,2,Orta,36,1,1,0,0,Orta,Eposta
YKM07565,23,47,50377.76102648767,23751.785895503257,2,Yuksek,32,0,0,1,0,Dusuk,Mobil_Bildirim
YKM07566,23,74,69897.42374702294,12847.152973652861,2,Dusuk,36,0,4,1,0,Yuksek,Mobil_Bildirim
YKM07567,22,55,67336.95852864138,38972.002975334726,4,Dusuk,34,0,0,1,1,Orta,Eposta
YKM07568,66,29,43658.961172962314,23224.576892066038,2,Dusuk,43,0,3,1,0,Yuksek,Eposta
YKM07569,51,58,31758.519364931773,44170.666725125375,5,Orta,36,0,2,1,0,Dusuk,SMS
YKM07570,45,141,86728.5662023755,67079.37652229256,5,Orta,34,0,2,1,0,Yuksek,Mobil_Bildirim
YKM07571,56,173,42741.144332103315,35564.40879532548,4,Dusuk,30,1,3,1,1,Yuksek,Eposta
YKM07572,30,145,73725.98318929608,45167.0189952708,2,Orta,37,1,2,1,0,Orta,Mobil_Bildirim
YKM07573,53,159,22477.51348267322,13991.786529874365,3,Orta,44,0,1,1,0,Dusuk,Mobil_Bildirim
YKM07574,67,100,57328.0589482787,39752.53294412109,3,Orta,45,0,1,1,0,Yuksek,SMS
YKM07575,49,80,23225.26543373871,29002.516879101466,1,Orta,38,0,2,1,1,Orta,Eposta
YKM07576,38,139,36825.50571456175,34416.39884323963,6,Yuksek,40,1,0,1,1,Dusuk,SMS
YKM07577,23,1,50948.289596050585,59117.94467472501,2,Yuksek,44,0,0,0,0,Orta,SMS
YKM07578,63,57,53715.767781922026,12481.530772730597,5,Orta,35,0,2,1,1,Orta,Mobil_Bildirim
YKM07579,60,147,44407.76027250833,24522.975410157193,5,Dusuk,30,1,2,1,0,Orta,Mobil_Bildirim
YKM07580,50,142,74782.54692097544,6988.120887613737,5,Orta,36,0,1,0,1,Yuksek,Eposta
YKM07581,70,9,53961.43349027832,21087.348000728754,2,Orta,35,0,1,1,1,Yuksek,Eposta
YKM07582,46,126,31765.819941307986,28219.215194388922,3,Dusuk,51,1,1,0,1,Yuksek,Mobil_Bildirim
YKM07583,47,154,83177.44578029898,44826.313103499,5,Yuksek,35,0,1,0,1,Yuksek,Mobil_Bildirim
YKM07584,60,27,29833.690875044373,24050.25251709849,6,Orta,26,0,0,1,1,Orta,SMS
YKM07585,43,103,36864.753000268734,14524.952369073097,4,Orta,40,0,3,1,0,Orta,Mobil_Bildirim
YKM07586,25,180,56515.671596347915,12280.778330847215,4,Dusuk,38,0,1,0,0,Yuksek,Mobil_Bildirim
YKM07587,56,53,56534.293992030005,68328.81194447824,5,Orta,37,0,0,0,1,Yuksek,Mobil_Bildirim
YKM07588,31,92,68699.43795090482,19320.607496936023,2,Orta,41,0,0,1,0,Yuksek,Mobil_Bildirim
YKM07589,34,16,37531.8345282251,16313.216566155825,4,Yuksek,55,1,1,1,1,Yuksek,Mobil_Bildirim
YKM07590,53,114,26480.259695779947,17856.740295880954,4,Orta,34,0,2,1,1,Yuksek,SMS
YKM07591,21,81,60209.15656022831,14410.625093985876,6,Dusuk,37,0,0,0,1,Dusuk,Mobil_Bildirim
YKM07592,26,159,38944.34741091286,11118.899228362126,6,Dusuk,43,0,4,1,1,Orta,Mobil_Bildirim
YKM07593,41,176,29251.150707367873,16435.276254224762,4,Orta,40,0,1,1,1,Orta,SMS
YKM07594,45,24,33473.72015809955,34820.818750457,4,Yuksek,38,0,0,1,1,Orta,Mobil_Bildirim
YKM07595,50,150,46442.08671352499,13605.60767036088,5,Dusuk,37,0,0,1,1,Orta,SMS
YKM07596,45,103,46208.70869712003,18876.45342211482,6,Yuksek,46,0,0,1,1,Orta,Mobil_Bildirim
YKM07597,24,169,60740.08503307358,21649.08790681586,4,Orta,44,1,3,1,1,Yuksek,Mobil_Bildirim
YKM07598,47,40,64167.62928724949,59611.76453350065,4,Yuksek,38,0,2,1,1,Yuksek,Mobil_Bildirim
YKM07599,54,44,47150.30007049277,24911.88094561183,1,Dusuk,42,0,4,1,1,Dusuk,SMS
YKM07600,62,54,65529.294378653554,18069.622556503196,2,Orta,44,0,2,1,0,Dusuk,Mobil_Bildirim
YKM07601,48,172,52524.175894413966,16860.417881854577,4,Yuksek,29,0,0,0,1,Orta,Eposta
YKM07602,50,113,44163.38364578106,28434.82363089786,2,Orta,39,0,0,1,0,Orta,SMS
YKM07603,37,137,57386.02649526754,34188.2522023833,5,Yuksek,29,0,0,1,0,Yuksek,SMS
YKM07604,39,51,67721.51338297733,26656.662731257853,1,Yuksek,31,0,2,0,0,Orta,SMS
YKM07605,64,154,44098.43388386944,36080.5901422201,5,Yuksek,25,0,0,1,1,Yuksek,SMS
YKM07606,55,16,31389.972655711485,24142.905005621196,6,Orta,40,0,2,1,1,Yuksek,Mobil_Bildirim
YKM07607,58,173,41900.301078839984,12052.155974051228,6,Yuksek,38,0,3,1,1,Yuksek,Mobil_Bildirim
YKM07608,32,101,42376.102373644026,42821.75752020466,6,Orta,33,1,1,1,0,Dusuk,SMS
YKM07609,67,68,65080.40784024201,31378.57242237764,3,Dusuk,35,0,0,1,0,Orta,SMS
YKM07610,24,102,51201.374484097,30158.616082320692,5,Yuksek,29,0,0,0,0,Orta,SMS
YKM07611,58,118,70165.89079970184,81948.74985498692,6,Yuksek,46,0,1,1,1,Yuksek,Eposta
YKM07612,64,5,47263.68170436955,23811.32379278873,6,Yuksek,24,0,3,0,0,Yuksek,SMS
YKM07613,63,37,32619.54671062773,25939.52638450125,1,Orta,39,0,0,1,1,Dusuk,Mobil_Bildirim
YKM07614,64,104,85675.7276987303,17228.17700736195,2,Orta,48,0,1,1,0,Orta,Mobil_Bildirim
YKM07615,32,167,31804.86594536026,26573.20345966946,2,Yuksek,31,0,0,1,1,Yuksek,Mobil_Bildirim
YKM07616,60,68,28823.2946398438,22656.155242206332,6,Yuksek,40,1,1,1,0,Orta,Mobil_Bildirim
YKM07617,62,30,24736.275136348646,17002.02383963791,4,Orta,36,0,1,1,1,Orta,Mobil_Bildirim
YKM07618,30,17,52951.11010588264,27306.136353867107,5,Yuksek,34,1,1,1,0,Yuksek,Mobil_Bildirim
YKM07619,59,134,52607.35831265151,16081.85612611183,1,Orta,26,0,1,1,1,Dusuk,Mobil_Bildirim
YKM07620,71,13,54693.907127156286,41328.10490076673,2,Orta,33,0,1,1,0,Dusuk,Mobil_Bildirim
YKM07621,64,40,84947.69785939314,91894.80295321983,1,Dusuk,34,1,0,1,1,Orta,Mobil_Bildirim
YKM07622,51,51,117089.48377561993,73869.88138682365,5,Orta,34,0,1,1,1,Orta,SMS
YKM07623,57,180,19198.387311641138,20583.551734849712,4,Yuksek,44,0,1,0,1,Orta,SMS
YKM07624,46,124,20960.401281821774,52688.84809005064,2,Dusuk,36,0,0,1,1,Orta,Mobil_Bildirim
YKM07625,52,153,27537.587904200293,24765.19347958819,1,Orta,39,0,4,1,0,Orta,Mobil_Bildirim
YKM07626,41,20,44134.32112572909,11976.222664852512,3,Dusuk,43,0,0,1,1,Dusuk,Eposta
YKM07627,52,63,45307.53976178684,51904.72095453366,3,Orta,38,0,1,1,1,Orta,SMS
YKM07628,56,164,37194.64503489298,48122.99045928355,1,Yuksek,23,0,3,1,1,Yuksek,SMS
YKM07629,40,98,66558.9637669538,39389.10638942938,4,Orta,41,0,1,1,1,Orta,Mobil_Bildirim
YKM07630,45,51,27165.84136563705,12994.794906086025,5,Orta,40,0,2,0,1,Yuksek,Mobil_Bildirim
YKM07631,64,114,51888.37475436384,21224.809526507757,3,Orta,39,0,3,1,0,Orta,SMS
YKM07632,59,106,19156.891550317752,29399.140646025982,4,Dusuk,46,1,1,1,0,Yuksek,Mobil_Bildirim
YKM07633,61,144,67685.28464543045,53004.987927232156,6,Dusuk,37,0,1,0,0,Dusuk,Mobil_Bildirim
YKM07634,66,147,39936.74217106699,14243.858339532962,5,Orta,34,0,0,1,1,Orta,SMS
YKM07635,51,164,45956.95318327055,52475.64120569976,2,Yuksek,37,1,2,0,1,Yuksek,SMS
YKM07636,59,120,63597.7212210694,52613.13998464619,2,Dusuk,44,0,0,1,1,Yuksek,SMS
YKM07637,61,110,38690.60821110202,14239.961808769296,4,Orta,48,0,2,1,1,Orta,Mobil_Bildirim
YKM07638,26,118,30163.159929569723,15512.911579312586,6,Dusuk,39,0,2,1,1,Dusuk,Mobil_Bildirim
YKM07639,24,174,71832.29000241478,41437.40057508672,2,Dusuk,34,0,1,1,1,Dusuk,Mobil_Bildirim
YKM07640,34,10,86419.56701056704,25611.868070860644,6,Orta,39,0,4,0,1,Yuksek,SMS
YKM07641,33,35,56163.59545733742,25965.391343193187,5,Yuksek,30,0,1,1,1,Orta,SMS
YKM07642,22,9,39844.847689171205,33904.97382817483,3,Yuksek,40,1,3,1,1,Orta,Mobil_Bildirim
YKM07643,44,147,22791.54636437593,29073.029432483676,4,Yuksek,48,0,0,0,1,Yuksek,SMS
YKM07644,66,153,39460.94153956316,49951.43769338154,4,Orta,44,0,5,1,1,Dusuk,SMS
YKM07645,47,78,42620.699712615286,53033.379685309534,2,Orta,36,1,2,1,1,Yuksek,SMS
YKM07646,51,1,91394.576846305,14918.713269397958,4,Yuksek,44,0,1,1,1,Yuksek,SMS
YKM07647,61,4,42418.93341682568,24251.992447382356,3,Dusuk,28,0,1,1,1,Orta,Mobil_Bildirim
YKM07648,35,104,56268.83551099703,30111.55489589575,4,Yuksek,43,1,2,1,1,Dusuk,Eposta
YKM07649,58,153,40245.55006385035,13465.894308174473,2,Yuksek,38,0,3,1,0,Dusuk,Mobil_Bildirim
YKM07650,29,110,42154.91240990035,32435.302630105856,4,Orta,32,0,0,1,0,Yuksek,Mobil_Bildirim
YKM07651,61,141,75154.2447024083,17490.224017831202,3,Orta,39,0,1,1,1,Dusuk,Mobil_Bildirim
YKM07652,63,175,29152.605669837743,33629.10027310844,2,Yuksek,29,0,3,0,0,Dusuk,SMS
YKM07653,25,127,84847.70611302505,20797.43712839642,2,Orta,36,1,2,1,1,Yuksek,SMS
YKM07654,52,91,65765.97536951634,27016.469153166978,1,Orta,33,0,2,0,1,Dusuk,SMS
YKM07655,60,71,29801.543170301444,13214.062443275121,2,Dusuk,29,1,0,1,0,Orta,Mobil_Bildirim
YKM07656,62,114,51270.54648269411,11955.777757552269,6,Yuksek,40,0,0,1,1,Orta,Mobil_Bildirim
YKM07657,63,14,55893.286666616,7740.5054972468515,2,Orta,41,0,1,1,1,Dusuk,SMS
YKM07658,57,116,24625.744972684708,15113.12644743476,5,Yuksek,40,1,0,0,1,Dusuk,SMS
YKM07659,40,98,18444.833430213883,38633.541608127045,2,Yuksek,44,0,1,1,0,Orta,Mobil_Bildirim
YKM07660,69,13,10129.144643467673,24901.624086156247,2,Orta,42,0,1,0,1,Orta,Mobil_Bildirim
YKM07661,39,134,45645.916465435854,22102.533419504838,1,Dusuk,40,0,2,1,1,Yuksek,Mobil_Bildirim
YKM07662,68,109,45577.43098308413,24596.848624706206,3,Orta,46,0,0,0,1,Orta,SMS
YKM07663,63,88,54269.585887616515,28516.59105814116,2,Yuksek,32,0,1,1,1,Orta,Mobil_Bildirim
YKM07664,42,14,39666.941907341694,39686.60471547011,2,Yuksek,30,0,1,1,1,Orta,Eposta
YKM07665,27,16,58651.08148743354,12852.128384565758,6,Dusuk,30,1,1,0,0,Dusuk,Mobil_Bildirim
YKM07666,51,63,24705.214159000378,53176.55265990157,4,Yuksek,49,0,3,1,1,Orta,Mobil_Bildirim
YKM07667,33,45,69628.49222692123,15913.71257919638,5,Orta,25,0,0,0,1,Orta,Mobil_Bildirim
YKM07668,25,80,50225.028547634436,20279.50229226328,6,Orta,36,0,2,1,0,Yuksek,SMS
YKM07669,44,2,54665.08783795826,23945.960054700947,1,Dusuk,31,1,1,1,1,Yuksek,Eposta
YKM07670,61,156,35166.444135373466,20859.805884096837,6,Yuksek,33,1,4,1,1,Orta,Mobil_Bildirim
YKM07671,60,141,23438.236177034705,20395.848879759695,1,Yuksek,42,0,2,1,1,Yuksek,SMS
YKM07672,71,68,36908.86301172881,40503.71850969759,3,Dusuk,49,0,0,1,0,Dusuk,SMS
YKM07673,39,111,44754.7710648587,22688.581561584815,2,Orta,31,0,3,1,1,Yuksek,SMS
YKM07674,52,134,41197.88275448603,39976.873590082956,3,Orta,38,0,1,1,1,Orta,SMS
YKM07675,62,60,50581.90720182471,34597.13144399945,5,Yuksek,36,0,2,0,1,Yuksek,Eposta
YKM07676,29,135,25632.687678118542,73716.18923064719,4,Orta,47,0,4,1,1,Dusuk,Mobil_Bildirim
YKM07677,61,15,32630.997689143536,25850.30766669506,2,Dusuk,30,0,0,1,1,Yuksek,Eposta
YKM07678,30,16,60151.76360632665,20729.737864743543,2,Orta,36,0,1,1,1,Yuksek,SMS
YKM07679,58,23,46551.28847087727,13418.739340241178,2,Orta,38,0,2,1,0,Dusuk,Mobil_Bildirim
YKM07680,63,38,135365.31197422228,23832.264458781767,3,Yuksek,32,0,2,0,0,Orta,Mobil_Bildirim
YKM07681,24,99,47264.87068753447,32310.728767554097,3,Dusuk,37,1,1,0,1,Orta,SMS
YKM07682,54,162,41805.618021331255,49272.32125678467,5,Yuksek,39,1,2,1,0,Dusuk,SMS
YKM07683,30,149,70710.78685163223,25964.159636886572,2,Yuksek,41,0,1,1,1,Yuksek,Mobil_Bildirim
YKM07684,39,45,36260.23126366064,42765.0275923948,1,Dusuk,45,0,1,1,0,Orta,Eposta
YKM07685,28,102,52912.79828079305,40809.084601704744,5,Orta,40,0,2,1,0,Orta,Mobil_Bildirim
YKM07686,39,85,28263.63725060639,52829.083348360706,4,Dusuk,37,0,3,1,0,Yuksek,Mobil_Bildirim
YKM07687,33,49,55909.741263207754,35968.83677235855,6,Orta,37,0,3,1,1,Yuksek,Mobil_Bildirim
YKM07688,22,29,45020.00422242461,25655.755630744636,2,Yuksek,36,0,0,0,1,Yuksek,SMS
YKM07689,43,136,19479.450033494202,34449.76003555778,6,Orta,39,0,2,1,0,Orta,SMS
YKM07690,44,81,34443.746362696904,8529.208998284765,5,Orta,26,0,0,1,1,Yuksek,SMS
YKM07691,58,58,50181.64769762194,33307.94096817678,1,Dusuk,31,1,0,0,1,Orta,SMS
YKM07692,31,14,60071.31614065233,28884.191918486515,3,Dusuk,33,0,1,1,1,Dusuk,SMS
YKM07693,50,137,97425.6384006267,27010.99733112789,2,Dusuk,47,0,0,1,1,Orta,SMS
YKM07694,62,96,45089.78969330026,27451.141826627514,1,Dusuk,50,1,1,0,1,Yuksek,SMS
YKM07695,34,36,42021.5057221006,10690.761719396753,6,Orta,48,1,1,1,1,Yuksek,Mobil_Bildirim
YKM07696,66,147,68010.73317924434,23552.549860928633,4,Yuksek,31,0,2,0,1,Yuksek,SMS
YKM07697,61,161,68789.770124134,30140.9677433413,3,Orta,33,0,0,0,0,Orta,Mobil_Bildirim
YKM07698,61,21,104957.12100392995,28022.0694908832,4,Orta,51,0,0,1,1,Yuksek,Mobil_Bildirim
YKM07699,24,75,34317.299891663664,8174.31463988329,4,Orta,40,0,2,0,0,Orta,Mobil_Bildirim
YKM07700,33,50,45627.314276976336,36349.76883788272,2,Yuksek,52,1,0,1,0,Orta,Mobil_Bildirim
YKM07701,26,162,28872.38990029243,69454.04569280396,2,Orta,27,0,4,1,0,Orta,SMS
YKM07702,34,190,43293.50266184805,43198.4402368045,6,Yuksek,52,0,3,1,1,Orta,SMS
YKM07703,54,117,54258.29892940471,24185.505658083894,1,Orta,41,1,1,1,0,Orta,SMS
YKM07704,28,70,33566.19091583999,8895.35862313098,1,Yuksek,30,0,2,1,1,Orta,Mobil_Bildirim
YKM07705,30,177,45616.73477452794,30119.20251022569,3,Orta,51,0,2,1,1,Yuksek,Eposta
YKM07706,24,61,37353.41960556203,59076.34569584195,6,Dusuk,43,1,2,1,0,Orta,SMS
YKM07707,54,84,40379.22988767325,17247.17742795424,2,Dusuk,23,0,0,1,1,Yuksek,Mobil_Bildirim
YKM07708,50,187,134220.3056738691,35999.44931632261,2,Yuksek,35,0,1,1,1,Dusuk,Mobil_Bildirim
YKM07709,48,136,29510.667874714432,23600.77745380646,3,Orta,30,0,1,0,1,Dusuk,SMS
YKM07710,35,7,27240.444251805842,19185.757763484933,5,Orta,39,0,1,1,1,Dusuk,Eposta
YKM07711,43,176,60740.01345862584,27844.518227288463,5,Orta,25,1,3,0,1,Dusuk,SMS
YKM07712,60,177,65860.20872198457,22700.39624706312,6,Yuksek,33,0,3,1,1,Yuksek,Mobil_Bildirim
YKM07713,48,177,84390.80580045859,45436.963104045826,6,Orta,49,1,3,1,0,Orta,SMS
YKM07714,65,138,62662.05558896245,29513.716386051852,3,Orta,51,1,3,1,1,Dusuk,Mobil_Bildirim
YKM07715,53,120,47045.559875209685,38119.29835648107,4,Orta,37,1,0,0,1,Orta,Eposta
YKM07716,25,70,50240.381273214094,14206.303903339618,1,Yuksek,51,0,2,1,1,Dusuk,Mobil_Bildirim
YKM07717,58,170,24287.016607030913,19036.190423482632,4,Orta,36,0,2,1,1,Dusuk,Eposta
YKM07718,64,6,55284.25862070369,32071.289389227906,5,Yuksek,36,1,1,0,0,Orta,SMS
YKM07719,61,163,35502.74079692012,25052.42657190506,2,Yuksek,26,0,1,1,1,Orta,SMS
YKM07720,58,12,55534.87684931451,16849.554781420768,5,Dusuk,37,0,2,1,1,Orta,Mobil_Bildirim
YKM07721,40,10,59042.024864188366,38957.34392820967,1,Orta,30,1,2,1,1,Orta,Mobil_Bildirim
YKM07722,60,149,27860.49413088132,37109.71307056721,4,Dusuk,38,0,1,1,0,Orta,Eposta
YKM07723,36,173,52617.72068778368,36781.49766330365,6,Dusuk,40,0,3,1,0,Yuksek,Eposta
YKM07724,57,167,56391.98905199985,23318.829472853806,6,Orta,47,1,1,1,0,Yuksek,Mobil_Bildirim
YKM07725,39,25,34580.69218559154,17148.8458785278,1,Yuksek,38,0,0,1,1,Yuksek,SMS
YKM07726,64,36,37091.4821630254,2615.1674603236647,2,Yuksek,44,0,2,1,0,Orta,Mobil_Bildirim
YKM07727,64,103,38388.04608330975,34279.06493364433,1,Dusuk,38,1,3,1,1,Orta,SMS
YKM07728,71,42,55606.14389402487,20861.07245317257,4,Orta,61,1,0,1,1,Orta,SMS
YKM07729,24,3,49019.848398019734,35831.28195291887,1,Orta,35,0,1,1,1,Dusuk,Mobil_Bildirim
YKM07730,27,69,26085.47268979097,13570.664314726588,3,Yuksek,28,0,1,1,1,Dusuk,Mobil_Bildirim
YKM07731,48,150,30595.485625261383,18068.256854726926,2,Orta,38,1,2,1,0,Orta,Mobil_Bildirim
YKM07732,31,77,103910.78964501589,29218.464032021773,1,Orta,31,0,2,1,1,Yuksek,Eposta
YKM07733,22,102,44719.12816832205,25183.154546610378,3,Yuksek,35,0,0,1,1,Yuksek,SMS
YKM07734,33,172,69139.78706324955,27368.545223100526,5,Dusuk,34,0,0,1,0,Yuksek,Mobil_Bildirim
YKM07735,58,60,15507.563805611713,30153.16085052027,1,Yuksek,37,0,1,1,0,Orta,Eposta
YKM07736,27,47,48023.889659243265,29096.07072342802,1,Dusuk,37,0,0,1,1,Dusuk,SMS
YKM07737,52,29,51719.67015292988,10538.092398372397,4,Orta,41,1,0,0,0,Yuksek,Eposta
YKM07738,55,68,42803.98745800761,27241.816119653875,2,Orta,38,0,1,0,1,Orta,SMS
YKM07739,27,146,69138.21509826957,41862.82355374218,6,Dusuk,43,1,0,1,0,Dusuk,Mobil_Bildirim
YKM07740,58,100,33071.94551290757,12231.029412050202,6,Dusuk,32,0,1,1,0,Orta,SMS
YKM07741,39,36,120181.9909883477,24804.133922521887,3,Yuksek,45,0,1,1,0,Yuksek,Mobil_Bildirim
YKM07742,42,132,28951.240163617298,16045.876995605413,4,Orta,23,0,0,1,0,Orta,Mobil_Bildirim
YKM07743,24,155,102758.69094200364,18155.280507679232,4,Dusuk,36,0,0,1,1,Orta,SMS
YKM07744,54,46,60253.340479758765,13953.36137183831,5,Dusuk,35,1,4,1,1,Yuksek,Eposta
YKM07745,44,105,52750.68205946829,46211.29435850291,6,Orta,37,0,2,1,1,Yuksek,Mobil_Bildirim
YKM07746,68,97,54029.822660470556,22814.724435313565,4,Orta,38,0,0,1,1,Yuksek,Mobil_Bildirim
YKM07747,52,52,50966.51197253913,13866.773408435576,2,Yuksek,47,0,0,1,0,Yuksek,SMS
YKM07748,64,1,45523.87848015067,31240.633317824417,1,Orta,42,0,0,1,1,Dusuk,Mobil_Bildirim
YKM07749,41,109,50327.04898324878,24792.97242821016,6,Orta,33,0,0,1,0,Dusuk,SMS
YKM07750,55,41,48733.69720381563,52579.553767997844,4,Yuksek,30,0,2,1,0,Orta,Eposta
YKM07751,41,94,33366.886987565485,24101.407717639446,3,Orta,29,0,4,1,1,Dusuk,SMS
YKM07752,57,64,103980.65321496011,7746.861933094071,2,Yuksek,26,1,0,1,0,Yuksek,Mobil_Bildirim
YKM07753,39,103,53983.78619782305,41113.824434097296,6,Yuksek,41,0,0,0,1,Orta,Eposta
YKM07754,34,39,50010.643210090784,30261.477536241087,2,Orta,29,1,4,1,1,Orta,SMS
YKM07755,41,177,63204.99793554249,17903.004710290777,3,Orta,41,0,3,1,1,Orta,SMS
YKM07756,50,46,27678.2065130985,26010.971474874186,6,Dusuk,29,0,1,1,1,Orta,SMS
YKM07757,36,119,102608.0737104414,12233.736814929092,5,Yuksek,35,0,0,1,1,Yuksek,SMS
YKM07758,46,53,37581.06273456632,22503.865433646464,2,Dusuk,34,0,2,1,1,Orta,SMS
YKM07759,39,108,41911.82588990258,36189.664019048505,3,Yuksek,32,1,1,1,1,Orta,Mobil_Bildirim
YKM07760,25,169,106872.20453393267,17363.471152437847,2,Yuksek,36,0,3,1,1,Yuksek,Mobil_Bildirim
YKM07761,24,24,36958.24610367856,39199.56444860332,6,Yuksek,28,0,1,1,0,Yuksek,Mobil_Bildirim
YKM07762,55,26,110036.8912324441,37831.95004980058,4,Yuksek,28,1,0,0,1,Yuksek,Mobil_Bildirim
YKM07763,46,105,58810.68288696318,27541.653700970226,6,Yuksek,36,0,0,0,1,Dusuk,Mobil_Bildirim
YKM07764,45,103,61695.84459534434,18694.36308646258,2,Orta,37,0,0,0,0,Dusuk,Mobil_Bildirim
YKM07765,26,119,80923.48765922654,38751.145449676194,1,Dusuk,35,0,0,1,1,Yuksek,SMS
YKM07766,49,143,23300.2689865396,10971.873447799466,1,Yuksek,38,1,1,1,1,Orta,Mobil_Bildirim
YKM07767,63,46,35506.80364359334,25775.004456127932,6,Dusuk,44,0,1,1,0,Dusuk,Mobil_Bildirim
YKM07768,50,55,93322.30483544819,16463.03545275726,4,Orta,27,1,1,0,0,Yuksek,SMS
YKM07769,45,40,50262.401641371005,20416.808452685396,4,Dusuk,27,1,2,1,1,Dusuk,Mobil_Bildirim
YKM07770,56,58,76474.39574930366,41635.551119089076,4,Orta,36,1,0,1,0,Orta,Mobil_Bildirim
YKM07771,41,153,43929.32015679343,22243.20193449785,1,Yuksek,35,0,2,1,1,Orta,Mobil_Bildirim
YKM07772,24,116,88315.62594337398,38914.38970993813,5,Orta,32,0,0,1,0,Orta,Mobil_Bildirim
YKM07773,35,99,25958.073095907173,24027.60120823546,1,Dusuk,40,0,3,1,1,Yuksek,SMS
YKM07774,47,50,27880.93483611315,38465.98412477977,2,Dusuk,37,0,2,1,1,Orta,Mobil_Bildirim
YKM07775,46,45,42930.58958848368,25647.06019121126,1,Yuksek,31,0,1,1,0,Yuksek,SMS
YKM07776,56,94,56276.03672159258,8514.35783183015,4,Orta,36,0,3,1,0,Yuksek,Eposta
YKM07777,30,39,28347.170778279098,21125.48720091567,5,Yuksek,38,0,2,0,1,Orta,SMS
YKM07778,37,71,67211.62405446272,17354.205784784783,1,Orta,36,1,4,0,0,Yuksek,Mobil_Bildirim
YKM07779,46,126,29188.881422595427,27300.788885202102,4,Dusuk,34,1,0,1,1,Yuksek,SMS
YKM07780,56,78,40961.24481879155,34907.30884358651,2,Orta,32,0,3,1,1,Yuksek,SMS
YKM07781,54,20,80917.11150592503,13977.454205119866,2,Yuksek,33,0,1,1,0,Yuksek,SMS
YKM07782,26,60,48127.73149272385,20626.632694732773,6,Yuksek,34,1,3,1,0,Orta,Eposta
YKM07783,45,155,32008.215026995564,4407.854336682671,6,Yuksek,42,1,3,1,1,Yuksek,Mobil_Bildirim
YKM07784,48,168,73954.79687603984,20028.250567345163,3,Yuksek,45,0,2,0,1,Orta,Eposta
YKM07785,21,165,63500.07238105482,25350.165489861567,2,Orta,32,0,1,1,1,Yuksek,Mobil_Bildirim
YKM07786,37,132,84940.80399352398,12713.756032714962,1,Dusuk,46,0,2,0,1,Orta,Mobil_Bildirim
YKM07787,50,92,63726.1189700123,32902.52383081349,6,Yuksek,32,0,3,1,1,Orta,Mobil_Bildirim
YKM07788,43,28,53948.28598107825,54472.72777953894,3,Orta,43,0,3,1,0,Orta,Eposta
YKM07789,51,48,26147.780992283082,27434.498352140068,1,Yuksek,31,0,3,0,1,Yuksek,Mobil_Bildirim
YKM07790,34,135,12392.076173658155,46184.62920919231,3,Yuksek,41,0,4,1,1,Orta,Mobil_Bildirim
YKM07791,20,59,53193.99454834266,16508.37541948677,1,Dusuk,19,0,2,0,1,Orta,SMS
YKM07792,41,23,20383.939192428297,22590.79139649793,4,Orta,29,0,0,1,1,Dusuk,Mobil_Bildirim
YKM07793,51,61,31964.683458330204,14797.405636756426,2,Orta,41,1,2,1,1,Orta,Mobil_Bildirim
YKM07794,64,1,36474.60457082249,39542.2655535262,4,Dusuk,51,0,1,1,0,Dusuk,Mobil_Bildirim
YKM07795,57,80,35648.67634409837,18787.775104468703,2,Yuksek,31,0,0,1,1,Orta,Mobil_Bildirim
YKM07796,43,136,54654.61186231211,30092.023075741374,5,Yuksek,33,1,1,1,0,Yuksek,Eposta
YKM07797,20,118,39993.50761580439,17654.710346467644,4,Dusuk,39,0,0,1,1,Dusuk,SMS
YKM07798,21,92,45369.741357537394,42663.292494105975,4,Orta,34,0,2,0,0,Dusuk,Mobil_Bildirim
YKM07799,50,101,58499.17494302191,13978.818500086854,4,Dusuk,41,1,0,1,1,Orta,Mobil_Bildirim
YKM07800,57,181,26932.309761009845,34357.6224515926,1,Yuksek,48,0,3,1,0,Orta,Eposta
YKM07801,31,83,82164.89601543044,43774.53501702327,4,Yuksek,49,1,3,0,1,Dusuk,SMS
YKM07802,34,118,73356.12565038152,59475.29465196212,2,Dusuk,42,0,1,1,0,Yuksek,SMS
YKM07803,35,71,28033.146324960864,35683.07456715896,3,Dusuk,35,0,1,1,1,Orta,Mobil_Bildirim
YKM07804,31,22,32208.657002748852,34703.281228173124,6,Dusuk,39,0,2,0,0,Orta,SMS
YKM07805,58,76,69124.60374334331,23218.968228950638,3,Dusuk,42,0,1,0,1,Yuksek,Eposta
YKM07806,57,35,34064.64272147031,10933.444091237614,6,Yuksek,36,0,1,1,1,Yuksek,SMS
YKM07807,30,27,50092.72386034416,31666.024551920007,5,Orta,31,1,1,1,1,Orta,Mobil_Bildirim
YKM07808,40,146,55769.572786282835,25342.177868217495,4,Yuksek,35,0,0,0,0,Orta,SMS
YKM07809,32,103,50510.327287170316,46797.05808538987,4,Yuksek,47,1,1,0,1,Yuksek,Mobil_Bildirim
YKM07810,41,165,55808.88933639101,23641.57994447489,3,Yuksek,45,0,2,1,1,Orta,SMS
YKM07811,64,128,46355.302449462644,7570.918364685788,3,Yuksek,31,1,1,1,1,Dusuk,Mobil_Bildirim
YKM07812,32,91,38095.87388101469,25248.970348899755,6,Yuksek,20,0,2,1,1,Dusuk,Eposta
YKM07813,39,28,51941.591923921595,6048.663603307324,3,Yuksek,35,0,5,1,1,Orta,SMS
YKM07814,48,162,82600.9456679729,73733.85285129286,1,Dusuk,43,0,0,1,1,Yuksek,Eposta
YKM07815,50,8,31340.748113292397,33291.16144486701,6,Dusuk,46,1,2,0,1,Yuksek,SMS
YKM07816,24,125,30997.684690729493,63909.36363866462,3,Orta,48,1,2,1,1,Dusuk,Mobil_Bildirim
YKM07817,30,12,39152.253166565904,24255.500103648585,4,Orta,41,0,2,1,1,Yuksek,SMS
YKM07818,61,128,30655.349456886142,14640.30858093524,3,Yuksek,28,0,2,1,1,Dusuk,Mobil_Bildirim
YKM07819,53,153,52135.32010066301,37165.34217458498,4,Yuksek,46,1,1,1,1,Yuksek,Eposta
YKM07820,44,157,38810.30256296948,25518.28904378934,5,Yuksek,36,1,1,1,1,Orta,Mobil_Bildirim
YKM07821,68,141,44978.32336501691,27569.618096121783,5,Yuksek,46,0,1,1,1,Orta,SMS
YKM07822,26,77,50654.37853454528,78291.54508516875,4,Dusuk,47,0,3,1,0,Yuksek,Mobil_Bildirim
YKM07823,42,87,66709.01183053454,14701.95464892584,3,Orta,37,1,1,0,1,Yuksek,Mobil_Bildirim
YKM07824,44,169,42175.592544670784,37097.96158401021,1,Orta,34,0,1,1,1,Orta,Mobil_Bildirim
YKM07825,32,27,47837.76995473659,21599.72476887967,5,Dusuk,40,0,1,1,0,Yuksek,Mobil_Bildirim
YKM07826,43,187,77825.18447235295,43726.703021253925,4,Yuksek,38,0,1,1,1,Orta,SMS
YKM07827,29,124,29090.859461904034,25735.415615565485,1,Yuksek,36,1,1,0,1,Yuksek,SMS
YKM07828,41,135,59603.04004309415,26019.38923990171,6,Orta,38,0,0,1,1,Dusuk,Mobil_Bildirim
YKM07829,65,53,83885.7923407801,32383.46090567918,2,Yuksek,31,0,1,1,0,Orta,Mobil_Bildirim
YKM07830,39,182,76130.51407384832,24200.533076754833,2,Yuksek,38,0,1,1,1,Orta,Mobil_Bildirim
YKM07831,52,137,32390.545913702936,47983.20975548402,6,Yuksek,41,1,2,1,1,Dusuk,Eposta
YKM07832,30,145,33364.55164681359,21030.241777663792,2,Yuksek,42,0,2,1,1,Yuksek,Mobil_Bildirim
YKM07833,62,23,18488.713186181147,35622.391544467435,6,Dusuk,42,0,1,1,1,Yuksek,Mobil_Bildirim
YKM07834,24,76,28432.565012638457,11209.80478005851,4,Yuksek,45,0,1,1,1,Orta,Mobil_Bildirim
YKM07835,55,176,45145.44109904424,38629.178261784626,3,Dusuk,37,1,2,1,0,Orta,SMS
YKM07836,58,90,29201.102774356754,25639.50950763607,6,Orta,36,0,3,1,0,Orta,SMS
YKM07837,66,139,31987.328235846064,22299.559395743658,4,Yuksek,44,0,0,1,0,Orta,Mobil_Bildirim
YKM07838,39,29,71751.48790753895,26725.24719924194,6,Dusuk,40,0,1,0,0,Orta,Mobil_Bildirim
YKM07839,66,7,33404.58670529739,33228.973112257845,1,Dusuk,28,0,1,0,1,Orta,Mobil_Bildirim
YKM07840,47,108,44882.8525410896,23046.929776239187,2,Dusuk,36,0,0,1,0,Dusuk,SMS
YKM07841,23,182,46254.61508722796,53842.89794653238,3,Dusuk,36,0,3,1,1,Orta,Eposta
YKM07842,49,73,56962.88562388285,31804.474811437227,2,Orta,36,1,0,1,1,Orta,Mobil_Bildirim
YKM07843,24,120,67990.9945762352,18458.36807722073,1,Orta,38,1,1,1,1,Yuksek,SMS
YKM07844,45,30,43929.075612605215,12758.302774747452,3,Orta,42,1,0,1,1,Yuksek,Eposta
YKM07845,35,42,40944.259893893555,39051.281120910935,4,Orta,42,0,1,0,1,Orta,SMS
YKM07846,52,19,24565.95422411185,20391.291440731096,4,Dusuk,39,0,2,0,1,Yuksek,Mobil_Bildirim
YKM07847,52,120,45170.78693398125,14135.435053306472,5,Orta,37,0,0,0,1,Orta,SMS
YKM07848,67,149,55126.90014187043,21472.10708896218,1,Orta,28,0,0,0,0,Yuksek,Mobil_Bildirim
YKM07849,24,91,53878.26285078563,27926.688221824053,5,Dusuk,34,0,2,0,1,Yuksek,SMS
YKM07850,25,44,25995.91373008201,15857.506572235308,5,Orta,32,1,2,1,0,Orta,Mobil_Bildirim
YKM07851,69,158,29475.360852822618,21306.155766354896,1,Yuksek,37,0,4,1,1,Orta,Mobil_Bildirim
YKM07852,31,89,46722.10073000218,17604.593073905664,4,Yuksek,47,1,2,1,1,Yuksek,Mobil_Bildirim
YKM07853,41,110,79253.8988105938,15742.608609606847,5,Yuksek,36,1,2,1,1,Orta,Mobil_Bildirim
YKM07854,64,36,25350.416828184992,16332.601765177375,5,Orta,38,0,4,1,0,Orta,SMS
YKM07855,61,111,34920.866136736455,14033.492806034701,6,Dusuk,41,0,1,1,1,Orta,Mobil_Bildirim
YKM07856,56,62,50817.70484328841,21877.21194465801,4,Yuksek,46,0,2,0,1,Orta,Mobil_Bildirim
YKM07857,56,21,61542.81425612355,32933.85312439496,3,Orta,39,0,1,1,1,Yuksek,SMS
YKM07858,62,53,68567.28173863419,29802.152319996723,6,Orta,48,0,0,1,0,Orta,Eposta
YKM07859,32,174,36474.79113655947,24027.4092668292,2,Yuksek,35,0,1,1,1,Orta,Mobil_Bildirim
YKM07860,30,142,53712.55802323173,22820.5471510746,5,Orta,43,0,3,1,1,Orta,Mobil_Bildirim
YKM07861,20,6,59780.304392426544,17117.109098943303,3,Yuksek,46,0,3,1,1,Orta,Mobil_Bildirim
YKM07862,22,151,55484.2956568174,23438.771561741094,3,Orta,50,0,1,0,0,Dusuk,Eposta
YKM07863,58,109,27841.78627694242,87412.79603702125,1,Orta,33,0,1,1,1,Yuksek,Mobil_Bildirim
YKM07864,48,65,30568.833320213773,42114.30581321381,1,Yuksek,52,1,0,0,1,Dusuk,SMS
YKM07865,62,81,65987.04553175265,13400.481429607962,6,Yuksek,36,0,0,1,1,Orta,SMS
YKM07866,59,9,47372.2279281936,38961.012461908176,5,Orta,45,1,1,1,1,Dusuk,Mobil_Bildirim
YKM07867,69,27,40966.88512935412,31158.197433883342,3,Orta,30,0,1,1,1,Orta,Mobil_Bildirim
YKM07868,50,66,33708.89129887194,20339.393621436768,3,Dusuk,33,0,6,1,0,Yuksek,SMS
YKM07869,33,33,56532.548755668686,16341.576211681864,6,Yuksek,24,1,3,1,1,Yuksek,SMS
YKM07870,44,99,39908.89895771719,20169.901166004474,5,Dusuk,42,0,1,1,1,Yuksek,SMS
YKM07871,43,174,66122.79467511893,17843.56540391841,3,Orta,34,0,3,1,1,Orta,SMS
YKM07872,58,140,81947.33788532848,17764.85117017159,1,Orta,36,0,0,0,1,Yuksek,Mobil_Bildirim
YKM07873,41,86,75847.11940045751,28711.848856185396,3,Dusuk,41,0,0,1,1,Dusuk,Mobil_Bildirim
YKM07874,59,55,24759.447790909584,36063.893091676604,4,Orta,32,0,1,1,0,Orta,SMS
YKM07875,38,84,46071.80789473609,42542.16697922104,1,Orta,37,0,1,1,1,Orta,Mobil_Bildirim
YKM07876,39,1,31251.49570628778,21089.829072208915,4,Dusuk,40,0,2,0,0,Yuksek,SMS
YKM07877,67,117,69654.3570794184,28509.389599514478,3,Dusuk,49,0,0,1,0,Dusuk,Mobil_Bildirim
YKM07878,36,148,81804.15423576775,37576.599988244074,3,Orta,39,0,1,0,1,Dusuk,Eposta
YKM07879,35,86,57900.77905792491,18087.734925731645,5,Dusuk,36,1,1,1,1,Yuksek,Mobil_Bildirim
YKM07880,67,27,42782.547172526305,72604.3514397611,2,Dusuk,42,0,2,1,0,Orta,SMS
YKM07881,32,131,51202.405410111816,30350.074358800233,2,Yuksek,40,1,2,1,1,Dusuk,SMS
YKM07882,48,113,16498.64488236021,40947.765470565784,2,Orta,48,0,1,1,0,Yuksek,Mobil_Bildirim
YKM07883,52,167,48278.23789593111,10336.196079512842,6,Dusuk,31,0,1,1,1,Yuksek,SMS
YKM07884,47,120,38886.34119364381,43790.91499491484,2,Dusuk,45,0,3,1,1,Dusuk,SMS
YKM07885,23,149,74180.92030788287,24515.239518388415,3,Orta,36,0,2,1,0,Orta,Mobil_Bildirim
YKM07886,60,129,83436.9945909156,24597.734547463217,3,Orta,38,0,2,1,1,Orta,SMS
YKM07887,21,65,35697.10580613026,28897.602087329895,6,Orta,39,0,1,1,1,Orta,SMS
YKM07888,60,85,118744.25128477147,43899.0461350581,4,Orta,31,1,2,1,1,Orta,Mobil_Bildirim
YKM07889,64,95,33482.909543432674,34974.06924653841,1,Dusuk,38,1,1,1,1,Orta,Mobil_Bildirim
YKM07890,54,166,82762.13724149721,17048.49889455456,3,Orta,40,0,1,1,0,Orta,Eposta
YKM07891,43,147,47422.467383478994,37421.51984281524,5,Dusuk,40,0,0,1,1,Orta,Mobil_Bildirim
YKM07892,20,41,46253.39958312614,9801.58309812928,6,Yuksek,47,0,3,1,0,Orta,SMS
YKM07893,33,172,44986.23092569625,9238.033425757896,1,Orta,42,0,1,0,1,Orta,Mobil_Bildirim
YKM07894,30,116,42253.431569434724,21076.395817619923,3,Orta,23,0,3,1,1,Orta,SMS
YKM07895,35,155,45173.21269609925,8955.803445527185,3,Yuksek,49,0,0,1,1,Orta,Mobil_Bildirim
YKM07896,40,20,43262.904002813535,21795.657144733563,4,Dusuk,37,1,1,1,1,Yuksek,SMS
YKM07897,28,157,93310.10736081755,13289.531508654341,2,Yuksek,41,0,1,1,1,Yuksek,Mobil_Bildirim
YKM07898,38,105,74171.733738401,27699.622213558847,6,Orta,33,0,1,0,1,Dusuk,SMS
YKM07899,31,103,47004.76769746175,25032.1233831503,5,Dusuk,38,1,1,1,0,Orta,Mobil_Bildirim
YKM07900,69,153,38454.00791949523,38585.06581922141,6,Orta,51,1,2,1,1,Dusuk,Eposta
YKM07901,60,25,54773.319597652735,31476.04652707125,1,Yuksek,31,0,2,0,1,Yuksek,Mobil_Bildirim
YKM07902,25,26,76454.82574662453,30505.251852025416,6,Dusuk,36,0,0,1,1,Dusuk,SMS
YKM07903,40,150,45468.12036344319,28883.94432419206,2,Dusuk,41,1,1,0,0,Orta,Mobil_Bildirim
YKM07904,49,39,13982.321976290272,21633.040652148185,1,Dusuk,31,1,1,0,1,Orta,Mobil_Bildirim
YKM07905,36,121,46268.2426671322,37508.14125812435,6,Dusuk,44,0,3,1,1,Dusuk,Mobil_Bildirim
YKM07906,54,42,52796.01518858882,22626.706955471258,2,Yuksek,52,1,4,1,0,Orta,SMS
YKM07907,48,37,42781.28875672163,28341.04909300273,2,Orta,39,0,1,1,1,Orta,Mobil_Bildirim
YKM07908,22,1,124136.87600702472,28464.001477631948,6,Orta,41,0,2,1,0,Yuksek,Eposta
YKM07909,60,69,82469.12438696723,35764.454701235765,6,Yuksek,41,1,2,1,0,Dusuk,Mobil_Bildirim
YKM07910,31,127,43990.23635298206,7080.420120522164,5,Dusuk,44,0,1,1,1,Yuksek,SMS
YKM07911,32,134,48622.005170524666,22230.279521340362,2,Dusuk,39,0,0,0,0,Dusuk,Mobil_Bildirim
YKM07912,53,151,37008.31311676556,7876.530315491107,1,Dusuk,45,0,3,1,1,Orta,SMS
YKM07913,40,89,56800.67603908421,46510.9688700454,4,Dusuk,38,0,2,1,0,Orta,Mobil_Bildirim
YKM07914,55,57,44713.789091272614,24888.71392718558,1,Orta,44,0,2,1,1,Orta,Eposta
YKM07915,50,27,16675.273022308957,25597.95522874196,3,Orta,32,0,0,1,0,Orta,Eposta
YKM07916,44,57,28977.2107966167,21811.876730167776,3,Dusuk,44,1,1,1,0,Orta,Eposta
YKM07917,40,106,100459.77803668912,21260.547603960134,5,Dusuk,30,1,2,0,1,Yuksek,Eposta
YKM07918,45,149,52297.175022091134,25708.354037878304,3,Orta,37,0,2,0,1,Orta,Mobil_Bildirim
YKM07919,28,160,47078.942046615986,25387.601807459327,1,Orta,34,0,1,1,0,Yuksek,SMS
YKM07920,60,163,44722.579764058566,28263.9816648945,4,Orta,33,1,2,1,1,Yuksek,Eposta
YKM07921,66,28,53368.94535650664,21349.07221160068,4,Orta,47,1,1,1,0,Orta,Mobil_Bildirim
YKM07922,26,169,44255.80720447013,26166.25541049082,2,Orta,45,1,2,1,1,Orta,SMS
YKM07923,31,141,33911.38901055414,42093.51004486402,1,Orta,33,0,2,0,1,Dusuk,Eposta
YKM07924,45,71,39842.40109479018,31081.79376842111,5,Yuksek,51,1,0,1,1,Yuksek,SMS
YKM07925,60,73,46986.98504187896,26150.475699402756,3,Yuksek,40,0,2,1,1,Orta,SMS
YKM07926,67,10,86326.52885026281,25160.178982027384,3,Orta,35,0,2,1,0,Orta,SMS
YKM07927,35,31,30022.730920791986,59075.20841910819,5,Yuksek,40,0,0,1,1,Orta,Eposta
YKM07928,63,47,51630.50311033566,68610.9380891739,1,Dusuk,40,0,1,1,1,Orta,Mobil_Bildirim
YKM07929,45,138,38852.59943017084,6836.148768866909,2,Yuksek,43,1,3,1,0,Orta,SMS
YKM07930,25,117,45489.60119727884,50244.7684643451,2,Yuksek,42,0,1,0,1,Orta,Mobil_Bildirim
YKM07931,50,30,70230.05848743621,30742.309705087613,2,Orta,33,1,1,0,1,Orta,SMS
YKM07932,28,48,71845.59866494294,13790.069138619956,6,Orta,38,1,2,0,1,Yuksek,Mobil_Bildirim
YKM07933,49,148,52428.14990252797,22549.071519262085,4,Yuksek,38,0,0,1,1,Dusuk,Mobil_Bildirim
YKM07934,20,25,70086.6462990131,11658.587071120375,5,Orta,31,0,1,1,1,Yuksek,Mobil_Bildirim
YKM07935,34,14,30636.682078560916,21732.68817423505,3,Dusuk,39,0,4,1,1,Orta,Mobil_Bildirim
YKM07936,35,43,81771.9121483592,27150.344808360413,6,Yuksek,35,0,1,1,0,Yuksek,Eposta
YKM07937,20,111,80552.99338913329,30628.68545109105,5,Yuksek,49,0,2,1,1,Orta,Eposta
YKM07938,55,152,34147.12092791455,27732.08090671026,3,Orta,39,0,2,1,0,Yuksek,SMS
YKM07939,70,85,28164.683085146244,40999.866434107826,5,Orta,41,1,0,1,0,Dusuk,Eposta
YKM07940,39,131,12094.292172633584,24920.822775378132,1,Orta,31,0,1,1,1,Orta,SMS
YKM07941,22,37,166788.7007040433,59647.78934591935,1,Dusuk,41,0,3,1,1,Orta,SMS
YKM07942,46,84,55328.40528826053,43101.22108960354,3,Orta,38,1,0,0,1,Yuksek,Mobil_Bildirim
YKM07943,34,98,43242.914380411916,34217.70353927269,2,Orta,32,0,6,1,1,Yuksek,SMS
YKM07944,33,24,28869.754958627374,11945.500550234596,4,Dusuk,38,0,0,1,1,Dusuk,SMS
YKM07945,66,133,39234.00573528024,31605.285153009147,4,Orta,45,0,1,1,1,Dusuk,Mobil_Bildirim
YKM07946,59,7,59990.323309184445,30810.36335274773,3,Orta,41,0,1,1,0,Yuksek,Mobil_Bildirim
YKM07947,58,43,60152.157464169955,35316.6990592859,6,Dusuk,52,0,0,1,1,Orta,Eposta
YKM07948,44,84,59666.61450421167,30809.846207163897,1,Dusuk,35,0,1,1,1,Orta,Mobil_Bildirim
YKM07949,51,33,28425.315992134514,30252.332795974067,6,Orta,42,0,0,1,0,Dusuk,Mobil_Bildirim
YKM07950,29,23,44731.59544758896,28149.043840054324,4,Yuksek,44,1,1,1,1,Yuksek,Mobil_Bildirim
YKM07951,64,65,69520.89355811219,16672.50855212803,5,Dusuk,32,1,2,1,0,Orta,Mobil_Bildirim
YKM07952,35,73,46046.04749300735,79300.21136937161,1,Orta,39,1,3,1,1,Yuksek,SMS
YKM07953,66,183,25094.811812510852,16513.931778127324,5,Yuksek,31,0,2,0,1,Orta,Mobil_Bildirim
YKM07954,43,65,54353.7369198857,24240.153113558776,1,Yuksek,30,0,2,1,1,Orta,SMS
YKM07955,22,65,70986.88533916025,23083.26701708057,6,Dusuk,37,1,4,1,1,Orta,Mobil_Bildirim
YKM07956,42,190,44951.68498992122,36300.83219346658,5,Orta,35,1,0,1,1,Yuksek,Mobil_Bildirim
YKM07957,35,179,21339.321255895105,32853.45716824081,2,Yuksek,31,0,0,0,1,Dusuk,Mobil_Bildirim
YKM07958,49,122,62179.26886708391,11485.307517090807,1,Yuksek,41,0,0,1,1,Dusuk,SMS
YKM07959,37,56,42029.29818668557,24179.84742644595,1,Orta,23,1,2,1,1,Yuksek,SMS
YKM07960,41,21,80511.69463726293,69341.02801026346,2,Yuksek,36,0,1,0,1,Dusuk,Mobil_Bildirim
YKM07961,61,36,41123.93353993498,24948.016445030185,1,Orta,39,1,0,0,1,Dusuk,Mobil_Bildirim
YKM07962,57,89,128208.36524870996,30850.351290006118,3,Orta,44,0,1,1,1,Orta,Mobil_Bildirim
YKM07963,36,149,26183.181491513675,45698.685443317045,1,Yuksek,40,1,0,1,0,Dusuk,SMS
YKM07964,52,145,33864.96167945561,18734.68341085876,1,Orta,32,0,4,1,1,Orta,Mobil_Bildirim
YKM07965,48,124,23821.924307997233,33863.455165158,3,Orta,37,0,1,1,0,Yuksek,SMS
YKM07966,51,39,36241.857532905895,22003.212849655887,4,Yuksek,35,0,2,1,1,Orta,Mobil_Bildirim
YKM07967,43,163,82090.89624090625,24522.227698592913,5,Yuksek,42,0,1,1,1,Dusuk,SMS
YKM07968,47,111,79887.32003700195,13828.217506245555,4,Orta,47,0,0,1,1,Yuksek,Mobil_Bildirim
YKM07969,24,67,61232.544281878545,16905.37916212483,3,Dusuk,41,1,3,0,1,Orta,SMS
YKM07970,58,172,67374.27395681174,15693.10198560121,4,Dusuk,26,0,0,1,0,Yuksek,SMS
YKM07971,36,82,55164.32673686193,29071.97071320927,6,Orta,34,1,3,1,1,Yuksek,Mobil_Bildirim
YKM07972,55,165,12657.334250751912,33476.633137991856,5,Orta,39,0,1,1,0,Yuksek,Mobil_Bildirim
YKM07973,53,165,61344.83279922947,15898.107107047868,1,Orta,36,0,3,1,0,Yuksek,Mobil_Bildirim
YKM07974,32,118,88703.21282202989,38816.49924620247,1,Yuksek,37,1,1,1,1,Orta,Mobil_Bildirim
YKM07975,57,78,30079.03527600217,38295.11576376836,3,Orta,37,0,5,1,1,Dusuk,Eposta
YKM07976,34,131,88191.33042011084,13297.7222767414,1,Dusuk,46,0,2,0,1,Orta,Mobil_Bildirim
YKM07977,71,146,44254.99735574072,17001.468970257734,5,Yuksek,33,0,0,1,1,Dusuk,SMS
YKM07978,26,27,21460.313341114783,22746.941530430697,5,Dusuk,35,0,2,1,0,Orta,Mobil_Bildirim
YKM07979,56,116,20703.96824420359,11026.738019780536,1,Orta,40,1,1,1,1,Yuksek,SMS
YKM07980,40,91,70447.96054995054,65260.51995321818,3,Orta,37,0,2,1,0,Yuksek,Eposta
YKM07981,28,116,62797.5260866767,25656.45203513419,6,Yuksek,38,1,2,1,1,Orta,SMS
YKM07982,58,1,56606.39137663995,32931.5588959706,1,Yuksek,26,1,0,0,1,Yuksek,Mobil_Bildirim
YKM07983,35,130,62496.07210760258,28373.55341931866,3,Dusuk,40,0,1,1,1,Yuksek,SMS
YKM07984,36,162,22123.715351456012,46672.234997260544,6,Orta,42,0,1,1,1,Orta,SMS
YKM07985,44,160,66818.24007010694,12677.317257560797,6,Orta,38,1,1,0,1,Orta,Mobil_Bildirim
YKM07986,38,107,99141.26508329586,24795.097329218304,1,Yuksek,43,0,2,1,1,Orta,Eposta
YKM07987,25,30,82583.94767789677,42010.270039436466,2,Yuksek,38,0,2,1,1,Orta,Eposta
YKM07988,66,19,42672.413013868856,16722.175328540987,1,Dusuk,37,0,2,0,1,Orta,SMS
YKM07989,31,162,61134.10666091135,6807.87702388793,2,Dusuk,31,0,3,1,0,Orta,Mobil_Bildirim
YKM07990,45,179,39799.35180356475,16890.13117702144,3,Orta,30,0,1,1,0,Orta,Mobil_Bildirim
YKM07991,63,67,116141.3870830803,24387.56120591575,2,Yuksek,36,1,0,1,1,Yuksek,Mobil_Bildirim
YKM07992,31,89,77472.8903444453,18837.753207479476,3,Orta,33,1,1,1,0,Orta,Mobil_Bildirim
YKM07993,60,89,37247.663876890874,41470.13351090676,1,Yuksek,31,0,0,1,0,Orta,Mobil_Bildirim
YKM07994,27,86,39388.627391746086,61874.76470539221,6,Yuksek,34,0,0,0,1,Dusuk,Eposta
YKM07995,26,99,42561.52176361231,17389.832027918834,6,Orta,49,0,1,1,0,Orta,SMS
YKM07996,68,148,48159.81732893975,37553.65841982976,4,Yuksek,26,0,1,1,1,Yuksek,Mobil_Bildirim
YKM07997,35,99,57666.831197848885,69406.09709178361,2,Orta,47,1,1,1,1,Orta,SMS
YKM07998,67,65,56278.07886612791,52405.04037983167,4,Yuksek,34,1,3,1,1,Yuksek,Mobil_Bildirim
YKM07999,62,88,69818.01161481756,20948.177272623274,3,Orta,29,0,2,0,1,Orta,SMS
YKM08000,28,29,44200.20723179925,28126.80216227428,3,Orta,34,0,0,1,1,Yuksek,Eposta
YKM08001,67,130,34974.18205253553,20042.300658186734,6,Yuksek,43,0,1,1,0,Yuksek,Mobil_Bildirim
YKM08002,47,95,38410.3260925651,12051.148585434372,4,Yuksek,45,1,0,1,1,Orta,Mobil_Bildirim
YKM08003,50,123,69814.2416246772,54952.998102127305,3,Orta,46,0,2,1,0,Orta,Mobil_Bildirim
YKM08004,66,84,67493.00446710136,64164.65718341425,2,Orta,48,1,1,1,1,Orta,Mobil_Bildirim
YKM08005,24,14,31478.82555099394,20013.62807210457,3,Orta,34,0,1,1,1,Yuksek,Mobil_Bildirim
YKM08006,54,79,61804.21382558225,38664.42398931479,6,Orta,34,0,4,1,1,Orta,Mobil_Bildirim
YKM08007,61,115,29258.292309768,13528.624767201225,1,Orta,33,0,4,1,1,Yuksek,Mobil_Bildirim
YKM08008,48,25,24015.694380208,44705.94354338004,5,Yuksek,24,0,2,1,0,Orta,Mobil_Bildirim
YKM08009,48,12,45825.22937951503,13007.740736413683,5,Dusuk,32,1,3,1,0,Dusuk,SMS
YKM08010,65,88,47160.75638995744,24374.567741114897,6,Orta,43,1,1,1,1,Yuksek,Mobil_Bildirim
YKM08011,29,62,33279.78496847334,44534.20200635077,4,Orta,43,1,1,1,1,Orta,Mobil_Bildirim
YKM08012,57,3,65406.679423487876,15628.298564223029,2,Orta,38,0,1,1,0,Yuksek,SMS
YKM08013,45,112,45193.53045182475,48512.97409776661,2,Orta,32,1,1,1,1,Yuksek,Mobil_Bildirim
YKM08014,24,80,60042.013526806295,19775.493386952898,3,Dusuk,54,0,0,1,1,Yuksek,SMS
YKM08015,65,173,31706.13841171375,17008.201512050735,3,Yuksek,45,0,0,1,1,Orta,Mobil_Bildirim
YKM08016,49,40,24971.17400690291,20482.402163263312,5,Orta,38,1,1,1,0,Orta,Mobil_Bildirim
YKM08017,69,142,75535.85406834981,23084.0404554283,2,Dusuk,27,1,2,1,0,Yuksek,Mobil_Bildirim
YKM08018,54,115,63895.90670403178,13565.117695436973,4,Orta,29,0,2,0,0,Dusuk,Mobil_Bildirim
YKM08019,44,90,38846.846745589195,55880.82521887865,3,Yuksek,45,0,0,1,1,Orta,Mobil_Bildirim
YKM08020,23,155,41774.64305167207,9732.60657910969,6,Dusuk,46,0,4,1,1,Orta,Mobil_Bildirim
YKM08021,70,150,31035.866807417056,30036.43936036555,2,Yuksek,36,1,1,1,1,Dusuk,Eposta
YKM08022,63,115,30314.451771227996,33684.58920707789,4,Dusuk,44,0,1,1,1,Orta,Mobil_Bildirim
YKM08023,58,87,28516.506567760465,24988.862461817225,4,Dusuk,37,0,0,1,0,Dusuk,Mobil_Bildirim
YKM08024,38,6,89295.68040750168,28684.143271223715,6,Orta,38,0,1,1,1,Yuksek,Mobil_Bildirim
YKM08025,22,1,52083.83928558266,13319.343625571893,1,Yuksek,31,0,1,1,0,Orta,Mobil_Bildirim
YKM08026,45,44,63724.718283088456,15450.867419870992,5,Orta,43,0,1,1,1,Orta,SMS
YKM08027,58,123,44010.80128884079,32567.14260394832,1,Yuksek,33,1,1,1,1,Yuksek,Mobil_Bildirim
YKM08028,34,46,50788.79500722847,85020.02823017008,5,Orta,32,0,2,1,1,Yuksek,Eposta
YKM08029,22,115,71741.61438799847,34571.3961802261,2,Yuksek,40,1,0,1,1,Dusuk,Eposta
YKM08030,60,38,86242.5254842505,21163.127356182642,4,Dusuk,40,0,1,0,1,Yuksek,SMS
YKM08031,27,173,39854.4421265675,29809.676079228342,6,Yuksek,47,0,2,1,0,Orta,Mobil_Bildirim
YKM08032,39,125,39432.39260172029,17816.55933820115,6,Yuksek,30,1,0,1,1,Yuksek,SMS
YKM08033,56,36,50316.34327004568,30834.814627167507,6,Yuksek,38,1,3,1,1,Orta,Eposta
YKM08034,53,70,43295.628884428676,34473.51265367204,5,Orta,45,0,2,1,0,Orta,SMS
YKM08035,37,117,41268.34081321317,34929.8867555742,2,Orta,39,0,3,1,0,Yuksek,SMS
YKM08036,48,153,47398.14454226046,48406.424791912854,1,Yuksek,26,0,2,1,0,Orta,SMS
YKM08037,68,142,18714.683189984993,21528.76752851265,2,Orta,18,0,1,1,1,Dusuk,Mobil_Bildirim
YKM08038,53,73,49873.96345386017,30404.601925355393,6,Dusuk,44,0,2,1,1,Orta,Mobil_Bildirim
YKM08039,59,61,52853.46061996578,7906.20385250277,2,Dusuk,45,0,0,1,1,Yuksek,Mobil_Bildirim
YKM08040,59,74,39223.25136311307,66705.8209997658,1,Yuksek,41,0,1,1,1,Dusuk,SMS
YKM08041,61,159,48403.25032668545,65436.57701320434,4,Orta,34,0,2,1,1,Yuksek,Mobil_Bildirim
YKM08042,25,71,29478.36094583237,23091.29769251156,1,Dusuk,32,0,2,1,1,Orta,SMS
YKM08043,44,25,49401.809321462126,22097.927281590182,6,Yuksek,24,0,1,1,1,Dusuk,SMS
YKM08044,30,67,46772.9603563007,20744.83464701728,3,Orta,33,0,2,1,0,Yuksek,Mobil_Bildirim
YKM08045,33,5,13388.150110850956,34075.45516450765,3,Yuksek,34,0,2,1,0,Yuksek,SMS
YKM08046,35,98,55252.9965424068,49118.77245652679,2,Orta,44,0,1,0,1,Orta,Mobil_Bildirim
YKM08047,49,181,47300.96306975079,17615.093887968207,6,Dusuk,36,0,2,1,0,Yuksek,SMS
YKM08048,45,2,36556.0552678496,15840.752614667585,2,Yuksek,39,0,2,1,1,Yuksek,Eposta
YKM08049,62,45,36136.88010422877,30657.23911915312,6,Yuksek,35,1,0,1,1,Orta,Mobil_Bildirim
YKM08050,59,136,61140.984889635285,14623.183381055016,5,Orta,50,0,0,1,0,Yuksek,Mobil_Bildirim
YKM08051,65,77,57289.45256921342,33428.553381643214,4,Dusuk,38,0,2,1,1,Orta,Mobil_Bildirim
YKM08052,52,102,43019.33359012179,19861.927012114767,6,Orta,46,0,1,0,1,Yuksek,SMS
YKM08053,26,151,36353.0420573365,29153.19141424992,6,Yuksek,30,0,0,0,1,Yuksek,Eposta
YKM08054,58,119,42962.09464093317,27459.067591182138,5,Orta,46,0,1,1,1,Orta,SMS
YKM08055,27,180,39843.65714035772,43204.417968532936,2,Yuksek,31,0,3,1,0,Dusuk,Eposta
YKM08056,69,61,17355.716358008773,33500.97248392523,1,Yuksek,39,0,1,0,1,Dusuk,Mobil_Bildirim
YKM08057,47,149,42545.47672473269,60457.936933885205,4,Orta,41,1,2,1,1,Yuksek,Mobil_Bildirim
YKM08058,64,159,91524.77268398718,47156.47713060735,6,Yuksek,33,0,3,1,0,Yuksek,Eposta
YKM08059,38,7,75854.8937345617,40905.243541151074,4,Yuksek,32,0,3,0,1,Yuksek,Mobil_Bildirim
YKM08060,30,31,109929.92493326543,10979.801234211267,4,Orta,43,0,1,1,1,Dusuk,Eposta
YKM08061,59,56,67608.65974132178,17488.845168223892,6,Yuksek,32,0,1,1,1,Orta,Mobil_Bildirim
YKM08062,65,67,50917.11751270475,25588.785290421194,5,Orta,33,0,2,0,1,Orta,Mobil_Bildirim
YKM08063,40,120,45065.03453349834,33956.881173789414,5,Orta,38,0,2,1,1,Dusuk,Mobil_Bildirim
YKM08064,64,102,61237.21640384951,48708.92766814482,1,Yuksek,33,0,0,1,1,Orta,Eposta
YKM08065,39,75,49391.07215451254,23736.111087818008,6,Dusuk,42,0,3,0,1,Yuksek,SMS
YKM08066,20,89,58484.570620401115,19990.983335547236,1,Dusuk,32,0,4,1,0,Yuksek,SMS
YKM08067,29,84,72321.93261112779,24583.78139459705,3,Orta,29,1,1,1,1,Yuksek,Eposta
YKM08068,30,87,59559.94637211775,18911.89116264048,1,Yuksek,43,1,1,1,1,Orta,SMS
YKM08069,37,114,60175.234868992084,8733.297437669944,5,Orta,41,0,1,0,0,Orta,Mobil_Bildirim
YKM08070,44,69,45833.59129895086,30425.924094551207,5,Dusuk,33,0,1,1,1,Yuksek,Eposta
YKM08071,28,71,33596.496126425984,54968.29743394816,3,Orta,36,0,3,1,0,Yuksek,Eposta
YKM08072,46,36,18365.568179698865,12967.722989804017,1,Orta,42,0,0,1,1,Yuksek,SMS
YKM08073,23,74,34702.15212215121,47655.56632032287,4,Yuksek,31,0,1,0,1,Yuksek,SMS
YKM08074,51,58,49925.32721382941,52831.663500794195,5,Orta,38,0,1,1,1,Orta,SMS
YKM08075,68,157,77185.82987081619,68167.97189632799,1,Yuksek,52,1,0,1,1,Yuksek,Eposta
YKM08076,33,81,75415.93349319923,12201.394013100347,5,Dusuk,41,0,2,0,1,Orta,Mobil_Bildirim
YKM08077,45,173,28063.68326094967,25975.558761034317,2,Orta,42,1,2,1,0,Dusuk,Eposta
YKM08078,25,41,56005.34140572435,33648.143561889585,6,Orta,34,0,2,0,0,Orta,Mobil_Bildirim
YKM08079,37,154,76456.98374074884,22479.261515965707,6,Orta,43,1,3,0,1,Orta,SMS
YKM08080,60,173,46572.939581424456,20740.538238861103,4,Yuksek,40,1,1,0,1,Dusuk,Mobil_Bildirim
YKM08081,65,112,17572.312601795405,32396.608685000676,3,Orta,40,0,2,1,0,Yuksek,SMS
YKM08082,27,177,38184.013202733644,21848.18570990168,1,Dusuk,42,0,3,1,0,Yuksek,Mobil_Bildirim
YKM08083,55,119,39733.13988259403,33254.14153991572,5,Orta,36,0,1,1,1,Orta,Mobil_Bildirim
YKM08084,65,29,61404.11797879387,13678.12702008735,4,Dusuk,36,0,2,1,1,Orta,SMS
YKM08085,62,105,41548.96618277968,11784.36894614603,2,Orta,38,0,1,1,1,Yuksek,SMS
YKM08086,27,86,27991.42738621687,27429.70442129042,4,Orta,45,0,0,1,1,Orta,SMS
YKM08087,54,92,45977.590092301834,14140.084305670449,3,Orta,29,0,2,1,0,Orta,SMS
YKM08088,70,106,69599.8952159068,34604.138135673275,5,Yuksek,32,0,0,1,1,Dusuk,Eposta
YKM08089,33,76,79189.3398087607,28401.88294760873,2,Orta,53,0,0,1,0,Orta,Mobil_Bildirim
YKM08090,24,154,45928.95588754069,46195.17087404899,2,Orta,28,1,1,0,0,Orta,Mobil_Bildirim
YKM08091,27,38,38244.70249872017,11087.165264373723,2,Dusuk,33,0,0,0,1,Orta,Eposta
YKM08092,70,77,32877.9579566545,7954.749311310362,6,Yuksek,40,0,0,1,1,Yuksek,Mobil_Bildirim
YKM08093,63,110,119066.25266557632,27807.08270536987,4,Dusuk,42,0,0,0,0,Orta,Eposta
YKM08094,37,90,47508.740603958686,28809.84512412062,3,Dusuk,38,1,3,1,1,Dusuk,Mobil_Bildirim
YKM08095,25,126,49280.336907342935,22282.03189688815,1,Dusuk,37,1,2,1,1,Yuksek,Eposta
YKM08096,57,134,44073.194931856095,73881.88558004599,4,Dusuk,43,0,2,1,1,Yuksek,Eposta
YKM08097,33,134,57016.77975246593,7484.072974831578,2,Orta,34,0,1,1,1,Orta,SMS
YKM08098,37,123,73084.26407895313,27293.105922759787,5,Orta,42,1,0,1,1,Orta,Eposta
YKM08099,22,31,24626.44713916166,28734.364938730294,2,Orta,43,0,1,1,0,Yuksek,Mobil_Bildirim
YKM08100,30,153,57253.91826565054,23502.989725228297,2,Yuksek,29,0,1,1,1,Yuksek,SMS
YKM08101,45,80,30895.407590555034,14948.22770361548,4,Dusuk,39,0,1,1,1,Yuksek,Mobil_Bildirim
YKM08102,34,153,14060.925076342663,16033.062611731968,6,Yuksek,35,0,0,1,0,Dusuk,Mobil_Bildirim
YKM08103,67,49,25674.412122689784,24656.382899180477,6,Dusuk,42,0,0,1,1,Yuksek,Mobil_Bildirim
YKM08104,46,11,31388.822165337366,40630.15488279431,4,Yuksek,37,0,2,0,1,Orta,SMS
YKM08105,55,141,39232.93778571583,24586.78542653739,6,Orta,44,0,1,0,0,Orta,SMS
YKM08106,18,29,51492.6878246683,7937.951928709434,6,Yuksek,40,0,3,1,0,Orta,SMS
YKM08107,36,131,26831.90582123498,23959.37873316837,3,Yuksek,36,1,2,1,0,Dusuk,Mobil_Bildirim
YKM08108,49,58,48126.883674678684,16775.576461648798,5,Orta,32,1,2,0,1,Dusuk,Eposta
YKM08109,29,132,22367.834904597992,41114.8959907968,6,Orta,40,0,0,1,1,Orta,Mobil_Bildirim
YKM08110,25,134,49843.625581323664,28634.476022497496,6,Yuksek,43,1,4,0,0,Orta,Mobil_Bildirim
YKM08111,44,125,58968.36752050278,15504.883183496175,6,Yuksek,31,1,3,1,0,Orta,Mobil_Bildirim
YKM08112,65,155,28486.628096933706,52996.04439084414,2,Yuksek,31,0,1,1,1,Yuksek,SMS
YKM08113,60,152,53449.8607493259,42484.242496384424,1,Yuksek,39,0,0,0,1,Orta,Mobil_Bildirim
YKM08114,30,112,77134.21019589959,17491.826299858745,1,Yuksek,41,1,2,1,1,Yuksek,Mobil_Bildirim
YKM08115,34,122,23480.78991008467,32533.84831324781,5,Yuksek,29,0,4,1,0,Yuksek,Mobil_Bildirim
YKM08116,64,178,95526.31420230537,38440.13584685338,4,Dusuk,36,0,0,1,1,Orta,SMS
YKM08117,22,143,27372.7002078031,42766.7282911367,5,Orta,19,0,2,1,1,Yuksek,SMS
YKM08118,25,144,24148.58130139963,45229.74314539525,6,Yuksek,31,0,0,1,0,Dusuk,Mobil_Bildirim
YKM08119,61,54,36907.11419047425,33730.62540898949,4,Orta,43,0,3,1,0,Yuksek,Mobil_Bildirim
YKM08120,66,128,50848.42348002459,32851.13147812452,4,Orta,42,0,2,0,1,Orta,SMS
YKM08121,41,36,65860.25172127382,23063.654263749282,4,Yuksek,39,0,2,1,1,Yuksek,Eposta
YKM08122,29,67,44988.26560447187,18411.815786773004,2,Dusuk,42,1,0,0,1,Dusuk,Eposta
YKM08123,33,123,40268.47392883264,18159.922765067106,1,Orta,36,0,0,1,0,Orta,SMS
YKM08124,33,175,35043.88917089064,24056.364657328322,3,Orta,33,0,1,0,1,Orta,SMS
YKM08125,48,64,66563.06764475885,22297.744241956592,2,Orta,40,0,1,1,1,Dusuk,Eposta
YKM08126,27,112,26618.468066211157,40946.75746840381,5,Orta,43,0,5,1,1,Yuksek,Mobil_Bildirim
YKM08127,50,53,50009.29992578664,46443.94541545268,5,Dusuk,53,1,2,1,1,Yuksek,Mobil_Bildirim
YKM08128,57,73,81299.28297987579,21474.797037270706,4,Orta,40,0,1,0,1,Yuksek,SMS
YKM08129,34,80,41047.18690521651,21770.492345932762,3,Orta,38,0,2,1,0,Yuksek,Mobil_Bildirim
YKM08130,34,168,29392.44062960759,24268.234727030653,3,Yuksek,32,0,2,0,1,Orta,SMS
YKM08131,24,135,46217.967705270086,45126.54018793243,3,Orta,36,0,2,1,0,Orta,SMS
YKM08132,37,136,34371.59673864864,22920.980355654945,5,Orta,42,0,3,1,1,Yuksek,SMS
YKM08133,29,143,71199.74456781855,31959.388123387194,1,Orta,42,0,1,1,1,Yuksek,Mobil_Bildirim
YKM08134,38,123,99645.1751888597,28614.18037667193,6,Yuksek,39,1,1,1,1,Dusuk,Eposta
YKM08135,41,158,53676.141585583806,22659.55885950714,3,Yuksek,43,0,2,1,1,Orta,SMS
YKM08136,48,47,68586.70055037933,53857.888428291466,6,Yuksek,38,0,0,1,0,Orta,SMS
YKM08137,38,49,31741.66977405552,46717.098333709706,3,Yuksek,40,0,0,1,0,Orta,Mobil_Bildirim
YKM08138,56,44,54083.6776411591,69355.62424222106,5,Orta,41,0,0,0,1,Yuksek,Mobil_Bildirim
YKM08139,38,63,83790.63866308103,30535.90816625641,1,Orta,41,1,3,1,0,Orta,Mobil_Bildirim
YKM08140,27,43,46313.9895749449,25416.895714420258,3,Orta,43,0,0,1,0,Yuksek,SMS
YKM08141,50,10,72901.94026970022,75947.75725847592,5,Orta,45,1,1,1,1,Dusuk,SMS
YKM08142,53,83,25819.360886952298,25475.44212584175,2,Yuksek,37,1,0,1,1,Orta,SMS
YKM08143,31,64,95854.8186666918,30634.19043644647,3,Dusuk,32,0,3,1,1,Dusuk,Eposta
YKM08144,53,168,46866.92597084052,33266.951018781314,5,Orta,43,0,1,1,1,Orta,Mobil_Bildirim
YKM08145,67,1,45823.96972054422,21085.25257304968,5,Dusuk,48,1,0,1,0,Yuksek,Mobil_Bildirim
YKM08146,66,97,42488.093831280414,23071.318876607107,6,Orta,40,0,0,1,1,Dusuk,Mobil_Bildirim
YKM08147,60,56,33401.173411187854,30340.9146921979,6,Yuksek,32,1,0,1,1,Orta,Mobil_Bildirim
YKM08148,43,123,59041.3735730207,16927.25676616583,6,Yuksek,39,0,2,0,1,Dusuk,Mobil_Bildirim
YKM08149,25,38,82739.86187543828,34013.91916653397,1,Dusuk,26,0,0,0,1,Orta,Eposta
YKM08150,36,170,27729.571822649348,86506.15154585801,2,Orta,29,0,0,1,0,Yuksek,Mobil_Bildirim
YKM08151,47,114,82725.46764092268,64418.87250156008,5,Orta,27,0,1,1,1,Orta,Eposta
YKM08152,36,17,64651.473097543865,38354.393435460544,2,Yuksek,37,1,1,1,1,Yuksek,Mobil_Bildirim
YKM08153,51,142,55507.28066052251,26517.721038821568,2,Yuksek,32,0,3,1,1,Dusuk,SMS
YKM08154,58,60,54702.16216139311,6607.272487176955,4,Orta,42,0,1,1,1,Yuksek,Mobil_Bildirim
YKM08155,69,26,143491.29361058344,17048.362676003977,4,Yuksek,44,0,1,1,1,Yuksek,SMS
YKM08156,27,19,61495.38658097866,22989.850505618208,2,Orta,46,1,1,0,1,Orta,Mobil_Bildirim
YKM08157,47,120,34966.333497076295,25839.760826252703,2,Orta,42,0,0,1,1,Yuksek,Mobil_Bildirim
YKM08158,18,9,46226.08077779132,32685.242636403367,2,Orta,37,0,2,1,1,Orta,Mobil_Bildirim
YKM08159,27,36,95354.32849518012,26469.739201307053,5,Orta,45,1,1,0,1,Yuksek,Eposta
YKM08160,22,38,74733.45926220181,56122.44213849461,4,Dusuk,29,0,0,1,1,Yuksek,SMS
YKM08161,36,135,76583.77652768453,35468.33939597986,5,Yuksek,47,0,2,1,1,Orta,Mobil_Bildirim
YKM08162,56,172,22431.562226244318,10893.587514846695,6,Dusuk,22,0,0,1,1,Yuksek,Eposta
YKM08163,25,144,24333.203192304736,48498.53180851223,1,Dusuk,37,0,0,0,0,Dusuk,Mobil_Bildirim
YKM08164,43,44,24033.20070552425,9446.985714569362,4,Yuksek,42,0,2,1,1,Orta,Eposta
YKM08165,61,47,40387.52640384235,25665.28705253982,2,Yuksek,54,0,2,1,0,Orta,SMS
YKM08166,36,80,77436.16875854366,11897.800090248307,5,Dusuk,37,0,2,0,1,Orta,Mobil_Bildirim
YKM08167,24,32,46657.93768384224,21737.93835695799,2,Yuksek,40,0,0,1,0,Dusuk,Mobil_Bildirim
YKM08168,54,119,67292.06713214774,25156.79352869965,2,Yuksek,38,0,1,1,0,Yuksek,SMS
YKM08169,51,102,21167.081836242065,19504.43030938138,6,Yuksek,46,0,2,0,1,Dusuk,Mobil_Bildirim
YKM08170,40,123,68074.74503019407,15278.9979212455,2,Orta,35,1,0,1,0,Orta,SMS
YKM08171,55,63,58258.17138891288,45720.25930251296,5,Yuksek,31,0,0,0,1,Orta,Mobil_Bildirim
YKM08172,33,96,72340.32914679208,42203.95483882283,3,Yuksek,43,0,1,1,0,Yuksek,SMS
YKM08173,24,63,134784.147885546,23484.039212342992,3,Yuksek,29,0,1,1,1,Orta,Mobil_Bildirim
YKM08174,28,121,19350.821655850534,22216.279451741342,4,Orta,46,1,1,1,0,Orta,SMS
YKM08175,30,143,36795.70070639652,19543.379980348105,3,Yuksek,35,0,2,1,1,Yuksek,Mobil_Bildirim
YKM08176,33,12,38491.86109624763,24134.743920555215,5,Dusuk,30,1,0,1,1,Dusuk,Mobil_Bildirim
YKM08177,60,182,54522.73040407291,18414.76114612424,3,Orta,41,1,0,1,1,Dusuk,Mobil_Bildirim
YKM08178,23,59,38224.0076751007,42180.63824965466,5,Yuksek,37,1,1,1,0,Orta,SMS
YKM08179,66,141,52110.92501109403,21959.99589497349,2,Yuksek,51,1,1,0,1,Orta,Mobil_Bildirim
YKM08180,25,173,8580.915674573449,21126.35847599347,4,Dusuk,28,1,0,1,0,Dusuk,Eposta
YKM08181,60,74,65198.84427415509,39696.29484158809,3,Yuksek,38,0,1,1,1,Yuksek,Mobil_Bildirim
YKM08182,48,116,45607.91532261154,17743.939437657784,2,Orta,35,0,1,1,1,Orta,Eposta
YKM08183,42,54,31349.657347046203,32960.8129580561,1,Orta,34,1,1,0,1,Orta,Mobil_Bildirim
YKM08184,66,73,39411.65090990996,65922.49381799431,5,Yuksek,38,0,1,1,1,Orta,Mobil_Bildirim
YKM08185,59,42,95368.36107250222,8060.961464992648,6,Orta,40,1,2,1,0,Dusuk,Eposta
YKM08186,66,153,59949.19904020845,23598.122166350637,1,Yuksek,32,1,0,0,1,Yuksek,SMS
YKM08187,32,77,68307.40813099974,16551.269480124585,6,Orta,36,1,2,0,1,Orta,Eposta
YKM08188,63,143,75137.22752974457,10113.668667301192,4,Orta,41,0,1,1,0,Dusuk,Mobil_Bildirim
YKM08189,70,43,18327.59407771527,18487.45002885713,4,Orta,42,0,1,1,0,Orta,Eposta
YKM08190,23,110,33200.73111878272,50194.75537588282,4,Yuksek,36,0,1,1,1,Yuksek,Mobil_Bildirim
YKM08191,61,103,90714.08076699136,12196.379523045416,5,Dusuk,38,0,2,1,0,Orta,Mobil_Bildirim
YKM08192,24,65,34833.44591933616,9436.748704123233,4,Yuksek,28,1,1,1,1,Orta,Eposta
YKM08193,22,158,45810.79132393116,44999.7183111196,4,Orta,39,1,2,0,1,Yuksek,SMS
YKM08194,46,156,17895.3331806454,20789.95690798359,5,Yuksek,33,0,1,1,1,Orta,Mobil_Bildirim
YKM08195,63,136,42134.736003597456,26627.75421760081,2,Orta,31,0,0,1,0,Dusuk,Mobil_Bildirim
YKM08196,37,123,46490.40542511172,44903.69207774813,4,Orta,31,0,2,0,1,Yuksek,Eposta
YKM08197,24,14,28887.80157274788,16548.228902344952,3,Dusuk,39,0,1,1,0,Yuksek,Eposta
YKM08198,19,32,62048.47204137572,13139.935552360952,3,Dusuk,40,1,2,0,1,Dusuk,SMS
YKM08199,32,150,44828.088328894744,16034.569291716232,1,Dusuk,45,1,2,1,0,Orta,Mobil_Bildirim
YKM08200,62,162,72799.02821783161,21186.913870014607,4,Yuksek,37,0,0,1,1,Orta,Mobil_Bildirim
YKM08201,57,71,64154.547184970485,41859.138312627474,3,Orta,34,0,0,1,1,Yuksek,SMS
YKM08202,30,149,57250.20307649903,36555.535713946774,1,Orta,45,0,0,1,1,Yuksek,Mobil_Bildirim
YKM08203,36,49,25237.600424434637,39121.39720474446,1,Orta,46,0,0,1,0,Orta,Eposta
YKM08204,35,108,44613.15988167127,22556.64542486335,6,Orta,49,1,0,1,1,Orta,SMS
YKM08205,56,128,78798.91956792062,26658.565173979066,4,Orta,41,0,1,1,0,Dusuk,SMS
YKM08206,52,51,64009.77312271962,8855.221711560089,5,Dusuk,35,0,4,1,0,Orta,Eposta
YKM08207,36,27,43166.5618771529,10195.545430580856,3,Orta,34,0,1,1,0,Dusuk,Mobil_Bildirim
YKM08208,61,112,116572.5996395401,31505.02993041665,6,Orta,45,0,1,1,1,Yuksek,Mobil_Bildirim
YKM08209,32,36,38133.30102702671,32609.636195991847,1,Orta,38,0,1,1,1,Orta,Mobil_Bildirim
YKM08210,42,126,25786.449245187923,12861.282277707807,4,Yuksek,29,0,0,0,1,Dusuk,Mobil_Bildirim
YKM08211,63,16,44996.592089473445,56831.56677750905,2,Yuksek,43,0,1,1,1,Yuksek,Eposta
YKM08212,36,90,25932.55804750836,22900.883508270654,4,Yuksek,30,1,0,1,1,Yuksek,Eposta
YKM08213,69,140,33003.93186452041,31874.75947714445,3,Orta,33,1,1,1,0,Yuksek,SMS
YKM08214,22,144,31475.09430986608,52721.64737807488,1,Orta,32,1,3,0,1,Yuksek,Eposta
YKM08215,63,77,27657.579989771577,12653.165158280792,2,Dusuk,44,1,0,1,1,Yuksek,Mobil_Bildirim
YKM08216,69,150,42050.5605405873,16031.510040617664,3,Dusuk,39,0,0,1,0,Orta,SMS
YKM08217,32,87,62436.014260431664,50801.31159188983,2,Orta,40,0,1,0,1,Orta,Mobil_Bildirim
YKM08218,67,93,72794.20780944885,31988.991317243555,6,Yuksek,31,0,0,0,0,Dusuk,Mobil_Bildirim
YKM08219,54,135,23502.62518313426,38736.997206042586,5,Yuksek,43,1,1,0,1,Dusuk,Eposta
YKM08220,56,83,21082.116924817343,34729.77803477934,5,Yuksek,31,1,0,1,1,Orta,Mobil_Bildirim
YKM08221,63,87,49686.955401646075,17903.775393704058,4,Dusuk,37,0,1,1,1,Yuksek,Mobil_Bildirim
YKM08222,21,178,32792.54931168695,28337.392030827417,3,Yuksek,29,0,2,0,0,Orta,Mobil_Bildirim
YKM08223,39,49,25794.290310644526,20541.616378657676,2,Orta,38,0,0,1,1,Yuksek,SMS
YKM08224,27,98,45626.89172792765,23723.27617962276,5,Dusuk,46,1,0,1,1,Yuksek,Eposta
YKM08225,70,65,72319.38672264045,22176.519416484614,6,Yuksek,30,1,2,1,1,Yuksek,Eposta
YKM08226,58,14,47436.810664737044,26217.785595384936,3,Yuksek,35,0,2,1,0,Dusuk,SMS
YKM08227,44,47,28415.606558547097,9502.899668283686,5,Orta,36,0,2,1,1,Yuksek,SMS
YKM08228,35,110,39943.97512213827,28150.430922279513,3,Dusuk,43,0,3,0,0,Orta,Mobil_Bildirim
YKM08229,68,181,35033.787514546,16432.80022926326,5,Orta,36,1,3,1,1,Orta,SMS
YKM08230,57,19,113045.00142943973,29289.96386191893,5,Yuksek,39,0,2,1,1,Dusuk,Mobil_Bildirim
YKM08231,54,31,20185.703188487238,29409.389552435012,2,Orta,35,0,0,1,0,Yuksek,SMS
YKM08232,68,69,44706.62300957206,13305.153317330261,3,Dusuk,31,1,0,1,0,Orta,SMS
YKM08233,66,54,45066.712080813224,47767.28285542167,1,Yuksek,50,1,2,1,1,Orta,Mobil_Bildirim
YKM08234,47,42,69139.26489695148,19848.151231142212,6,Yuksek,34,0,3,1,1,Dusuk,Mobil_Bildirim
YKM08235,66,121,34395.88497081911,20763.09690562339,1,Yuksek,27,1,0,1,1,Orta,SMS
YKM08236,52,135,62078.29638745561,32010.75439816515,2,Orta,43,0,2,0,0,Yuksek,SMS
YKM08237,67,42,38620.30199893532,21777.53946444663,4,Yuksek,28,1,2,1,1,Yuksek,Mobil_Bildirim
YKM08238,25,131,34425.019565053626,24798.058944212284,2,Dusuk,40,0,1,1,1,Dusuk,Mobil_Bildirim
YKM08239,32,4,30363.0906489782,19410.569493050927,5,Dusuk,43,0,0,1,1,Orta,Mobil_Bildirim
YKM08240,29,61,96178.49098038096,30874.518873321562,3,Dusuk,31,0,0,1,1,Yuksek,Mobil_Bildirim
YKM08241,59,26,37744.79560656807,47504.12793517278,6,Yuksek,33,0,0,0,0,Orta,SMS
YKM08242,41,78,50116.033112956226,37132.81620299141,4,Yuksek,27,0,2,1,0,Yuksek,Eposta
YKM08243,54,39,19656.814128173788,29360.45125553844,2,Orta,37,0,0,1,0,Yuksek,SMS
YKM08244,31,111,108123.72594587455,21326.24055339587,4,Yuksek,41,0,1,1,1,Yuksek,Mobil_Bildirim
YKM08245,60,53,121716.06329817795,23171.818407781935,3,Dusuk,43,0,1,1,1,Yuksek,Mobil_Bildirim
YKM08246,58,61,44782.49935667765,17839.900022064496,6,Orta,45,1,3,1,0,Dusuk,Mobil_Bildirim
YKM08247,57,154,39233.12071663472,20605.62512307998,1,Yuksek,55,1,2,1,0,Orta,SMS
YKM08248,61,65,33412.302062430084,46777.88645802754,6,Yuksek,30,0,3,1,1,Dusuk,Mobil_Bildirim
YKM08249,27,42,53565.797295334036,28468.676762517356,3,Yuksek,32,1,0,1,0,Dusuk,Mobil_Bildirim
YKM08250,57,135,50725.541517980026,32855.98209188423,4,Yuksek,37,0,0,0,1,Orta,Mobil_Bildirim
YKM08251,21,8,11372.810360962838,53071.55922749518,2,Orta,30,0,1,1,1,Yuksek,Eposta
YKM08252,27,154,35860.05860920932,15662.293937685108,4,Yuksek,41,1,0,1,0,Yuksek,SMS
YKM08253,36,28,33611.234851035435,17153.793911786568,4,Orta,25,0,1,1,0,Orta,SMS
YKM08254,48,79,103529.30505615662,57078.62812377698,2,Orta,38,0,1,0,0,Orta,Mobil_Bildirim
YKM08255,48,61,74419.06048420446,21017.755820575858,6,Dusuk,49,0,2,1,0,Dusuk,Mobil_Bildirim
YKM08256,68,18,18826.639488144057,37835.56757269231,3,Orta,36,0,1,1,1,Dusuk,SMS
YKM08257,41,178,45552.854017753954,51688.584135477526,2,Yuksek,46,0,0,0,1,Yuksek,SMS
YKM08258,40,145,61711.37019476652,38318.07847936314,2,Dusuk,32,0,0,1,1,Yuksek,Mobil_Bildirim
YKM08259,52,151,30299.55148394992,38974.02033981145,3,Yuksek,38,0,0,1,1,Yuksek,Mobil_Bildirim
YKM08260,51,21,34621.76810940415,21937.05127695127,3,Yuksek,40,0,1,1,1,Yuksek,Mobil_Bildirim
YKM08261,21,100,48886.70720695375,13421.970728140997,1,Orta,43,0,1,1,1,Yuksek,Mobil_Bildirim
YKM08262,42,51,41927.52615675483,20947.72690685197,4,Orta,30,0,3,0,1,Orta,Eposta
YKM08263,31,172,37612.07052346883,17495.823296507646,1,Yuksek,28,1,1,1,1,Yuksek,Mobil_Bildirim
YKM08264,39,150,40076.45256505133,21610.388530867196,5,Orta,25,1,1,1,1,Orta,Mobil_Bildirim
YKM08265,52,19,47382.977509155695,57519.24861759841,2,Orta,39,1,3,1,1,Orta,Mobil_Bildirim
YKM08266,66,161,34861.02709363201,46843.945191206534,2,Orta,48,0,3,0,0,Yuksek,Mobil_Bildirim
YKM08267,39,32,29107.70883514226,70064.70746266723,2,Yuksek,30,0,0,1,1,Yuksek,SMS
YKM08268,67,146,15819.554962584787,25626.57788335115,2,Yuksek,40,0,1,1,1,Orta,Eposta
YKM08269,56,114,23416.167484867863,11470.078009154413,5,Yuksek,49,1,3,1,1,Dusuk,Mobil_Bildirim
YKM08270,54,36,35251.45197532477,15443.287078029436,2,Orta,35,0,1,1,1,Orta,Mobil_Bildirim
YKM08271,29,83,41239.27640569496,20461.05218181463,2,Orta,38,1,3,0,1,Yuksek,Eposta
YKM08272,67,166,49399.27081694419,21442.35464728755,5,Orta,31,0,1,1,0,Orta,SMS
YKM08273,62,59,50167.94997032671,33105.29125492689,1,Yuksek,52,0,0,1,1,Yuksek,Mobil_Bildirim
YKM08274,69,13,68890.75509633255,40008.523340289976,1,Yuksek,44,0,2,0,1,Orta,SMS
YKM08275,51,53,47235.58775226099,20955.89421249291,4,Orta,39,0,2,1,1,Orta,Mobil_Bildirim
YKM08276,61,77,23925.631596418723,22054.93452683983,6,Yuksek,39,1,1,1,0,Orta,Mobil_Bildirim
YKM08277,45,3,85709.72932504222,27690.111617237282,5,Orta,26,0,0,1,0,Yuksek,SMS
YKM08278,37,80,52376.022977106026,26761.245135789835,3,Dusuk,43,1,3,1,1,Dusuk,Mobil_Bildirim
YKM08279,60,73,32613.44315908538,13675.18985248865,2,Dusuk,31,1,0,1,0,Orta,Mobil_Bildirim
YKM08280,48,187,38812.23475711906,15084.702530034232,5,Yuksek,41,1,3,1,1,Orta,Mobil_Bildirim
YKM08281,41,30,32250.862656871108,24410.901237057005,6,Orta,30,0,1,1,0,Orta,SMS
YKM08282,43,164,43877.328836793975,12925.372663394774,6,Yuksek,38,1,3,1,0,Yuksek,Mobil_Bildirim
YKM08283,45,156,51728.56357620939,8676.417222036589,5,Orta,44,0,1,1,0,Yuksek,Mobil_Bildirim
YKM08284,32,95,77597.31796806435,19924.993626876036,3,Orta,35,1,1,1,0,Orta,Mobil_Bildirim
YKM08285,51,63,44766.29540962506,18979.775657314916,4,Orta,39,1,1,1,0,Orta,SMS
YKM08286,30,81,51084.02326256687,16507.397015359893,3,Dusuk,31,0,1,0,0,Yuksek,Eposta
YKM08287,49,122,63446.88891635911,72963.45636632576,6,Yuksek,34,0,0,1,1,Yuksek,Eposta
YKM08288,57,22,39475.60273632677,18984.956851661715,6,Orta,26,0,3,1,1,Orta,Eposta
YKM08289,22,114,30392.82387553781,28339.58002837274,1,Orta,31,0,3,1,1,Yuksek,Mobil_Bildirim
YKM08290,44,22,36813.13358373075,13196.519921764226,1,Yuksek,41,0,3,0,1,Orta,Eposta
YKM08291,48,113,59381.93716514998,13917.785096528409,4,Dusuk,47,1,0,1,1,Orta,Mobil_Bildirim
YKM08292,43,63,39544.17005099961,14373.47281072397,6,Orta,41,0,1,1,1,Orta,Eposta
YKM08293,31,18,64482.581666102174,38562.800724781635,1,Dusuk,32,0,3,1,0,Yuksek,Mobil_Bildirim
YKM08294,37,1,56929.29643093977,15622.7605334888,6,Orta,45,1,0,1,1,Orta,Mobil_Bildirim
YKM08295,33,11,60907.988009250716,5394.287936947383,2,Orta,48,1,2,0,1,Dusuk,Eposta
YKM08296,29,75,39370.047917140764,16052.855445293015,2,Dusuk,43,0,2,1,1,Orta,Mobil_Bildirim
YKM08297,42,150,51094.48590564182,8676.183379436758,4,Yuksek,44,0,1,1,1,Dusuk,Mobil_Bildirim
YKM08298,45,65,46319.003636905414,11872.84349124829,1,Yuksek,36,0,6,1,0,Orta,Mobil_Bildirim
YKM08299,35,167,29570.950551452275,32554.09275493144,5,Yuksek,32,0,2,0,1,Dusuk,Mobil_Bildirim
YKM08300,35,53,79996.97194925435,29171.075128623437,6,Yuksek,41,0,1,1,0,Yuksek,Eposta
YKM08301,68,96,40704.79356265231,19059.296444439544,5,Orta,43,0,0,1,0,Orta,SMS
YKM08302,46,115,92450.01682357476,62563.619346525724,2,Dusuk,43,0,2,0,1,Yuksek,SMS
YKM08303,53,164,45003.11693256979,18709.033735820885,2,Yuksek,43,0,3,1,1,Orta,Mobil_Bildirim
YKM08304,23,64,67646.61049864977,23265.392423171164,2,Orta,37,1,0,1,0,Dusuk,SMS
YKM08305,67,72,77654.07048527942,10228.798518314441,2,Orta,35,1,2,1,0,Yuksek,Eposta
YKM08306,25,34,46603.165902990135,25412.167791214797,5,Orta,40,0,1,1,1,Orta,SMS
YKM08307,33,152,51589.03803480327,24472.96152247931,3,Yuksek,44,0,3,0,1,Orta,Eposta
YKM08308,61,26,38937.67017946593,17568.65948275993,5,Yuksek,38,0,2,1,0,Orta,SMS
YKM08309,40,153,46188.98270015857,14362.0834115129,1,Orta,37,1,0,1,0,Yuksek,Eposta
YKM08310,51,16,37502.30065274498,30869.45793959758,3,Dusuk,35,0,1,1,1,Orta,Mobil_Bildirim
YKM08311,55,65,111707.79643068256,17109.69279365625,3,Dusuk,44,0,0,1,0,Yuksek,Mobil_Bildirim
YKM08312,28,21,26226.894612566884,25552.914988255176,3,Orta,39,0,1,1,1,Orta,Mobil_Bildirim
YKM08313,66,147,71383.37163066975,13132.34165532137,6,Dusuk,31,0,0,1,1,Yuksek,SMS
YKM08314,45,1,24906.604411751,88232.50537144621,1,Yuksek,41,1,4,0,1,Yuksek,Mobil_Bildirim
YKM08315,55,25,38312.05158681475,30002.84064944458,2,Orta,43,1,2,1,1,Orta,SMS
YKM08316,59,118,23692.9663036507,12912.92588350787,5,Yuksek,38,1,0,0,1,Dusuk,SMS
YKM08317,58,62,26160.54697700573,18840.808360841253,1,Yuksek,40,1,2,0,1,Orta,SMS
YKM08318,36,160,65276.48335226758,8931.970959331544,2,Orta,42,0,3,1,1,Yuksek,Eposta
YKM08319,58,151,37155.33787250627,11213.064112287524,4,Orta,39,0,1,1,1,Dusuk,Eposta
YKM08320,25,135,41289.373052531846,13002.603580641011,5,Orta,44,1,2,1,1,Yuksek,SMS
YKM08321,50,57,34781.79831205921,26135.080239204526,3,Yuksek,31,1,2,1,1,Orta,Eposta
YKM08322,43,117,62061.935352044406,13249.200891745619,1,Orta,42,0,7,0,1,Orta,Mobil_Bildirim
YKM08323,24,82,37883.96685045016,15288.786087787767,1,Orta,30,0,2,0,0,Orta,Eposta
YKM08324,25,166,46234.889172695206,16364.538198523855,4,Orta,24,1,1,1,1,Yuksek,Mobil_Bildirim
YKM08325,49,61,49593.752406356216,47263.23487864166,2,Dusuk,45,0,1,0,1,Dusuk,Mobil_Bildirim
YKM08326,48,155,42785.9792237694,20461.183844922067,6,Orta,36,1,1,1,1,Orta,Mobil_Bildirim
YKM08327,48,57,60838.74862595157,42342.59306709227,3,Yuksek,34,0,0,1,1,Dusuk,SMS
YKM08328,24,63,42298.615193835045,24389.14262887258,2,Orta,44,1,1,0,1,Yuksek,Eposta
YKM08329,58,108,47972.09342370954,29488.753670003764,6,Orta,44,0,1,1,0,Orta,Eposta
YKM08330,66,41,106857.41228445423,16206.82636112842,2,Yuksek,38,1,3,1,1,Yuksek,Mobil_Bildirim
YKM08331,23,68,33648.27205220919,21778.11507958027,5,Orta,27,0,4,1,1,Orta,Eposta
YKM08332,39,48,53365.03414973327,10942.261540849537,1,Yuksek,43,1,1,1,0,Yuksek,Mobil_Bildirim
YKM08333,69,162,60250.36867001391,18879.29258887512,5,Dusuk,41,0,1,1,1,Yuksek,Mobil_Bildirim
YKM08334,24,47,38586.28463079409,24596.403913964386,3,Yuksek,36,0,1,1,1,Yuksek,Mobil_Bildirim
YKM08335,27,65,27887.920919280125,22751.641341362152,2,Dusuk,41,1,4,1,1,Orta,SMS
YKM08336,56,88,11972.374253024986,16534.839020012027,4,Yuksek,49,0,1,1,1,Yuksek,Eposta
YKM08337,33,149,44260.669046622745,11260.71088152416,2,Orta,42,0,1,1,1,Yuksek,Mobil_Bildirim
YKM08338,67,11,51191.40657568308,18503.00983285984,1,Orta,43,1,2,1,1,Yuksek,SMS
YKM08339,21,88,72717.10914151782,19351.148434658473,2,Dusuk,29,0,3,1,0,Yuksek,SMS
YKM08340,54,154,44026.46507107791,14235.512707128828,2,Dusuk,32,1,1,1,1,Yuksek,Mobil_Bildirim
YKM08341,50,115,56557.08863834786,31385.25793607838,6,Orta,52,1,1,1,0,Orta,SMS
YKM08342,68,152,43606.4011005999,22450.214584547914,5,Yuksek,45,1,2,1,1,Orta,SMS
YKM08343,58,112,50751.721095438945,12643.850989630799,6,Orta,30,0,1,1,1,Yuksek,SMS
YKM08344,36,11,54594.634081589,16810.691018348887,4,Dusuk,48,0,1,1,1,Orta,Mobil_Bildirim
YKM08345,31,97,82424.83576137297,23383.19082728538,4,Orta,30,0,0,1,0,Yuksek,SMS
YKM08346,37,82,48497.2000452962,24527.775011990572,2,Orta,35,1,1,1,1,Orta,Mobil_Bildirim
YKM08347,32,55,48781.97171449403,23513.064484511477,1,Orta,38,0,1,1,1,Dusuk,Mobil_Bildirim
YKM08348,50,142,36259.30536021911,30075.72365129376,3,Dusuk,43,0,2,1,1,Dusuk,Mobil_Bildirim
YKM08349,22,84,36166.79044707002,36052.8071443442,6,Dusuk,38,0,1,1,0,Orta,Mobil_Bildirim
YKM08350,31,111,78199.35265295651,77707.7681367689,6,Yuksek,36,0,2,0,1,Dusuk,SMS
YKM08351,68,55,33297.155748978825,34263.474686667585,2,Orta,47,0,5,1,1,Yuksek,SMS
YKM08352,47,82,53945.785024558536,21551.11960518925,1,Dusuk,47,0,1,1,0,Orta,SMS
YKM08353,58,96,34860.455396932055,30970.328952603086,2,Dusuk,38,0,1,1,0,Orta,Eposta
YKM08354,34,137,24359.966518448495,21825.040090266146,2,Yuksek,38,0,2,1,0,Orta,Eposta
YKM08355,30,140,54979.156103877955,23732.90564836227,2,Dusuk,34,0,0,0,0,Dusuk,Mobil_Bildirim
YKM08356,25,23,44819.10901331273,36995.77243602834,2,Orta,29,0,0,1,1,Yuksek,Mobil_Bildirim
YKM08357,58,45,33879.89544890912,35596.5894894038,4,Orta,33,0,5,1,1,Dusuk,Mobil_Bildirim
YKM08358,59,176,68768.25926485888,17578.735107623357,4,Dusuk,29,0,0,1,0,Yuksek,SMS
YKM08359,31,19,38520.89079716764,29150.01957948378,1,Yuksek,41,0,0,0,0,Dusuk,Mobil_Bildirim
YKM08360,38,102,20015.946418544372,50959.69087663754,5,Orta,26,0,1,1,0,Yuksek,SMS
YKM08361,36,113,54498.30194583049,34640.994649718195,1,Orta,38,1,1,1,0,Dusuk,Mobil_Bildirim
YKM08362,66,53,40235.154550037565,29324.565132310654,5,Yuksek,41,0,1,1,1,Yuksek,SMS
YKM08363,40,30,36234.68333505803,21399.47059907369,3,Orta,38,1,1,1,0,Dusuk,SMS
YKM08364,52,8,68190.2534246105,36037.216865199385,5,Dusuk,42,0,0,1,1,Dusuk,SMS
YKM08365,27,57,42564.77650891943,29627.514532538964,4,Yuksek,35,0,1,0,0,Orta,Mobil_Bildirim
YKM08366,26,17,31175.47269344585,21263.147057560076,2,Orta,39,1,2,1,1,Orta,Mobil_Bildirim
YKM08367,44,8,76478.70653413133,17257.67689314424,2,Orta,47,0,1,1,1,Yuksek,SMS
YKM08368,33,166,43316.06579951158,19951.17494181024,1,Dusuk,41,1,2,1,0,Orta,Mobil_Bildirim
YKM08369,22,97,78130.28427478662,25486.959746448385,5,Orta,38,1,1,1,1,Orta,SMS
YKM08370,35,14,52801.41685022189,50174.98830061647,6,Dusuk,43,0,1,1,1,Yuksek,SMS
YKM08371,64,46,24108.83631092971,38265.30876851591,1,Orta,28,0,1,1,0,Yuksek,Mobil_Bildirim
YKM08372,30,76,59679.19507541435,10269.535372211867,3,Orta,32,0,2,1,1,Orta,Mobil_Bildirim
YKM08373,65,118,47982.47764167554,30623.55727793295,1,Dusuk,47,0,1,0,0,Orta,SMS
YKM08374,24,1,45944.86679605644,23883.13503713234,6,Orta,44,0,3,1,0,Yuksek,Eposta
YKM08375,69,111,63459.12274662237,16529.47584703206,4,Yuksek,44,0,2,1,1,Yuksek,Mobil_Bildirim
YKM08376,42,76,23221.05373338249,76443.97874390261,3,Orta,29,0,2,1,1,Yuksek,SMS
YKM08377,21,156,35155.57181207461,25139.344109987735,1,Yuksek,42,1,0,1,1,Orta,Mobil_Bildirim
YKM08378,35,25,48922.342545517255,28410.736807749676,4,Orta,34,0,1,1,1,Orta,SMS
YKM08379,49,48,54354.36404532166,35349.15083020962,3,Orta,41,1,0,1,1,Yuksek,Mobil_Bildirim
YKM08380,34,18,36469.89920447251,20304.34379771783,3,Orta,40,0,0,0,0,Dusuk,Mobil_Bildirim
YKM08381,30,168,42687.49279556955,21865.386812177458,5,Orta,28,0,3,1,1,Yuksek,Eposta
YKM08382,54,21,51219.55393961134,30101.712571994532,6,Yuksek,48,0,0,1,0,Dusuk,SMS
YKM08383,56,146,61252.64421843973,13013.841325898207,2,Yuksek,39,0,3,1,1,Orta,Mobil_Bildirim
YKM08384,37,22,73323.89703323363,50596.31668330352,5,Yuksek,43,1,1,1,0,Dusuk,Mobil_Bildirim
YKM08385,29,159,34559.35691351406,18749.80023990105,4,Yuksek,41,0,3,1,1,Yuksek,Mobil_Bildirim
YKM08386,45,6,19824.03983736957,25200.707428352795,6,Orta,46,0,2,1,0,Yuksek,SMS
YKM08387,38,1,83910.83837479627,18051.260888555695,4,Dusuk,49,1,1,1,1,Dusuk,Mobil_Bildirim
YKM08388,58,40,41703.89317524162,47332.35186462045,5,Orta,36,0,4,1,0,Dusuk,SMS
YKM08389,66,104,74072.4304196474,15269.028757846374,1,Dusuk,47,0,0,1,1,Dusuk,Mobil_Bildirim
YKM08390,30,120,108452.95149561093,33433.52230105896,4,Dusuk,41,1,1,1,0,Dusuk,SMS
YKM08391,61,150,44451.98171253568,12188.29712472931,5,Orta,40,1,1,0,1,Yuksek,Eposta
YKM08392,57,185,52290.822289652046,17981.574015618706,2,Yuksek,34,0,1,1,1,Orta,Mobil_Bildirim
YKM08393,60,42,39704.09116487927,26890.376560333283,6,Dusuk,29,1,1,1,0,Orta,SMS
YKM08394,62,167,28932.715579736792,15488.608523795008,3,Orta,53,0,1,1,1,Orta,Mobil_Bildirim
YKM08395,42,180,50801.63799114812,12923.74399837357,1,Orta,33,0,4,1,1,Orta,SMS
YKM08396,64,124,23339.3612785605,29561.66553309246,3,Yuksek,48,0,0,1,0,Yuksek,SMS
YKM08397,44,11,79328.3968810926,14689.221114069069,2,Orta,40,0,1,1,1,Yuksek,SMS
YKM08398,47,106,47746.41720727702,23157.446092053393,2,Yuksek,45,0,4,0,1,Orta,Mobil_Bildirim
YKM08399,33,1,27536.200431845933,25344.89927839773,2,Yuksek,35,0,0,1,0,Yuksek,Mobil_Bildirim
YKM08400,60,40,70785.3275482228,17246.981127244708,6,Orta,38,0,0,1,1,Yuksek,Eposta
YKM08401,63,1,51337.456048195505,49937.007919989854,6,Orta,35,1,1,1,1,Orta,SMS
YKM08402,24,90,36672.780613855975,40214.71719511371,6,Orta,41,0,1,1,0,Yuksek,Mobil_Bildirim
YKM08403,60,143,36440.04147136484,24032.364507783488,2,Orta,36,0,0,1,0,Dusuk,Mobil_Bildirim
YKM08404,63,162,66541.54224122746,10402.43232121916,4,Yuksek,45,1,0,1,1,Orta,Eposta
YKM08405,40,108,15157.799101393612,11975.580103594279,4,Orta,31,1,0,0,0,Yuksek,Mobil_Bildirim
YKM08406,50,15,98686.11486245968,27086.791186148777,4,Yuksek,37,0,0,0,0,Orta,Eposta
YKM08407,56,30,24388.22303401065,15364.804747779357,5,Orta,38,0,0,1,1,Yuksek,Mobil_Bildirim
YKM08408,61,108,43424.84095105245,19297.859448484436,1,Orta,36,0,1,1,0,Orta,Mobil_Bildirim
YKM08409,62,149,72650.95093437875,25764.968573330683,4,Yuksek,38,1,0,1,0,Yuksek,Mobil_Bildirim
YKM08410,63,54,68653.4437817717,18136.456401422674,2,Yuksek,34,1,1,0,1,Dusuk,Mobil_Bildirim
YKM08411,47,59,92258.96049034166,38770.08932937461,6,Orta,40,0,0,1,1,Orta,Mobil_Bildirim
YKM08412,65,135,31585.741162357972,21963.611316060305,5,Yuksek,42,0,1,1,0,Orta,SMS
YKM08413,21,90,19767.749073751744,14895.620727780995,3,Orta,42,0,2,0,0,Dusuk,Mobil_Bildirim
YKM08414,41,29,40331.61907968225,11600.834484151917,3,Orta,49,0,2,1,0,Dusuk,Mobil_Bildirim
YKM08415,24,38,40649.5546553387,21054.23359331691,6,Yuksek,31,1,0,1,0,Yuksek,Mobil_Bildirim
YKM08416,22,96,67182.10708815644,41413.49899601522,1,Yuksek,38,0,2,1,1,Yuksek,SMS
YKM08417,38,78,34669.15359778756,18077.51085847537,2,Yuksek,37,0,1,1,0,Orta,SMS
YKM08418,27,149,58141.93347190381,26879.172232842804,1,Orta,34,0,3,1,1,Orta,Mobil_Bildirim
YKM08419,54,37,28679.786783407148,89953.13995043037,3,Yuksek,29,1,1,0,0,Yuksek,Mobil_Bildirim
YKM08420,42,179,45559.73164724308,27965.43893896934,1,Dusuk,40,0,2,1,1,Dusuk,Eposta
YKM08421,25,135,89697.62356624965,28239.050089383385,5,Yuksek,32,0,2,1,1,Orta,SMS
YKM08422,23,165,45376.49889200936,27610.709731904833,2,Yuksek,45,1,1,1,0,Orta,SMS
YKM08423,47,51,18614.42164001033,26161.01445453469,1,Orta,34,0,2,1,1,Dusuk,Mobil_Bildirim
YKM08424,53,44,32089.270155496626,22655.815624658782,6,Yuksek,38,0,0,1,1,Yuksek,Eposta
YKM08425,46,67,55950.675164939305,61580.824759229894,1,Orta,51,0,3,1,1,Orta,SMS
YKM08426,22,44,25805.578387852907,15830.806611527132,6,Orta,34,0,1,1,1,Yuksek,Eposta
YKM08427,24,149,140376.9763801963,15172.4231677508,2,Dusuk,26,0,2,1,0,Yuksek,Mobil_Bildirim
YKM08428,28,123,84764.22078330966,80342.7079461851,1,Yuksek,44,0,0,1,0,Yuksek,SMS
YKM08429,68,62,77799.28728269594,13938.886184551826,6,Yuksek,33,0,1,1,1,Yuksek,Mobil_Bildirim
YKM08430,57,19,41205.77649503026,34170.21693837564,2,Yuksek,31,0,2,0,1,Orta,Eposta
YKM08431,34,91,57652.39263352379,50172.278033961484,2,Orta,41,0,1,0,1,Orta,Mobil_Bildirim
YKM08432,31,159,37869.197136319184,10884.676141699845,6,Yuksek,39,0,1,1,1,Orta,SMS
YKM08433,27,45,113748.40848388778,26524.1920936899,6,Dusuk,48,0,2,1,1,Yuksek,SMS
YKM08434,36,157,54969.56319558326,30154.098199464246,5,Orta,43,1,0,0,1,Dusuk,Mobil_Bildirim
YKM08435,21,75,50776.93340642088,41407.819809167624,1,Orta,42,0,2,1,1,Orta,Mobil_Bildirim
YKM08436,48,123,45907.87551607643,18463.422367522373,4,Orta,57,0,0,1,0,Orta,SMS
YKM08437,66,53,30617.084880380433,29336.421402708194,1,Orta,39,1,0,1,1,Orta,Eposta
YKM08438,36,149,65052.3791772699,24284.945017680984,6,Orta,35,0,3,1,0,Yuksek,Mobil_Bildirim
YKM08439,51,101,87941.7850850784,24316.018217491346,3,Dusuk,34,1,1,1,1,Orta,Mobil_Bildirim
YKM08440,33,25,75931.36422346384,7793.15610883188,1,Orta,26,0,0,1,1,Yuksek,Eposta
YKM08441,36,124,34103.645009334876,20116.206966418908,1,Yuksek,54,1,0,0,1,Orta,Mobil_Bildirim
YKM08442,35,21,28698.230704809193,34014.28653111818,6,Dusuk,32,0,2,0,0,Orta,SMS
YKM08443,36,90,29735.152849025864,23375.43442316162,2,Orta,34,0,0,1,0,Yuksek,SMS
YKM08444,41,82,67192.09066603465,111476.65735529955,4,Yuksek,44,0,0,0,0,Yuksek,Mobil_Bildirim
YKM08445,53,178,21789.974667387876,38920.8814472966,4,Dusuk,50,0,3,0,1,Dusuk,SMS
YKM08446,37,110,65426.94615183736,10955.212751490899,6,Dusuk,42,0,2,1,0,Orta,Eposta
YKM08447,66,33,139208.4549756486,48609.60164836172,3,Orta,49,1,1,1,1,Yuksek,Mobil_Bildirim
YKM08448,55,105,72848.72777154014,17992.476014607757,3,Orta,38,1,1,1,1,Dusuk,Eposta
YKM08449,44,17,27064.388987450526,21716.957959035193,4,Orta,36,0,6,1,1,Yuksek,SMS
YKM08450,49,28,40256.0654736126,35418.81160856093,2,Orta,36,0,0,1,1,Yuksek,SMS
YKM08451,47,138,40131.576442763326,17923.58212144658,5,Yuksek,39,0,2,1,1,Orta,Mobil_Bildirim
YKM08452,41,97,39887.47577090848,74445.8197946591,2,Yuksek,49,1,3,1,1,Dusuk,SMS
YKM08453,37,159,55130.694331874205,18432.66431631097,5,Yuksek,41,1,0,0,0,Dusuk,Eposta
YKM08454,46,37,25667.07758645398,16532.32456584789,2,Orta,46,0,2,1,1,Yuksek,SMS
YKM08455,28,164,40254.1762751796,33131.88744772067,2,Yuksek,41,0,3,0,1,Orta,SMS
YKM08456,22,17,32908.78394425077,31072.20586118934,6,Yuksek,57,0,1,1,0,Orta,Eposta
YKM08457,40,158,48820.3202244293,42103.482749270486,1,Dusuk,31,1,2,1,1,Orta,Mobil_Bildirim
YKM08458,61,37,52236.93107250548,33904.09481834894,2,Yuksek,38,1,3,1,1,Orta,Mobil_Bildirim
YKM08459,32,71,22014.987245224467,74857.76778144967,4,Orta,47,0,5,1,1,Orta,SMS
YKM08460,70,169,82219.28477942626,13096.615282559796,5,Dusuk,33,0,0,0,1,Yuksek,Mobil_Bildirim
YKM08461,34,29,36848.15558867327,27596.980733330318,1,Yuksek,43,0,1,1,0,Orta,SMS
YKM08462,54,91,88561.79535526296,21725.565625578558,3,Dusuk,57,0,0,1,1,Orta,SMS
YKM08463,30,123,18008.203026260813,13221.810719747531,6,Orta,40,1,4,1,1,Orta,Eposta
YKM08464,47,121,27042.581463296126,22067.931124142695,1,Yuksek,37,0,0,1,0,Yuksek,Mobil_Bildirim
YKM08465,47,99,112039.76895278186,16073.80522371609,5,Orta,38,1,1,1,0,Dusuk,SMS
YKM08466,32,168,50525.03299735199,32751.146061524614,1,Dusuk,34,0,0,1,1,Dusuk,SMS
YKM08467,60,27,38502.96470666701,29051.87892636289,4,Orta,29,0,0,1,0,Yuksek,Eposta
YKM08468,27,119,38819.220871892176,31435.115974394645,5,Yuksek,43,0,1,0,1,Yuksek,Mobil_Bildirim
YKM08469,38,5,17288.034583561424,43507.39924373102,1,Dusuk,50,1,2,1,1,Dusuk,Mobil_Bildirim
YKM08470,67,45,94854.97594983183,17703.898787433714,2,Orta,32,0,1,1,0,Orta,Mobil_Bildirim
YKM08471,24,34,22703.143137923536,24937.339268882723,3,Yuksek,31,0,0,1,0,Yuksek,Mobil_Bildirim
YKM08472,63,59,58150.22272932397,50186.5902614689,4,Orta,29,0,0,1,1,Yuksek,Mobil_Bildirim
YKM08473,27,171,37765.36889178404,11565.799055072868,1,Dusuk,22,0,1,1,0,Dusuk,SMS
YKM08474,33,150,51069.23478910521,19967.91189437896,5,Dusuk,32,0,1,1,1,Orta,Mobil_Bildirim
YKM08475,67,1,32325.134016739234,21198.811574468415,2,Dusuk,34,0,2,1,1,Yuksek,SMS
YKM08476,25,41,28156.159441459058,15324.706444192394,5,Orta,27,0,1,0,1,Orta,Eposta
YKM08477,24,51,32428.23642477841,23603.220702914623,5,Yuksek,32,1,4,1,1,Yuksek,Mobil_Bildirim
YKM08478,41,167,72344.79894162496,34046.66318315765,4,Orta,50,0,0,0,0,Orta,SMS
YKM08479,48,30,40789.1632844151,37205.66708476329,2,Yuksek,40,0,3,1,0,Dusuk,Mobil_Bildirim
YKM08480,40,104,38530.23320430557,21247.570034673092,3,Orta,43,0,3,1,0,Dusuk,Mobil_Bildirim
YKM08481,45,120,52884.436198152755,26401.804908791906,3,Yuksek,36,1,1,0,1,Yuksek,SMS
YKM08482,34,153,62413.50316576364,38742.85543622566,1,Orta,51,0,4,1,0,Orta,Mobil_Bildirim
YKM08483,41,155,51651.785096359585,15987.222826005838,2,Yuksek,39,0,0,1,0,Orta,Eposta
YKM08484,55,31,20584.480342195,32701.54131550792,4,Orta,38,0,4,1,1,Orta,Mobil_Bildirim
YKM08485,44,7,84271.25389770766,14031.526930194928,6,Orta,38,0,0,1,1,Dusuk,Mobil_Bildirim
YKM08486,55,103,58937.15645550711,28109.121885027187,5,Orta,29,1,1,1,1,Orta,Mobil_Bildirim
YKM08487,63,10,86948.64755079299,33401.85687077536,2,Orta,36,0,1,0,0,Yuksek,Mobil_Bildirim
YKM08488,38,133,53114.21988807006,17628.780387487164,6,Yuksek,36,1,0,1,1,Orta,Mobil_Bildirim
YKM08489,59,68,25708.316916818098,51960.494330859234,2,Dusuk,29,0,2,1,1,Yuksek,Mobil_Bildirim
YKM08490,45,52,40091.17295756612,13209.609768381904,5,Dusuk,37,0,2,1,0,Orta,SMS
YKM08491,50,163,32652.57093349993,32156.419569445785,3,Orta,35,1,1,1,1,Orta,Eposta
YKM08492,70,47,48600.7899743307,14396.16542159892,5,Yuksek,28,0,0,1,1,Yuksek,Mobil_Bildirim
YKM08493,68,38,27313.229302241543,44860.45236213833,2,Yuksek,36,0,2,0,1,Dusuk,Mobil_Bildirim
YKM08494,45,111,60367.54570790693,30704.063138172332,5,Yuksek,35,0,2,1,0,Dusuk,Eposta
YKM08495,67,48,21887.967500427636,36861.804020760006,5,Dusuk,33,0,1,0,1,Orta,Eposta
YKM08496,53,165,18400.539152281377,40369.01929866799,4,Orta,40,1,3,1,1,Yuksek,Eposta
YKM08497,28,137,25917.942363506652,17076.69299673786,6,Dusuk,41,0,1,1,0,Dusuk,Eposta
YKM08498,24,111,52048.08760658978,12126.656669838736,2,Yuksek,43,0,0,1,1,Orta,SMS
YKM08499,71,66,33449.49998227455,31283.806591090768,6,Yuksek,36,1,4,1,1,Orta,Mobil_Bildirim
YKM08500,23,85,32814.87750019771,27262.503492863518,5,Yuksek,42,0,1,1,1,Orta,Mobil_Bildirim
YKM08501,32,100,80581.65413237792,19857.108121862217,3,Orta,36,1,1,1,0,Orta,Mobil_Bildirim
YKM08502,32,151,24495.869784813323,39093.18569781516,2,Dusuk,42,0,2,1,1,Dusuk,Mobil_Bildirim
YKM08503,59,96,91203.32307258199,11051.635598786364,5,Dusuk,34,0,2,1,0,Orta,Mobil_Bildirim
YKM08504,38,53,23543.316911755224,24248.624512836966,2,Orta,32,0,0,1,1,Yuksek,SMS
YKM08505,21,93,72532.8939396464,17809.42043196996,2,Dusuk,32,0,3,1,0,Yuksek,SMS
YKM08506,58,145,16398.821902338168,25124.08825785971,4,Yuksek,31,0,1,1,1,Yuksek,Eposta
YKM08507,59,104,35154.06542672132,35337.99452674965,5,Yuksek,25,0,0,1,0,Orta,Mobil_Bildirim
YKM08508,24,113,42930.572283352165,22243.935213474768,6,Yuksek,35,0,0,1,1,Orta,Mobil_Bildirim
YKM08509,47,28,56116.30180245369,33486.25603643154,1,Yuksek,33,0,2,1,0,Yuksek,Mobil_Bildirim
YKM08510,26,8,55959.117388516635,25329.216237293032,4,Dusuk,51,0,2,1,1,Yuksek,Mobil_Bildirim
YKM08511,24,81,48324.10053247631,16397.994093579975,4,Yuksek,45,0,0,1,0,Orta,SMS
YKM08512,51,126,46838.20795577945,28634.195702923873,3,Yuksek,34,0,2,1,1,Yuksek,Mobil_Bildirim
YKM08513,64,81,46052.52999164778,14841.44883895845,2,Yuksek,40,0,1,1,0,Dusuk,Mobil_Bildirim
YKM08514,43,128,10160.940043880444,19886.814079149386,3,Orta,34,0,3,1,1,Yuksek,Eposta
YKM08515,25,68,51047.71525086698,35986.55597517692,6,Yuksek,33,1,2,1,0,Yuksek,Eposta
YKM08516,32,34,57068.28800081624,17215.73830785839,5,Orta,48,0,1,1,1,Orta,SMS
YKM08517,50,95,23667.641111042773,11134.24889636541,4,Orta,38,0,2,1,1,Yuksek,SMS
YKM08518,68,60,103344.11359462046,19809.934690466176,3,Orta,47,1,5,1,1,Yuksek,Mobil_Bildirim
YKM08519,50,105,74856.45465695688,40213.56547832869,3,Dusuk,32,0,1,0,1,Dusuk,SMS
YKM08520,70,181,89577.31435390664,15682.179898762397,3,Dusuk,35,0,2,1,0,Yuksek,Mobil_Bildirim
YKM08521,48,145,42879.0548908836,16287.431948966969,2,Yuksek,41,0,2,1,1,Yuksek,SMS
YKM08522,58,129,40147.38484775835,13417.860352667873,3,Yuksek,43,0,1,1,0,Yuksek,SMS
YKM08523,27,108,55555.47200923727,20574.472157748733,6,Yuksek,36,0,0,0,1,Dusuk,Eposta
YKM08524,56,117,25969.64671126795,12335.080253610706,4,Orta,29,0,1,1,0,Yuksek,Mobil_Bildirim
YKM08525,50,144,42960.19279892703,18367.729932675564,3,Orta,39,0,0,0,1,Dusuk,Mobil_Bildirim
YKM08526,68,111,54335.809674965916,23324.133258257192,3,Orta,28,0,0,0,0,Orta,Mobil_Bildirim
YKM08527,26,66,28564.038057154372,19331.873053084844,6,Orta,37,0,3,1,1,Orta,Eposta
YKM08528,57,9,35707.181865311824,21689.114130042115,6,Orta,51,0,0,1,0,Orta,Mobil_Bildirim
YKM08529,23,97,29244.380111654267,22730.904597111356,5,Yuksek,42,0,0,1,1,Yuksek,Eposta
YKM08530,25,143,42451.625256768195,16454.48314807167,1,Yuksek,34,0,3,1,1,Yuksek,Eposta
YKM08531,26,28,16264.31339738319,14620.021646856327,5,Orta,37,0,1,1,0,Yuksek,Mobil_Bildirim
YKM08532,23,116,57320.3380367729,55763.93530240744,1,Dusuk,28,1,4,1,1,Yuksek,Eposta
YKM08533,49,146,76109.37376543265,23287.40410891114,5,Orta,35,1,0,1,0,Yuksek,Mobil_Bildirim
YKM08534,49,112,45592.65856914289,14721.579294610166,2,Yuksek,29,1,1,1,0,Dusuk,Mobil_Bildirim
YKM08535,42,171,73784.85786205214,27930.58529312352,3,Dusuk,22,0,0,1,0,Orta,SMS
YKM08536,53,170,25189.330037404667,35013.347625284034,1,Yuksek,38,0,1,1,1,Orta,SMS
YKM08537,24,181,48651.41210863087,5562.1797842163405,6,Orta,43,0,0,1,1,Yuksek,Eposta
YKM08538,72,168,44723.17998527879,22580.553658969875,3,Orta,32,0,1,1,0,Dusuk,Mobil_Bildirim
YKM08539,27,79,55861.67292514355,41302.89338799453,6,Yuksek,38,1,6,1,1,Yuksek,Mobil_Bildirim
YKM08540,44,87,65110.59310232448,28039.930200723004,2,Yuksek,31,0,3,1,0,Orta,SMS
YKM08541,35,83,24410.255823328996,39481.71330607625,3,Yuksek,45,0,1,1,1,Orta,Mobil_Bildirim
YKM08542,38,64,57571.3201580819,20896.05799399615,1,Yuksek,45,1,0,1,1,Orta,Mobil_Bildirim
YKM08543,48,140,58917.84938735544,23185.73994068282,6,Dusuk,33,0,1,1,1,Yuksek,SMS
YKM08544,29,154,23035.912150416556,18997.915961547827,3,Yuksek,32,0,3,1,0,Dusuk,Mobil_Bildirim
YKM08545,37,130,42165.978197742246,21540.499790680482,4,Yuksek,26,0,1,1,0,Dusuk,SMS
YKM08546,51,60,46127.43369435556,50979.150534426735,3,Orta,37,0,1,1,1,Orta,SMS
YKM08547,59,178,52886.82103139599,18630.874930191607,5,Dusuk,31,0,1,1,1,Yuksek,Mobil_Bildirim
YKM08548,27,82,21632.703267677796,19555.36922077117,2,Yuksek,44,0,1,1,0,Yuksek,Mobil_Bildirim
YKM08549,45,170,29603.667299572026,24997.759832165346,2,Orta,36,1,2,1,0,Dusuk,Eposta
YKM08550,54,31,37691.55891215912,23388.23584222998,5,Dusuk,26,0,3,0,1,Dusuk,Mobil_Bildirim
YKM08551,41,83,61702.36657841018,20181.530324106363,5,Orta,46,0,0,1,1,Dusuk,Mobil_Bildirim
YKM08552,49,95,47330.560706692675,33945.14100939299,1,Dusuk,37,0,3,1,1,Yuksek,Mobil_Bildirim
YKM08553,66,68,34273.29090683757,27015.92556100116,1,Orta,31,0,0,0,0,Orta,SMS
YKM08554,54,167,35686.72598035497,52873.86479425266,6,Yuksek,39,0,2,1,1,Yuksek,Mobil_Bildirim
YKM08555,63,14,68977.28493082586,24422.276595978554,1,Yuksek,40,0,2,1,0,Orta,SMS
YKM08556,38,12,45857.73892754973,14912.772241838804,4,Orta,28,1,3,1,1,Yuksek,Eposta
YKM08557,34,48,85319.02372314972,30293.475502048626,4,Yuksek,40,0,1,1,1,Yuksek,SMS
YKM08558,30,51,80393.14672236014,42965.711902074545,2,Yuksek,41,0,0,1,1,Yuksek,Mobil_Bildirim
YKM08559,43,160,56899.65631726775,19919.263055655338,6,Orta,29,0,3,1,0,Orta,Mobil_Bildirim
YKM08560,22,108,40415.494675105976,19003.495153497086,1,Yuksek,38,0,1,1,1,Yuksek,SMS
YKM08561,30,122,33683.295723576164,65849.72993849323,6,Dusuk,47,0,2,1,1,Orta,SMS
YKM08562,47,96,75777.61523914445,67925.64136627047,2,Yuksek,39,0,1,1,0,Yuksek,Mobil_Bildirim
YKM08563,49,169,93239.39279913862,27072.111762677,5,Orta,39,0,1,0,1,Yuksek,SMS
YKM08564,32,80,68798.62094703663,32083.01461413409,4,Yuksek,40,0,3,1,1,Yuksek,Eposta
YKM08565,38,81,83981.48864504587,66565.2189281736,2,Yuksek,56,0,0,1,0,Yuksek,SMS
YKM08566,66,14,40960.24105586946,8786.161135447179,3,Orta,38,0,1,1,1,Dusuk,Eposta
YKM08567,60,50,71714.3650466747,41405.19708515856,3,Dusuk,34,0,3,0,0,Orta,Mobil_Bildirim
YKM08568,24,104,80360.16906188763,8297.085830161186,1,Yuksek,43,0,2,1,0,Orta,Mobil_Bildirim
YKM08569,30,143,76418.90340597733,33290.72884465181,1,Orta,35,0,1,1,1,Yuksek,Mobil_Bildirim
YKM08570,32,137,54409.50905255528,21804.977282277127,4,Dusuk,45,1,3,0,1,Orta,SMS
YKM08571,53,108,46869.8056908429,34660.244835392004,1,Orta,44,0,2,1,1,Orta,SMS
YKM08572,58,2,22806.076580257402,38302.544277482455,5,Yuksek,38,1,1,1,0,Yuksek,Mobil_Bildirim
YKM08573,44,67,49237.18512853434,37615.83141833994,3,Orta,33,0,1,1,1,Orta,Mobil_Bildirim
YKM08574,51,156,30440.325377119963,24672.679686774125,1,Orta,38,0,4,1,0,Orta,Mobil_Bildirim
YKM08575,38,168,41842.07088706338,33865.6578056689,4,Orta,48,0,2,1,1,Orta,SMS
YKM08576,53,80,68052.36359417197,17942.46615266433,1,Yuksek,34,0,0,1,0,Yuksek,Eposta
YKM08577,56,127,33826.53248379502,14084.26086210927,3,Orta,37,0,1,1,1,Yuksek,Mobil_Bildirim
YKM08578,44,109,26339.454396235942,30076.866069300148,6,Orta,29,1,0,1,1,Dusuk,Mobil_Bildirim
YKM08579,68,92,50581.256206776125,25242.530396679424,5,Yuksek,40,0,1,1,1,Orta,Eposta
YKM08580,39,99,50403.66838079095,62587.48030993124,6,Yuksek,38,0,1,1,1,Dusuk,Mobil_Bildirim
YKM08581,43,87,72930.60776407181,22532.1754629466,2,Yuksek,34,0,3,1,0,Yuksek,Mobil_Bildirim
YKM08582,42,35,33405.81729823061,13181.44994476117,6,Yuksek,40,0,1,1,1,Yuksek,SMS
YKM08583,46,148,41844.786465150595,17412.65839767949,4,Yuksek,37,0,1,1,1,Dusuk,Mobil_Bildirim
YKM08584,49,100,65437.02452312497,19740.436189346838,4,Orta,32,1,2,1,1,Orta,SMS
YKM08585,41,48,23268.659935282736,28099.270814843592,2,Orta,24,1,2,1,1,Yuksek,Eposta
YKM08586,31,100,41616.84576128898,62186.83450697347,2,Yuksek,44,0,0,0,1,Orta,Eposta
YKM08587,45,129,44808.4651485335,33364.031394451864,3,Yuksek,40,0,0,1,1,Orta,Mobil_Bildirim
YKM08588,32,48,42123.8827858226,12347.707932897618,6,Orta,44,0,1,0,1,Orta,Mobil_Bildirim
YKM08589,45,139,40969.827336524206,8329.134685989322,3,Orta,38,0,0,0,0,Orta,Eposta
YKM08590,21,47,23191.546152281808,39966.61480275509,2,Orta,32,0,4,1,0,Dusuk,Mobil_Bildirim
YKM08591,35,65,71436.78796970627,33813.17614147846,4,Dusuk,41,0,4,1,1,Yuksek,SMS
YKM08592,47,97,44642.12231528058,14718.657553815567,5,Dusuk,38,0,0,1,0,Dusuk,Mobil_Bildirim
YKM08593,33,88,39068.83655115128,23358.427208168607,6,Yuksek,26,0,2,1,1,Dusuk,Eposta
YKM08594,36,111,38522.35714303297,34212.42257047716,4,Orta,32,1,1,1,0,Orta,Eposta
YKM08595,55,110,28674.215824887,14548.536163105748,3,Orta,32,0,1,1,1,Yuksek,Mobil_Bildirim
YKM08596,64,25,35725.139970340046,26865.700657466605,5,Yuksek,40,0,2,1,0,Orta,SMS
YKM08597,32,145,42681.9491193995,25130.560187677107,5,Dusuk,38,1,0,1,0,Yuksek,SMS
YKM08598,50,78,35132.31206192555,26221.72267587912,4,Orta,42,0,1,1,0,Yuksek,SMS
YKM08599,41,67,65960.7531669662,22980.186961366402,6,Orta,40,1,1,1,0,Yuksek,SMS
YKM08600,65,118,40015.95608423388,26864.949567678377,2,Orta,41,0,1,0,1,Orta,SMS
YKM08601,29,70,63699.01219971475,13818.507189535538,5,Orta,36,0,1,1,1,Dusuk,Eposta
YKM08602,69,86,39804.078427588734,26769.76666389751,3,Yuksek,34,0,3,1,0,Dusuk,SMS
YKM08603,60,83,38071.70403200422,24227.179192300788,2,Orta,35,1,1,1,0,Yuksek,Mobil_Bildirim
YKM08604,27,129,13681.101357403943,8132.239972853636,6,Orta,42,1,2,1,1,Dusuk,Mobil_Bildirim
YKM08605,41,86,53390.26820866909,54335.40586703734,4,Dusuk,44,0,3,1,0,Dusuk,SMS
YKM08606,20,120,20788.5624540102,18235.22277156954,2,Orta,33,0,1,1,1,Yuksek,Mobil_Bildirim
YKM08607,72,181,15698.60080654472,14291.21763941669,6,Yuksek,40,0,2,1,0,Orta,Mobil_Bildirim
YKM08608,31,179,10431.586333690417,16292.251168731273,5,Yuksek,42,1,1,1,0,Dusuk,Mobil_Bildirim
YKM08609,51,165,61662.757493392324,26794.326825869008,2,Orta,37,0,1,1,0,Dusuk,Eposta
YKM08610,49,95,98390.53016523455,12425.748164326933,2,Dusuk,24,0,1,1,1,Yuksek,Mobil_Bildirim
YKM08611,47,88,29437.853569659892,25299.762205335832,4,Orta,50,0,1,0,1,Orta,Mobil_Bildirim
YKM08612,23,46,42767.517160941585,46399.26632281607,1,Orta,53,0,1,0,0,Orta,Mobil_Bildirim
YKM08613,36,166,29620.2971599489,48574.05585729003,3,Yuksek,44,0,2,1,1,Yuksek,Eposta
YKM08614,56,163,33123.32851399664,25368.82527308944,5,Orta,40,0,1,1,1,Orta,Eposta
YKM08615,28,181,101190.28196947109,14970.950110234044,2,Yuksek,36,0,3,1,1,Yuksek,Mobil_Bildirim
YKM08616,24,147,91197.2752434965,9036.20516931088,1,Orta,25,0,2,1,1,Orta,SMS
YKM08617,38,171,158726.31262938163,16385.775147433535,6,Yuksek,48,0,2,1,1,Orta,Mobil_Bildirim
YKM08618,51,61,49522.490437263805,8658.378303096742,6,Dusuk,37,0,1,1,0,Orta,SMS
YKM08619,28,26,21118.18792399333,22349.23924903688,5,Dusuk,43,0,1,1,1,Yuksek,Mobil_Bildirim
YKM08620,54,154,108786.36141198954,31745.032747410816,3,Yuksek,39,0,3,0,0,Orta,SMS
YKM08621,42,42,68955.89245699097,23534.104573243785,4,Dusuk,29,0,3,1,0,Dusuk,SMS
YKM08622,70,188,56219.46976480069,31367.871339086756,2,Yuksek,23,0,3,1,1,Yuksek,SMS
YKM08623,59,137,15253.68547477689,42404.78457394815,4,Orta,40,0,0,0,1,Orta,Mobil_Bildirim
YKM08624,67,65,55425.93352835308,10052.061373905604,1,Orta,48,1,3,0,1,Orta,Mobil_Bildirim
YKM08625,48,21,52563.759336560885,15706.348403896953,1,Yuksek,42,0,1,1,1,Orta,SMS
YKM08626,37,38,53033.2908767347,72049.60569737568,2,Yuksek,27,0,1,0,1,Orta,Eposta
YKM08627,27,166,40435.65481964944,41310.83868531111,2,Orta,31,0,1,1,1,Dusuk,Eposta
YKM08628,45,122,37468.01053048036,18836.652229537383,6,Yuksek,50,1,3,1,1,Dusuk,Eposta
YKM08629,47,59,29873.844827582856,23593.741520976644,3,Yuksek,24,0,2,1,1,Orta,Eposta
YKM08630,58,80,50929.207080760316,35787.10234412395,4,Orta,26,0,1,1,0,Dusuk,Mobil_Bildirim
YKM08631,30,144,45851.60219663085,10539.8493863792,5,Orta,33,0,4,1,0,Orta,Mobil_Bildirim
YKM08632,52,160,53819.81411490453,15538.20607994453,4,Dusuk,41,1,0,1,1,Yuksek,Mobil_Bildirim
YKM08633,62,40,39458.4251287434,34774.39704172174,2,Orta,38,1,1,1,0,Orta,Mobil_Bildirim
YKM08634,42,92,75665.63128416019,41268.087925791246,6,Orta,42,0,0,1,1,Orta,Mobil_Bildirim
YKM08635,47,125,38132.80224837167,16009.21056679412,5,Yuksek,40,1,2,1,0,Yuksek,SMS
YKM08636,33,106,20392.613612238045,14834.226514254035,6,Dusuk,41,1,1,1,0,Orta,Eposta
YKM08637,40,72,80250.56521583424,14186.412718056163,2,Yuksek,40,0,1,1,1,Yuksek,SMS
YKM08638,45,45,25555.520965196913,17600.914442146553,3,Yuksek,40,0,1,1,1,Orta,Mobil_Bildirim
YKM08639,34,151,37210.69841342938,51487.403785527924,1,Orta,35,1,1,1,1,Yuksek,Eposta
YKM08640,53,150,50565.97897309027,37071.29788283668,6,Yuksek,39,1,0,0,1,Dusuk,SMS
YKM08641,51,42,64856.01157603622,28806.59741495761,3,Yuksek,30,0,0,1,1,Yuksek,Mobil_Bildirim
YKM08642,60,40,70361.74314062024,30076.38528737485,5,Yuksek,41,0,0,1,1,Yuksek,Mobil_Bildirim
YKM08643,65,13,72342.83247480937,17606.22357106725,1,Yuksek,35,0,2,1,0,Yuksek,SMS
YKM08644,40,144,97545.03749759361,52073.07964808304,2,Orta,41,0,0,1,1,Yuksek,Mobil_Bildirim
YKM08645,39,35,47756.95855051257,23515.234882391516,6,Dusuk,34,0,3,0,1,Dusuk,SMS
YKM08646,28,174,28289.175133532637,27850.97933201099,2,Dusuk,39,1,1,0,0,Yuksek,Eposta
YKM08647,56,98,27620.383328308762,15787.587116496123,5,Yuksek,34,0,2,0,1,Orta,SMS
YKM08648,25,70,60699.62984610784,23387.125212575964,3,Dusuk,43,0,2,0,1,Yuksek,Mobil_Bildirim
YKM08649,29,1,50689.72206818655,12669.240743648128,3,Yuksek,40,0,2,1,0,Yuksek,Mobil_Bildirim
YKM08650,27,191,20375.04858739173,26182.232122905778,4,Yuksek,36,1,0,1,0,Orta,Eposta
YKM08651,25,32,43722.43399596338,16027.917904035628,3,Yuksek,34,0,0,0,1,Orta,SMS
YKM08652,35,158,25926.945487945744,27857.74132347232,4,Orta,32,1,1,0,1,Orta,Mobil_Bildirim
YKM08653,46,64,41816.72959727069,34841.58625172824,1,Yuksek,36,0,2,0,0,Yuksek,Mobil_Bildirim
YKM08654,46,32,48740.53372341586,34436.26249176515,5,Orta,24,0,2,1,0,Yuksek,SMS
YKM08655,27,91,26837.157339796242,52518.82361341738,4,Yuksek,41,0,2,1,1,Orta,Eposta
YKM08656,45,135,30520.94719320423,24936.102007796286,4,Orta,44,0,1,1,0,Yuksek,SMS
YKM08657,64,112,52782.65050380478,39203.45294657637,1,Orta,26,1,2,1,1,Orta,SMS
YKM08658,51,7,52028.038201769945,97575.34497269818,2,Dusuk,30,0,0,1,1,Dusuk,Mobil_Bildirim
YKM08659,30,107,121610.54456731911,25786.49096916941,1,Yuksek,43,1,2,1,1,Yuksek,Mobil_Bildirim
YKM08660,50,14,50443.446358496694,22086.357086069132,4,Yuksek,41,0,0,1,1,Yuksek,Mobil_Bildirim
YKM08661,61,169,44101.86528337371,62196.123549470525,5,Yuksek,34,0,0,1,1,Orta,Eposta
YKM08662,32,130,105970.1004427185,14367.593683801884,5,Orta,40,0,1,1,0,Yuksek,Mobil_Bildirim
YKM08663,56,163,58385.50203712483,12751.339937565403,4,Dusuk,35,1,7,1,0,Yuksek,Eposta
YKM08664,38,1,43993.1109190974,36188.46757057863,6,Yuksek,28,1,4,1,1,Orta,Mobil_Bildirim
YKM08665,58,7,28923.52653482263,43987.61283219152,3,Dusuk,46,0,2,1,1,Yuksek,Mobil_Bildirim
YKM08666,42,98,29924.9848270837,14322.27422684802,6,Yuksek,48,0,2,0,1,Dusuk,Mobil_Bildirim
YKM08667,62,7,45089.24382810051,37833.55333237209,1,Yuksek,33,0,3,1,1,Orta,Mobil_Bildirim
YKM08668,29,92,44412.34894900577,18255.41151893283,2,Orta,34,1,3,0,1,Yuksek,Eposta
YKM08669,20,67,48030.36200397898,22548.71023912461,4,Yuksek,31,1,0,1,1,Orta,Mobil_Bildirim
YKM08670,62,61,31333.761453521558,22206.322455665468,4,Dusuk,39,0,1,1,0,Yuksek,SMS
YKM08671,54,16,45907.20051159827,23480.85292406288,5,Yuksek,31,0,1,1,1,Orta,Mobil_Bildirim
YKM08672,52,31,35984.11450063188,27196.566560775973,6,Orta,42,1,4,0,0,Orta,SMS
YKM08673,69,139,50524.77426154647,10904.695076177826,3,Dusuk,37,1,0,0,1,Orta,Eposta
YKM08674,33,118,26088.859190980867,20610.275376885955,1,Yuksek,32,0,0,0,1,Orta,SMS
YKM08675,54,81,45004.79631013463,26385.279302687228,2,Orta,31,0,0,1,1,Yuksek,SMS
YKM08676,26,56,76204.14318553063,11968.466753325445,6,Yuksek,43,1,0,1,1,Yuksek,Eposta
YKM08677,49,89,24976.242692129395,39844.64063175543,3,Dusuk,35,1,2,1,1,Orta,Mobil_Bildirim
YKM08678,68,82,44765.98103182185,23161.17878281746,6,Orta,44,1,1,1,1,Yuksek,Mobil_Bildirim
YKM08679,67,113,35794.49112696065,17233.797816905175,1,Yuksek,35,1,2,1,1,Dusuk,Mobil_Bildirim
YKM08680,28,175,57646.500714508205,20160.512301669623,4,Dusuk,33,0,2,1,1,Yuksek,Eposta
YKM08681,43,87,71641.24661894488,17937.68276767075,5,Yuksek,52,0,2,0,1,Orta,Mobil_Bildirim
YKM08682,32,138,121627.907056618,9256.066176078419,1,Yuksek,37,0,0,1,0,Orta,Mobil_Bildirim
YKM08683,64,19,68315.274519297,18591.099399572933,1,Yuksek,39,1,1,1,1,Yuksek,Mobil_Bildirim
YKM08684,53,39,23196.104718114715,44005.461453976706,2,Dusuk,38,1,2,0,1,Orta,Eposta
YKM08685,71,150,41352.63404927598,14835.8022273647,3,Dusuk,40,0,0,1,0,Orta,SMS
YKM08686,34,30,20179.892300908414,22673.551447764738,2,Orta,47,1,0,1,0,Dusuk,Eposta
YKM08687,45,91,47659.84472211978,15965.062931735778,3,Yuksek,40,0,1,0,1,Orta,Mobil_Bildirim
YKM08688,62,150,41715.54432163804,11907.999537807733,4,Dusuk,36,0,2,1,0,Yuksek,SMS
YKM08689,28,135,83434.05797750792,16930.814657396415,5,Orta,40,0,0,1,0,Yuksek,SMS
YKM08690,23,138,67113.258807855,15547.693681534025,4,Orta,34,1,1,1,0,Dusuk,SMS
YKM08691,55,149,30595.0665086284,44204.66839777006,1,Dusuk,42,1,2,1,0,Yuksek,Eposta
YKM08692,29,91,50050.98524046618,35676.95801782749,4,Dusuk,48,0,3,1,1,Yuksek,Eposta
YKM08693,34,53,42021.466613007324,8257.369595067386,6,Dusuk,37,0,2,0,0,Orta,SMS
YKM08694,56,52,35104.550660124805,14312.424323135348,5,Orta,40,0,0,1,0,Yuksek,Mobil_Bildirim
YKM08695,53,168,51013.93337876301,29528.717263540297,4,Yuksek,27,0,2,1,1,Yuksek,Mobil_Bildirim
YKM08696,63,104,53883.64347530049,22924.844659977836,5,Orta,35,0,2,1,1,Dusuk,SMS
YKM08697,36,1,45780.76223982144,5302.831551788329,1,Orta,36,0,1,1,0,Dusuk,SMS
YKM08698,63,118,42119.24794885648,26336.236844569157,1,Yuksek,29,0,2,1,0,Dusuk,SMS
YKM08699,67,32,61386.30751021746,33759.760671461605,4,Dusuk,39,0,0,1,0,Dusuk,SMS
YKM08700,47,180,39808.635369114934,28611.8168455245,1,Orta,43,1,1,0,0,Dusuk,SMS
YKM08701,57,150,31916.68709140698,39677.9464805741,1,Yuksek,42,1,1,1,1,Orta,Mobil_Bildirim
YKM08702,57,68,43490.24308876272,21204.32991532384,3,Yuksek,42,0,0,1,0,Orta,Mobil_Bildirim
YKM08703,69,136,26685.85685230793,16175.090868859548,1,Orta,39,0,0,1,1,Yuksek,Mobil_Bildirim
YKM08704,60,175,24101.973759765813,17359.73260787997,3,Dusuk,31,0,2,1,1,Yuksek,Mobil_Bildirim
YKM08705,49,95,44399.068193681655,46870.71479749199,2,Dusuk,35,1,0,0,0,Yuksek,Mobil_Bildirim
YKM08706,68,13,77346.48537889826,13190.365840770277,6,Orta,38,1,2,1,1,Orta,Mobil_Bildirim
YKM08707,49,99,46433.46327431919,22640.001477187547,2,Dusuk,30,0,2,1,1,Orta,SMS
YKM08708,63,29,51298.10931793428,33834.704964262026,5,Orta,41,0,1,1,1,Yuksek,Eposta
YKM08709,47,80,39316.85522241581,9346.881834464288,1,Orta,37,0,2,1,1,Yuksek,Mobil_Bildirim
YKM08710,67,32,144545.80598124026,16893.523692372175,4,Yuksek,43,0,1,1,1,Yuksek,SMS
YKM08711,24,76,18221.065734292162,25343.000254388033,3,Yuksek,36,1,1,1,1,Dusuk,Eposta
YKM08712,21,161,61715.94649748448,19955.697239526202,5,Orta,31,0,1,1,1,Yuksek,Mobil_Bildirim
YKM08713,59,187,53057.45618939871,9830.949834523964,2,Yuksek,41,1,1,1,1,Orta,Mobil_Bildirim
YKM08714,25,141,43173.010895936284,10397.10720808434,5,Yuksek,28,0,0,1,1,Yuksek,Mobil_Bildirim
YKM08715,23,136,49169.9771851685,39314.70746951588,5,Orta,33,0,1,1,0,Yuksek,SMS
YKM08716,51,105,41306.00922862911,13376.909840483044,6,Yuksek,51,1,1,1,0,Orta,Mobil_Bildirim
YKM08717,20,172,47121.22274187456,22963.86454482099,5,Dusuk,38,1,1,1,1,Yuksek,Mobil_Bildirim
YKM08718,63,72,67808.85416391004,66091.95059159762,3,Orta,39,0,1,1,0,Yuksek,Mobil_Bildirim
YKM08719,37,10,45261.275801828386,16069.456794597503,1,Dusuk,44,0,0,1,1,Yuksek,SMS
YKM08720,55,27,64108.16179447546,15245.071294106243,3,Orta,42,0,0,0,1,Yuksek,SMS
YKM08721,21,94,34312.94156482068,38513.83268510787,1,Yuksek,43,1,4,1,1,Yuksek,Mobil_Bildirim
YKM08722,49,51,98812.11998623323,20893.123391542733,3,Yuksek,41,0,0,1,1,Yuksek,Mobil_Bildirim
YKM08723,62,111,32829.784567084556,48302.79831952246,1,Orta,34,0,1,1,1,Orta,SMS
YKM08724,63,158,56565.67486259582,21392.470141602756,1,Yuksek,36,1,1,1,0,Dusuk,SMS
YKM08725,34,18,138962.97153748447,30256.584071938792,2,Yuksek,35,0,2,1,0,Yuksek,Mobil_Bildirim
YKM08726,26,103,25016.091812193587,22888.97459998921,5,Orta,55,1,1,1,1,Yuksek,SMS
YKM08727,40,120,85381.15576680122,13744.218319434442,6,Orta,33,0,1,1,1,Yuksek,Mobil_Bildirim
YKM08728,50,55,50420.05062027389,53527.23481864954,5,Orta,39,0,1,1,1,Orta,SMS
YKM08729,47,51,104313.01202208946,55637.061360871616,1,Orta,49,1,2,1,1,Yuksek,Eposta
YKM08730,56,179,65297.9197656466,21866.629287389016,6,Yuksek,38,0,3,1,1,Yuksek,Mobil_Bildirim
YKM08731,48,67,43339.3721830183,24596.065288999085,3,Yuksek,39,1,3,0,1,Orta,SMS
YKM08732,26,165,61411.45022716333,24525.48058402065,2,Yuksek,36,0,1,1,1,Orta,Eposta
YKM08733,67,36,71943.19285074696,13268.943809266208,2,Dusuk,39,0,1,1,0,Dusuk,Eposta
YKM08734,51,52,56690.34181266722,50243.0916290722,2,Orta,45,0,4,1,1,Orta,Eposta
YKM08735,22,36,45635.28753028539,12476.025140060583,2,Dusuk,40,1,1,0,1,Yuksek,SMS
YKM08736,23,42,48659.83519211609,23382.396646354027,1,Orta,31,0,1,1,1,Orta,Mobil_Bildirim
YKM08737,34,71,49171.334243398516,35148.470484484045,2,Yuksek,34,1,5,1,0,Orta,Mobil_Bildirim
YKM08738,26,121,25730.457917896256,22369.842472681834,2,Orta,40,0,1,0,0,Orta,SMS
YKM08739,65,108,39578.84519295122,20284.95310853774,5,Yuksek,37,0,1,0,0,Yuksek,Mobil_Bildirim
YKM08740,28,111,33446.30043265081,20298.947958028686,1,Yuksek,43,0,2,0,1,Orta,Mobil_Bildirim
YKM08741,31,170,45195.257778719235,49866.83344946179,3,Orta,32,1,0,0,0,Yuksek,Mobil_Bildirim
YKM08742,45,47,89556.96716671324,28839.273499509352,5,Orta,24,1,2,1,0,Orta,Eposta
YKM08743,56,138,48774.37288442225,47852.61354449582,1,Yuksek,25,0,1,1,0,Yuksek,Mobil_Bildirim
YKM08744,40,6,56939.06112973837,14315.811997485807,1,Yuksek,34,1,0,1,1,Orta,Mobil_Bildirim
YKM08745,35,4,70714.79608368427,11839.404107698683,6,Orta,48,0,0,1,0,Yuksek,SMS
YKM08746,44,176,73853.97890430452,58578.238410808895,5,Yuksek,30,0,0,1,1,Orta,SMS
YKM08747,42,22,19574.753921224885,13888.573686225973,4,Orta,47,1,1,1,0,Orta,Mobil_Bildirim
YKM08748,63,5,67690.06763536698,18407.997661262063,5,Dusuk,25,0,1,1,0,Orta,SMS
YKM08749,25,149,72073.92107789998,23481.37392505389,1,Dusuk,24,1,1,1,0,Orta,SMS
YKM08750,46,117,31150.05796667315,18726.194096733157,4,Orta,42,0,2,1,1,Orta,Mobil_Bildirim
YKM08751,36,48,33459.31485720051,13516.216068975542,3,Yuksek,28,0,2,0,1,Yuksek,SMS
YKM08752,26,160,32361.56843951219,17207.27192745342,1,Dusuk,33,1,1,1,1,Dusuk,SMS
YKM08753,40,122,81085.94676538136,27281.78635695506,3,Orta,34,1,3,1,0,Yuksek,SMS
YKM08754,44,110,29771.57227143915,29560.73684653507,6,Dusuk,44,1,6,1,1,Yuksek,Eposta
YKM08755,51,116,42448.417788601015,42348.913799145084,2,Dusuk,34,0,2,1,1,Yuksek,Mobil_Bildirim
YKM08756,26,106,39030.0879671272,12844.675605826507,4,Orta,43,0,1,1,1,Yuksek,Mobil_Bildirim
YKM08757,25,52,26223.98761124322,19110.314003915035,4,Yuksek,43,0,1,1,1,Orta,Mobil_Bildirim
YKM08758,42,25,105428.85205965306,42858.355059572445,5,Orta,47,0,1,1,0,Orta,SMS
YKM08759,59,56,31910.653208879856,23811.18333240178,1,Yuksek,33,1,2,1,0,Yuksek,Mobil_Bildirim
YKM08760,45,32,56761.42395581906,12891.28380057329,2,Orta,37,1,2,1,0,Yuksek,Mobil_Bildirim
YKM08761,38,178,30681.91361604455,38619.992635448354,2,Orta,32,0,3,1,1,Dusuk,SMS
YKM08762,56,55,71389.59807793965,12732.733723747297,3,Dusuk,41,0,6,0,0,Dusuk,Eposta
YKM08763,25,96,52867.57154776076,18700.38445660651,2,Orta,39,0,0,1,1,Orta,Eposta
YKM08764,20,27,50290.89013883769,8277.977749276093,6,Yuksek,45,0,3,1,0,Orta,SMS
YKM08765,41,83,38004.18018322658,31813.001850378954,3,Orta,34,0,2,0,0,Yuksek,SMS
YKM08766,61,107,71157.06712545255,21650.972901362995,3,Orta,34,0,2,0,1,Orta,SMS
YKM08767,40,160,57599.162917616835,56773.81709772202,6,Dusuk,39,0,1,1,1,Dusuk,Eposta
YKM08768,58,111,27136.111690122565,43042.242589915404,5,Dusuk,30,0,0,1,0,Yuksek,SMS
YKM08769,48,11,100106.07273488065,28780.73832513847,4,Yuksek,44,0,0,0,0,Orta,Eposta
YKM08770,34,73,33561.358847623895,21569.164855072657,2,Yuksek,28,1,0,1,1,Orta,SMS
YKM08771,35,122,41356.31174343623,13893.326133132301,3,Dusuk,39,0,2,1,1,Yuksek,Mobil_Bildirim
YKM08772,35,77,43642.18145838076,32702.36973420025,4,Dusuk,38,0,2,1,1,Yuksek,Mobil_Bildirim
YKM08773,33,170,26494.441804912327,28603.78862069193,4,Orta,40,1,1,0,1,Orta,Mobil_Bildirim
YKM08774,57,155,44968.69098304571,62919.18098117359,5,Yuksek,51,0,3,1,1,Yuksek,Eposta
YKM08775,22,50,80408.07377244555,42887.06467265482,2,Yuksek,38,0,2,1,1,Orta,Eposta
YKM08776,58,182,71120.14930390354,28403.570673515198,2,Yuksek,43,1,2,1,1,Yuksek,Mobil_Bildirim
YKM08777,53,56,137122.92543720367,40481.38690938472,3,Yuksek,38,0,1,0,1,Dusuk,SMS
YKM08778,65,65,37679.635734649295,19797.088513814168,6,Orta,34,1,0,0,1,Orta,Mobil_Bildirim
YKM08779,27,102,29529.14548677209,13273.356147018763,6,Yuksek,41,1,1,1,0,Dusuk,Mobil_Bildirim
YKM08780,67,32,64251.794941526176,12921.143464817096,4,Dusuk,36,0,2,1,1,Orta,SMS
YKM08781,35,19,22174.511702270684,33011.52229065753,3,Yuksek,36,0,2,1,0,Yuksek,Mobil_Bildirim
YKM08782,59,28,31612.46880155199,18446.62568753998,3,Yuksek,32,1,1,1,1,Dusuk,Mobil_Bildirim
YKM08783,63,51,12077.67938034634,15215.755492439426,1,Orta,32,0,2,1,1,Orta,SMS
YKM08784,20,21,45060.20363078947,15930.568161775253,2,Yuksek,38,1,0,1,1,Orta,SMS
YKM08785,24,61,58341.63599594038,80847.58878475352,5,Yuksek,25,1,2,1,1,Yuksek,Mobil_Bildirim
YKM08786,22,92,27363.555049252103,23487.350659473694,6,Orta,42,0,1,1,1,Dusuk,Mobil_Bildirim
YKM08787,62,7,49327.80439602448,16059.382989546799,2,Orta,35,1,2,1,1,Yuksek,Mobil_Bildirim
YKM08788,28,136,47230.557825090444,24072.85178740603,6,Dusuk,28,0,4,1,1,Dusuk,Mobil_Bildirim
YKM08789,41,180,13637.303663466257,11328.69145153056,4,Yuksek,41,0,1,0,1,Dusuk,SMS
YKM08790,58,133,32970.11473829799,13582.151464596653,3,Orta,42,0,1,1,1,Yuksek,Mobil_Bildirim
YKM08791,39,153,54743.14316094401,18813.376525878386,4,Orta,46,0,0,0,1,Orta,Mobil_Bildirim
YKM08792,30,107,99879.72523815041,23136.002894224046,5,Dusuk,34,0,0,1,0,Dusuk,SMS
YKM08793,39,7,130780.0356034643,15702.43128271951,6,Yuksek,43,0,0,1,0,Dusuk,SMS
YKM08794,28,49,36865.087108072395,32525.219651416075,6,Dusuk,35,0,1,1,1,Dusuk,Eposta
YKM08795,36,124,85282.4109088323,47810.45494090465,1,Dusuk,40,0,1,1,0,Orta,Mobil_Bildirim
YKM08796,55,120,91385.39391607892,35888.328012185506,3,Yuksek,39,0,2,1,1,Yuksek,Mobil_Bildirim
YKM08797,60,20,43596.250363207124,6275.842533973001,3,Orta,23,0,1,1,0,Yuksek,Mobil_Bildirim
YKM08798,66,7,27099.753346260935,22917.427603833916,2,Yuksek,26,1,0,1,1,Yuksek,Mobil_Bildirim
YKM08799,55,5,38382.69081810851,24072.49223011079,6,Yuksek,38,0,2,1,1,Orta,Eposta
YKM08800,27,175,16417.468645214954,26590.884903324957,3,Orta,34,0,1,1,0,Orta,Mobil_Bildirim
YKM08801,32,28,49094.699969003224,36565.445669881345,2,Yuksek,39,1,1,1,1,Orta,Mobil_Bildirim
YKM08802,35,29,51188.5637227773,31553.05406131005,2,Orta,31,1,4,1,1,Orta,SMS
YKM08803,64,99,53528.43656304188,19981.4293411201,4,Dusuk,42,0,0,1,1,Dusuk,Mobil_Bildirim
YKM08804,45,85,33329.52643234513,31752.307316808863,1,Dusuk,41,0,2,1,1,Yuksek,Mobil_Bildirim
YKM08805,66,43,53448.07064566238,12957.00674769944,3,Orta,41,0,3,0,0,Orta,Eposta
YKM08806,39,37,30990.079244330544,72504.3545180486,2,Yuksek,30,0,0,1,1,Yuksek,SMS
YKM08807,24,27,21550.701961818453,54139.150367937254,6,Yuksek,39,0,1,1,1,Yuksek,Mobil_Bildirim
YKM08808,64,153,43970.70764685393,31281.127889194446,2,Orta,34,0,2,0,0,Orta,SMS
YKM08809,66,57,40589.21399131231,8799.736593646623,6,Dusuk,32,0,2,1,1,Dusuk,SMS
YKM08810,67,114,62467.11605170135,22162.831911999954,1,Dusuk,37,0,2,1,0,Yuksek,SMS
YKM08811,48,43,60811.654639565095,11490.049729669594,2,Yuksek,30,0,4,1,0,Yuksek,Mobil_Bildirim
YKM08812,36,122,25803.667257479632,18073.167454817503,2,Yuksek,35,0,1,1,1,Yuksek,SMS
YKM08813,36,46,30146.14168187651,19096.340118273823,6,Orta,39,0,0,1,1,Orta,Eposta
YKM08814,46,88,30351.28761411069,72003.765384416,3,Dusuk,24,0,3,1,1,Orta,Mobil_Bildirim
YKM08815,64,132,74006.8573010722,21434.276358037303,4,Orta,29,0,0,1,1,Orta,SMS
YKM08816,57,20,38945.953016954176,30366.03760897179,3,Yuksek,40,0,2,0,0,Yuksek,SMS
YKM08817,29,164,37620.06020740962,22231.73766878252,3,Yuksek,41,0,2,1,1,Yuksek,Mobil_Bildirim
YKM08818,38,93,52405.714946650325,47405.481208600344,4,Dusuk,39,0,2,1,0,Orta,Mobil_Bildirim
YKM08819,30,49,119954.37823116382,24511.65712071354,6,Orta,39,0,0,1,1,Dusuk,Mobil_Bildirim
YKM08820,22,82,51276.85709624561,35346.82811662676,1,Yuksek,40,0,1,1,0,Orta,Eposta
YKM08821,47,129,31522.327535071243,15911.67508921459,4,Yuksek,29,0,2,1,1,Dusuk,SMS
YKM08822,35,17,27727.547839523017,44433.49635997068,4,Dusuk,42,0,0,0,1,Dusuk,Eposta
YKM08823,42,33,72791.56823054265,45434.801500718364,5,Yuksek,54,1,0,1,1,Yuksek,Mobil_Bildirim
YKM08824,27,168,31775.71023927976,19486.767159506962,6,Yuksek,40,0,2,1,0,Orta,Mobil_Bildirim
YKM08825,32,140,86573.75112251187,15785.465721333172,1,Dusuk,45,1,1,1,1,Dusuk,Mobil_Bildirim
YKM08826,56,15,33998.69240417702,14664.208472301187,3,Orta,35,0,0,1,1,Yuksek,Mobil_Bildirim
YKM08827,34,111,59290.14601910977,16526.01211912169,5,Orta,46,0,0,1,1,Orta,Eposta
YKM08828,25,137,55115.69576462944,24573.14658273801,3,Orta,43,0,1,0,0,Dusuk,Eposta
YKM08829,34,2,59382.135908805714,27911.84406643106,5,Dusuk,39,0,1,0,1,Yuksek,Eposta
YKM08830,51,116,68866.0353260514,34303.531901328926,3,Yuksek,39,0,2,1,1,Orta,Eposta
YKM08831,49,30,61978.629791587715,24510.282439773055,6,Yuksek,30,1,1,1,1,Orta,Mobil_Bildirim
YKM08832,50,131,76797.35162593023,32126.44652861126,5,Dusuk,36,1,2,1,1,Yuksek,SMS
YKM08833,25,54,53232.00515729821,26198.362188254338,1,Dusuk,24,0,1,1,1,Yuksek,SMS
YKM08834,67,60,77617.1991551117,14430.947561533385,6,Yuksek,35,0,1,1,1,Yuksek,Mobil_Bildirim
YKM08835,26,114,48770.947982490216,18084.144000538705,1,Orta,37,1,3,1,1,Orta,Mobil_Bildirim
YKM08836,56,75,30884.525962786793,32314.298311867235,5,Yuksek,46,1,0,1,1,Orta,SMS
YKM08837,68,117,53743.10879131725,24589.424207554668,6,Yuksek,43,0,0,1,1,Orta,SMS
YKM08838,31,39,50694.226765197236,56757.358958159006,2,Yuksek,22,1,0,1,1,Yuksek,SMS
YKM08839,25,152,21232.72179248477,19949.051807469157,5,Orta,46,0,4,1,0,Yuksek,Eposta
YKM08840,67,137,65178.97759683624,18784.617490803652,3,Dusuk,45,0,0,1,0,Dusuk,SMS
YKM08841,49,165,51670.048260227835,37645.51806568935,4,Yuksek,43,1,1,1,1,Yuksek,Eposta
YKM08842,60,121,65562.03794593473,26636.712590457733,4,Yuksek,42,1,1,0,0,Dusuk,Eposta
YKM08843,36,145,74592.40106794714,34864.33839623233,5,Yuksek,48,0,2,1,1,Orta,Mobil_Bildirim
YKM08844,48,131,87802.4016289553,21719.75364530307,5,Yuksek,35,1,2,0,0,Orta,Mobil_Bildirim
YKM08845,48,130,28105.67784940257,39348.94855227949,3,Orta,33,0,0,0,1,Orta,Mobil_Bildirim
YKM08846,42,64,67651.12114141956,23686.174214786915,1,Yuksek,39,1,2,1,1,Dusuk,SMS
YKM08847,66,37,31549.6448927344,27905.869907962726,3,Dusuk,42,0,2,0,1,Yuksek,Mobil_Bildirim
YKM08848,24,2,27589.189554671684,26532.88681957414,5,Yuksek,51,0,2,1,1,Orta,SMS
YKM08849,39,118,75811.58339856497,25735.31833029633,5,Orta,47,1,0,1,1,Orta,Eposta
YKM08850,57,153,72854.16949350799,73220.8950249043,1,Orta,34,0,3,1,0,Yuksek,Mobil_Bildirim
YKM08851,29,104,35667.578378040926,19322.869507289968,6,Dusuk,29,0,0,1,1,Orta,Mobil_Bildirim
YKM08852,50,23,42746.22691292426,22203.293885889427,2,Dusuk,56,0,0,1,1,Orta,Eposta
YKM08853,61,113,45493.97765801751,34352.84295954895,1,Orta,22,1,2,1,0,Dusuk,SMS
YKM08854,63,123,42489.48561419319,32994.2413801286,1,Orta,28,1,0,1,1,Orta,Mobil_Bildirim
YKM08855,24,128,41950.19747079606,14493.564027028393,5,Orta,29,0,3,1,1,Orta,SMS
YKM08856,43,41,23751.233648006168,18439.95552624611,3,Dusuk,41,1,1,1,0,Orta,Eposta
YKM08857,54,145,29180.75157343031,27334.642920379825,4,Orta,39,1,1,0,1,Yuksek,SMS
YKM08858,33,143,23203.508929318432,17929.789611775268,2,Dusuk,50,1,1,1,1,Orta,Mobil_Bildirim
YKM08859,65,103,69430.76633055463,27513.064190624253,6,Yuksek,33,1,4,1,0,Yuksek,Eposta
YKM08860,63,33,31784.002154835085,15046.92419201331,4,Orta,36,0,2,1,0,Yuksek,Mobil_Bildirim
YKM08861,26,97,48885.84834034435,19093.869171023573,6,Dusuk,26,0,2,0,1,Yuksek,SMS
YKM08862,41,71,56043.81186960029,29862.516833400157,6,Orta,47,0,2,1,1,Orta,Mobil_Bildirim
YKM08863,21,10,69596.63516760402,15828.80610418877,6,Yuksek,35,1,0,0,1,Yuksek,Eposta
YKM08864,60,120,49005.64153374854,21865.680171969907,3,Orta,38,0,2,1,1,Dusuk,SMS
YKM08865,69,52,54488.904274146975,29926.99521954283,3,Orta,43,0,0,1,1,Orta,Mobil_Bildirim
YKM08866,62,134,39850.307709255336,26447.115235176803,6,Yuksek,31,0,3,0,0,Yuksek,SMS
YKM08867,57,134,42459.38524380384,26462.955081269818,1,Yuksek,31,0,2,1,1,Orta,Eposta
YKM08868,59,86,98150.82227990322,24208.365154912422,4,Orta,37,1,2,1,1,Orta,Eposta
YKM08869,53,132,56977.91806007513,43107.8324396936,4,Dusuk,44,1,1,1,1,Dusuk,Eposta
YKM08870,54,165,18527.138660594766,26139.7811327483,6,Orta,31,0,2,1,1,Dusuk,Mobil_Bildirim
YKM08871,56,121,34279.92408394489,26236.67407406405,6,Yuksek,48,0,4,1,1,Dusuk,Mobil_Bildirim
YKM08872,38,174,56303.20258121183,16683.877967808083,4,Orta,27,0,3,1,1,Dusuk,Mobil_Bildirim
YKM08873,57,120,68091.07380247109,23144.723706030833,5,Orta,37,0,0,1,0,Orta,Mobil_Bildirim
YKM08874,35,77,20205.49873575985,8024.311431495351,1,Dusuk,39,0,3,1,1,Yuksek,Mobil_Bildirim
YKM08875,35,15,39911.27281732914,18552.931441166766,5,Yuksek,44,0,1,0,1,Orta,Mobil_Bildirim
YKM08876,44,102,151373.2408478299,16212.330810435866,2,Orta,36,1,0,1,1,Dusuk,SMS
YKM08877,42,163,33703.01684442668,45186.76160343851,6,Orta,38,1,1,1,1,Yuksek,Mobil_Bildirim
YKM08878,61,142,53557.34560171865,41783.786636692195,3,Yuksek,49,0,2,1,0,Orta,Mobil_Bildirim
YKM08879,52,151,45788.81630057558,49214.50182617132,5,Yuksek,35,1,2,1,0,Dusuk,SMS
YKM08880,65,139,46101.56176734726,27478.41004543297,6,Dusuk,35,0,4,1,1,Yuksek,SMS
YKM08881,61,128,69437.98100951615,19516.024103018663,1,Orta,38,0,1,1,1,Dusuk,Mobil_Bildirim
YKM08882,50,101,34372.43261571373,23527.660860650813,5,Yuksek,51,0,3,0,1,Dusuk,Mobil_Bildirim
YKM08883,57,41,58384.16538761343,29666.202010502024,1,Dusuk,37,0,0,1,1,Yuksek,Mobil_Bildirim
YKM08884,27,80,76543.28395344126,28944.270434699403,2,Orta,30,0,0,1,0,Orta,Eposta
YKM08885,66,7,37335.642353760835,51847.81966845015,2,Orta,26,0,2,1,1,Yuksek,SMS
YKM08886,45,163,76245.0238030585,32603.952695918037,6,Dusuk,38,0,3,1,0,Orta,SMS
YKM08887,23,120,34432.28548403794,32770.4337501867,1,Orta,37,0,3,1,1,Yuksek,Mobil_Bildirim
YKM08888,37,89,18336.855716421447,25165.698246562013,2,Yuksek,38,0,2,1,1,Orta,Mobil_Bildirim
YKM08889,65,120,45380.1696749879,13990.668618742517,6,Dusuk,39,0,2,1,1,Yuksek,Mobil_Bildirim
YKM08890,65,1,74735.69575096064,24141.936099891027,2,Orta,52,0,5,1,0,Orta,SMS
YKM08891,65,170,24799.239109491573,20508.945704610782,2,Orta,41,0,1,1,0,Dusuk,SMS
YKM08892,25,50,25970.71853367593,26413.480690355605,6,Yuksek,39,0,0,1,0,Orta,Eposta
YKM08893,40,16,24299.235936474204,38799.51014631576,3,Yuksek,38,0,3,1,0,Yuksek,Mobil_Bildirim
YKM08894,50,19,50946.46641723399,6040.942125076153,4,Orta,35,0,0,1,1,Dusuk,SMS
YKM08895,24,73,60998.15273122697,29538.675587901966,3,Yuksek,52,1,0,1,1,Orta,SMS
YKM08896,54,64,43279.13562471207,32042.084380977187,1,Yuksek,39,0,2,1,1,Dusuk,SMS
YKM08897,41,128,48539.47573435127,22807.931124268,2,Dusuk,44,0,0,1,1,Yuksek,SMS
YKM08898,38,119,70586.25727790233,22307.58569438708,3,Yuksek,34,1,3,0,1,Orta,SMS
YKM08899,46,91,59779.91616761714,53829.98837269138,6,Orta,29,0,0,1,1,Orta,Mobil_Bildirim
YKM08900,40,80,38216.56552483868,48836.1770972452,1,Dusuk,48,0,2,1,0,Yuksek,Mobil_Bildirim
YKM08901,52,190,81653.24931303841,17969.04030729501,5,Yuksek,31,1,1,0,1,Orta,Mobil_Bildirim
YKM08902,20,99,76343.50453908903,25433.22626266285,5,Orta,41,1,1,1,1,Orta,SMS
YKM08903,30,129,59239.929847663145,42361.26160083965,4,Yuksek,45,0,1,0,1,Dusuk,Mobil_Bildirim
YKM08904,45,78,34812.49540736254,22053.692260148226,2,Yuksek,39,0,2,1,0,Orta,SMS
YKM08905,42,27,89740.53113642575,34084.47472709939,1,Orta,43,1,2,1,1,Orta,Mobil_Bildirim
YKM08906,51,110,44366.80225440466,25786.55687537004,6,Orta,18,0,2,1,1,Yuksek,SMS
YKM08907,46,112,41940.13201471839,19070.267759348306,5,Dusuk,38,0,0,1,1,Yuksek,Mobil_Bildirim
YKM08908,53,49,65739.94187613754,25490.405423168355,3,Orta,27,0,2,1,1,Orta,Mobil_Bildirim
YKM08909,56,139,33786.03890887087,17487.32964399703,5,Yuksek,33,1,2,1,1,Orta,SMS
YKM08910,34,126,60899.821489843474,21962.775308858447,1,Orta,44,0,1,1,1,Dusuk,SMS
YKM08911,62,138,26197.874234575924,35274.03808504011,5,Yuksek,43,0,2,1,1,Yuksek,SMS
YKM08912,61,15,128839.10474686074,34799.10672029996,4,Dusuk,51,0,3,1,1,Orta,SMS
YKM08913,58,96,37543.93857172135,19067.923900169197,4,Yuksek,24,0,0,1,1,Yuksek,Mobil_Bildirim
YKM08914,63,149,11668.634078964156,17608.14796815257,3,Dusuk,34,0,0,1,1,Yuksek,Mobil_Bildirim
YKM08915,49,71,32492.820369494344,17792.28642005333,2,Yuksek,19,1,0,1,0,Yuksek,Eposta
YKM08916,29,118,50869.45177701867,18173.20792555081,5,Orta,26,0,1,1,1,Yuksek,Mobil_Bildirim
YKM08917,28,105,89440.84518661597,31723.488244596163,3,Yuksek,44,0,2,0,1,Yuksek,SMS
YKM08918,54,147,102380.7753871619,24547.359227568093,6,Yuksek,38,0,3,1,1,Yuksek,Mobil_Bildirim
YKM08919,58,82,26538.074776016463,18588.063191580328,2,Orta,50,1,2,1,0,Yuksek,SMS
YKM08920,32,7,29673.434151813453,20733.00025315745,6,Orta,32,0,1,1,1,Yuksek,Mobil_Bildirim
YKM08921,25,71,25948.9655454323,23161.98814310271,6,Orta,42,1,1,0,1,Dusuk,Mobil_Bildirim
YKM08922,52,136,28266.21461901406,24227.812691454863,4,Dusuk,51,0,1,0,1,Orta,Mobil_Bildirim
YKM08923,65,83,51364.49811632185,26375.349767889802,2,Yuksek,36,0,1,1,1,Orta,Mobil_Bildirim
YKM08924,37,24,69547.49597698035,10544.158013669918,4,Orta,26,0,4,1,1,Orta,Mobil_Bildirim
YKM08925,26,34,19113.62984500623,25090.043412390714,5,Dusuk,47,0,1,1,1,Yuksek,Mobil_Bildirim
YKM08926,36,157,62461.13300471742,38276.598275878736,4,Orta,40,1,0,1,1,Orta,Eposta
YKM08927,35,119,24928.912526372624,18139.93898627966,5,Yuksek,34,0,2,1,0,Yuksek,Mobil_Bildirim
YKM08928,48,1,30724.323968419638,40484.78994048252,1,Yuksek,36,0,1,1,1,Yuksek,Mobil_Bildirim
YKM08929,28,130,20307.827359997125,19364.942765924232,4,Orta,49,1,1,1,0,Orta,SMS
YKM08930,62,63,69538.01308130301,29314.259691065494,5,Orta,36,0,2,1,1,Yuksek,Mobil_Bildirim
YKM08931,58,31,25266.43692122869,19252.23632770239,3,Dusuk,42,0,2,0,1,Yuksek,Mobil_Bildirim
YKM08932,29,145,56673.15576251688,10211.554752140924,4,Yuksek,44,0,0,0,1,Orta,Mobil_Bildirim
YKM08933,44,124,36783.206579398495,32156.6838303852,3,Orta,41,1,1,1,1,Yuksek,Mobil_Bildirim
YKM08934,62,132,84471.14474892168,20568.70690302719,2,Yuksek,33,0,0,1,0,Yuksek,Eposta
YKM08935,24,94,38466.73270595695,30447.240589273933,4,Orta,28,1,0,1,0,Dusuk,Mobil_Bildirim
YKM08936,40,39,71348.55433881891,18835.848927952768,6,Orta,30,0,2,1,1,Orta,Mobil_Bildirim
YKM08937,43,92,52274.656444437234,10166.459860317904,6,Yuksek,34,0,1,1,0,Yuksek,Mobil_Bildirim
YKM08938,35,51,49831.635896335654,20977.97496659992,1,Yuksek,46,1,0,1,0,Orta,Eposta
YKM08939,69,81,47689.46995045914,46073.11977665191,1,Orta,38,0,2,1,1,Orta,SMS
YKM08940,19,173,18081.239554080854,21217.271984791365,3,Yuksek,46,1,1,1,1,Dusuk,Mobil_Bildirim
YKM08941,54,40,65871.62126618448,30435.121738473437,6,Orta,33,0,2,1,0,Orta,SMS
YKM08942,41,115,24970.28283675109,41057.25745395709,1,Yuksek,48,0,3,0,1,Yuksek,Mobil_Bildirim
YKM08943,44,178,54315.19759519086,26061.129658913862,5,Orta,32,0,2,1,1,Orta,Mobil_Bildirim
YKM08944,71,108,89781.24172604564,25515.21615334849,2,Yuksek,39,0,3,0,1,Orta,Eposta
YKM08945,60,26,29326.049325957352,28449.29559130853,5,Orta,26,1,0,1,0,Yuksek,SMS
YKM08946,69,59,38212.611493543256,12543.183865666906,1,Dusuk,30,0,2,1,1,Yuksek,Mobil_Bildirim
YKM08947,61,86,55080.47787119433,18474.36949199662,2,Dusuk,31,0,1,0,1,Orta,Mobil_Bildirim
YKM08948,41,65,48709.21420196364,29797.328463056492,5,Dusuk,32,0,1,1,1,Yuksek,Eposta
YKM08949,35,145,80529.36789201047,21659.2833415476,4,Dusuk,43,0,1,1,0,Dusuk,Mobil_Bildirim
YKM08950,48,107,39866.69075881815,23991.742654794325,3,Dusuk,50,1,2,1,1,Yuksek,SMS
YKM08951,71,90,52218.288271025325,22792.538519451344,5,Dusuk,50,1,1,1,1,Dusuk,SMS
YKM08952,57,104,66001.0936503983,24407.70744566138,5,Yuksek,36,0,0,1,0,Orta,SMS
YKM08953,60,42,47546.87802383432,35339.15688494111,2,Yuksek,41,1,3,1,1,Orta,Mobil_Bildirim
YKM08954,51,88,36498.024497701925,14933.3649082173,1,Dusuk,43,0,1,1,1,Orta,Mobil_Bildirim
YKM08955,63,122,45380.28982388504,15835.408242740874,6,Dusuk,39,0,2,1,1,Yuksek,Mobil_Bildirim
YKM08956,33,38,38424.37974691907,28494.97663493143,1,Yuksek,29,1,1,1,0,Yuksek,Eposta
YKM08957,39,14,36439.15885017228,48451.06467592946,1,Orta,47,0,2,1,0,Dusuk,SMS
YKM08958,35,47,72881.7863186876,18053.402502068613,5,Orta,23,0,0,0,1,Orta,Mobil_Bildirim
YKM08959,39,165,78571.8753401615,33543.91404267925,5,Orta,43,0,0,0,1,Dusuk,Mobil_Bildirim
YKM08960,25,20,48080.98282059157,29296.74907951462,4,Orta,47,0,0,1,0,Orta,SMS
YKM08961,54,117,83459.89228492536,16021.745854849365,1,Yuksek,46,0,0,1,1,Yuksek,SMS
YKM08962,48,99,44027.278570294286,21742.567442209554,5,Yuksek,33,0,4,1,0,Yuksek,SMS
YKM08963,37,127,42531.6933015,21601.430658267844,4,Orta,27,0,1,1,0,Dusuk,SMS
YKM08964,61,41,73604.12421271633,13428.230006850974,6,Yuksek,41,0,2,0,1,Yuksek,Mobil_Bildirim
YKM08965,46,172,30711.976308930054,62596.359078256006,6,Yuksek,28,1,1,0,0,Yuksek,Mobil_Bildirim
YKM08966,57,121,38841.57843739339,16788.4264691787,5,Dusuk,43,0,1,1,1,Yuksek,Eposta
YKM08967,40,155,55771.47585862235,18726.942333834293,4,Orta,49,0,0,0,1,Orta,Mobil_Bildirim
YKM08968,45,77,50959.340024082216,47675.62938842767,3,Dusuk,33,0,1,1,1,Orta,Mobil_Bildirim
YKM08969,46,166,52868.56466447639,21332.50034995146,1,Dusuk,38,0,1,0,1,Orta,Mobil_Bildirim
YKM08970,57,173,59042.75110622066,12458.934382446472,4,Yuksek,38,0,2,1,0,Yuksek,Mobil_Bildirim
YKM08971,25,32,88694.68833819253,17418.48272930843,6,Dusuk,50,0,2,0,1,Orta,SMS
YKM08972,31,95,37156.39694748138,32263.82152124226,5,Yuksek,28,0,1,1,1,Orta,Mobil_Bildirim
YKM08973,58,69,34680.75376955728,19788.72289945226,6,Yuksek,28,1,3,1,0,Yuksek,Eposta
YKM08974,54,3,53270.08615699296,18201.94403889726,5,Yuksek,38,1,2,1,1,Orta,SMS
YKM08975,24,166,48506.10336700887,24069.56756823652,3,Yuksek,46,0,1,1,0,Yuksek,Mobil_Bildirim
YKM08976,48,134,29027.32080282413,20064.589866325812,4,Yuksek,27,0,2,0,1,Orta,SMS
YKM08977,61,57,21969.708087347797,27552.57474843196,3,Dusuk,38,1,2,1,1,Orta,SMS
YKM08978,54,154,34278.25914243022,13307.781768662437,4,Dusuk,29,1,1,1,0,Orta,Mobil_Bildirim
YKM08979,53,38,38505.55366754344,30424.462922503255,1,Dusuk,56,0,2,1,1,Dusuk,SMS
YKM08980,51,83,53260.22078053144,18742.61893263505,2,Orta,45,1,2,1,0,Yuksek,Eposta
YKM08981,50,76,77038.76584411533,25550.562071637934,3,Yuksek,34,0,2,1,0,Orta,Mobil_Bildirim
YKM08982,32,112,51848.27951152908,45607.24193646123,4,Yuksek,42,1,1,0,1,Yuksek,Mobil_Bildirim
YKM08983,42,167,54705.39486477216,13109.819300021056,3,Dusuk,46,0,0,1,0,Yuksek,Mobil_Bildirim
YKM08984,55,127,86596.44716601494,15892.91516166633,3,Orta,26,0,3,1,0,Yuksek,SMS
YKM08985,27,112,73272.03480794586,25157.83123332076,5,Orta,43,0,1,0,0,Orta,SMS
YKM08986,32,58,24440.67161621063,23495.364826375277,6,Orta,30,0,1,0,1,Yuksek,Mobil_Bildirim
YKM08987,40,142,48953.52533954779,23762.359568115364,1,Yuksek,53,0,1,1,1,Yuksek,Mobil_Bildirim
YKM08988,64,51,35256.40116502157,24658.813588675315,6,Yuksek,37,1,1,1,1,Dusuk,Mobil_Bildirim
YKM08989,39,178,16533.243175254924,36648.01101589159,6,Yuksek,30,0,5,1,0,Orta,Eposta
YKM08990,56,176,15520.156516267147,45547.12207576297,3,Yuksek,47,1,2,1,0,Yuksek,Mobil_Bildirim
YKM08991,42,131,20672.059784366826,21760.25285827215,2,Yuksek,33,0,2,0,1,Orta,SMS
YKM08992,43,83,63410.174903798776,40776.57164376414,3,Yuksek,45,1,1,1,0,Orta,Mobil_Bildirim
YKM08993,22,21,37030.65457673286,29760.650135495598,5,Dusuk,36,0,0,0,1,Yuksek,SMS
YKM08994,71,120,43110.57959779226,12029.94268984622,1,Orta,32,0,1,1,1,Orta,Mobil_Bildirim
YKM08995,68,47,119508.71807372251,14903.859637552523,1,Orta,41,0,0,1,0,Orta,Mobil_Bildirim
YKM08996,27,43,72923.23822421978,14302.46714077232,5,Dusuk,21,0,3,1,1,Dusuk,Mobil_Bildirim
YKM08997,44,38,45639.19065011433,53967.22981382469,5,Dusuk,34,0,1,1,0,Yuksek,SMS
YKM08998,60,71,33440.67443758097,50078.17450252062,4,Orta,29,0,2,1,1,Dusuk,Eposta
YKM08999,59,97,48761.70365104209,29180.046479305507,5,Orta,42,1,0,1,1,Yuksek,SMS
YKM09000,66,33,21448.624680467216,17773.94682932708,3,Orta,33,0,1,1,1,Orta,Mobil_Bildirim
YKM09001,68,125,26785.395052021257,24461.894222393905,5,Orta,41,0,0,1,1,Orta,SMS
YKM09002,56,3,22855.256184475133,38849.49043376337,1,Orta,46,1,2,0,0,Orta,SMS
YKM09003,68,53,37569.073984740055,13269.947575583186,4,Yuksek,52,0,0,1,0,Orta,Mobil_Bildirim
YKM09004,63,56,61939.56342546656,10126.304348024772,3,Dusuk,45,0,0,1,0,Yuksek,SMS
YKM09005,45,47,43130.42122714343,45112.14141934283,3,Orta,32,0,0,1,0,Yuksek,Mobil_Bildirim
YKM09006,25,88,45606.732716996186,11684.67615149165,2,Yuksek,45,0,0,1,0,Yuksek,SMS
YKM09007,59,92,41493.31454999955,33224.42204610103,4,Orta,39,1,0,1,1,Orta,Mobil_Bildirim
YKM09008,52,97,49171.689698865084,23319.90985291443,6,Dusuk,30,0,0,1,1,Dusuk,Eposta
YKM09009,26,61,74508.33759445003,19377.493937825693,6,Orta,24,1,3,1,0,Orta,Mobil_Bildirim
YKM09010,49,143,15514.548424800045,24752.278463871404,6,Yuksek,36,1,1,1,1,Dusuk,SMS
YKM09011,25,22,54000.117011267495,46611.026350310676,1,Orta,29,1,0,1,0,Orta,SMS
YKM09012,22,90,65589.60125019592,4821.099147828766,2,Yuksek,49,0,0,0,1,Orta,SMS
YKM09013,40,88,43525.06810991296,12714.090603013548,1,Dusuk,38,0,3,1,1,Orta,SMS
YKM09014,43,64,63784.144540264395,13917.672900545818,1,Dusuk,33,0,3,1,0,Orta,Mobil_Bildirim
YKM09015,46,1,43142.39801186365,21950.372236390245,1,Yuksek,36,1,0,0,1,Yuksek,Eposta
YKM09016,41,119,42884.82893748843,17915.59787722522,4,Yuksek,28,0,3,1,1,Orta,Eposta
YKM09017,35,112,38363.14017503762,36070.68305662221,4,Yuksek,43,0,3,1,1,Yuksek,Mobil_Bildirim
YKM09018,53,152,50169.291994890715,10453.709344291616,3,Dusuk,33,0,1,1,0,Yuksek,SMS
YKM09019,20,65,51859.24739807395,21984.819900555158,5,Yuksek,46,1,0,1,0,Dusuk,Eposta
YKM09020,47,164,40096.23401439069,52401.85883055203,3,Yuksek,39,0,1,1,1,Orta,Mobil_Bildirim
YKM09021,57,67,18926.161952410584,24279.28523750855,6,Orta,28,0,5,1,1,Dusuk,SMS
YKM09022,53,59,44203.7182594813,35066.401599914934,4,Orta,46,0,2,1,1,Yuksek,Mobil_Bildirim
YKM09023,36,49,49603.55815352698,83810.0522944737,5,Orta,35,0,2,1,1,Yuksek,Eposta
YKM09024,35,182,41005.93966896665,31190.78155788002,5,Orta,38,1,0,1,1,Orta,Mobil_Bildirim
YKM09025,58,139,77295.22687867211,24438.6211135062,5,Orta,36,0,2,1,1,Orta,Mobil_Bildirim
YKM09026,39,178,26216.030269228762,15633.72317477369,4,Orta,37,0,1,1,1,Orta,SMS
YKM09027,40,70,45014.45127552337,41124.93573989331,3,Yuksek,48,0,1,1,1,Orta,Mobil_Bildirim
YKM09028,21,45,32058.11135829984,43433.19775132929,2,Dusuk,38,0,0,1,1,Orta,SMS
YKM09029,50,155,41320.24508226801,19194.672840309308,5,Yuksek,34,0,0,1,0,Dusuk,SMS
YKM09030,42,115,86749.23776437252,10839.693167985148,4,Orta,44,0,1,1,0,Yuksek,Mobil_Bildirim
YKM09031,65,67,36852.27267235139,23848.61923514882,2,Orta,39,0,3,0,1,Orta,Mobil_Bildirim
YKM09032,66,85,47232.32116565979,48414.14246505144,1,Dusuk,41,0,1,1,0,Orta,Mobil_Bildirim
YKM09033,59,120,45724.13920239658,26496.50698205325,5,Orta,56,0,1,1,1,Orta,SMS
YKM09034,39,37,41279.698189206094,48723.80024473676,5,Orta,34,1,2,0,0,Yuksek,Mobil_Bildirim
YKM09035,48,146,47992.05931257508,19217.826375252338,5,Yuksek,44,0,0,1,0,Orta,Mobil_Bildirim
YKM09036,61,167,62915.84133540414,32977.041400662034,3,Orta,42,1,1,1,0,Yuksek,SMS
YKM09037,36,79,43690.89953035344,30010.68041734441,4,Yuksek,45,0,1,0,1,Yuksek,Mobil_Bildirim
YKM09038,23,97,57789.03198939985,11070.40190373179,3,Yuksek,45,0,0,0,1,Orta,SMS
YKM09039,26,131,33328.09325503895,20673.67242233968,5,Dusuk,23,1,4,1,0,Yuksek,Mobil_Bildirim
YKM09040,30,136,70511.32097672141,18591.96700222005,1,Yuksek,35,0,0,1,1,Orta,SMS
YKM09041,40,150,62187.55038283722,18544.2449247589,2,Yuksek,43,0,0,0,0,Yuksek,Eposta
YKM09042,45,51,71954.1132237926,25001.269753491048,2,Orta,44,1,2,1,0,Orta,SMS
YKM09043,49,181,26994.837514364655,36636.63007022371,4,Dusuk,44,0,1,1,1,Yuksek,Eposta
YKM09044,65,167,135408.75076153773,23975.857079338533,2,Orta,40,0,1,1,0,Yuksek,Mobil_Bildirim
YKM09045,68,52,54222.100789536984,15560.136829083172,2,Orta,37,0,0,1,0,Orta,Eposta
YKM09046,53,135,20500.457522423887,28677.72283356623,1,Dusuk,40,0,3,1,1,Orta,Eposta
YKM09047,27,68,65485.0419100492,5600.366063618392,1,Yuksek,42,0,1,1,0,Orta,Mobil_Bildirim
YKM09048,59,24,60027.59756655474,52244.5906276114,1,Dusuk,32,1,1,0,1,Orta,Mobil_Bildirim
YKM09049,32,62,39987.87323237931,13707.111243489666,2,Yuksek,48,0,2,1,1,Yuksek,Mobil_Bildirim
YKM09050,56,59,33615.43187579964,4096.60021312384,6,Yuksek,41,1,1,1,1,Orta,SMS
YKM09051,26,156,19565.461261950186,22855.825660517454,1,Orta,36,0,3,1,1,Yuksek,SMS
YKM09052,42,115,42509.52480585301,29598.54119156912,1,Dusuk,44,1,1,1,1,Yuksek,Mobil_Bildirim
YKM09053,50,75,76574.53311316513,20076.373916231485,3,Orta,31,0,1,1,1,Orta,Mobil_Bildirim
YKM09054,47,31,19718.721341221146,12438.071322317026,6,Orta,42,0,1,0,1,Orta,SMS
YKM09055,66,117,39462.19721834457,23753.8581985434,2,Orta,38,0,1,0,1,Orta,SMS
YKM09056,20,119,58905.75642466847,36075.723526178896,5,Orta,36,1,2,1,1,Dusuk,SMS
YKM09057,66,64,133058.77675230784,35722.667564475276,6,Orta,44,0,2,1,1,Yuksek,Mobil_Bildirim
YKM09058,34,92,75326.49519009497,25848.796991602027,1,Dusuk,31,0,3,0,1,Orta,Mobil_Bildirim
YKM09059,25,92,35850.689623429564,17213.86874844414,1,Yuksek,43,0,3,1,1,Orta,Eposta
YKM09060,55,163,25514.449744649763,29174.871438024584,6,Orta,35,1,0,1,1,Yuksek,Mobil_Bildirim
YKM09061,70,103,25555.561202926765,21080.870266597853,3,Dusuk,34,0,1,1,0,Orta,SMS
YKM09062,37,151,78493.23169822076,9033.968669582495,2,Orta,35,0,3,0,1,Orta,Mobil_Bildirim
YKM09063,48,150,46510.54829555052,29842.267480454968,5,Yuksek,39,0,1,1,1,Dusuk,Eposta
YKM09064,52,56,118303.63225771557,45606.1869597823,6,Orta,42,1,1,0,1,Orta,Mobil_Bildirim
YKM09065,64,163,38846.99965833613,29223.197778544432,5,Orta,45,0,1,1,1,Orta,Mobil_Bildirim
YKM09066,59,173,29244.727945578175,35833.87243439326,1,Yuksek,48,0,3,1,0,Orta,Eposta
YKM09067,53,84,25758.4347883719,25585.844973684816,6,Orta,36,0,1,1,0,Yuksek,SMS
YKM09068,51,90,90475.32620289891,45527.51593777213,5,Dusuk,33,0,1,1,0,Dusuk,SMS
YKM09069,28,23,30842.195566179602,11882.853735209363,2,Yuksek,38,0,2,0,1,Orta,Mobil_Bildirim
YKM09070,21,147,102662.00899141163,31891.515266207083,5,Orta,39,1,1,0,1,Orta,SMS
YKM09071,35,22,39918.24730907228,52340.63176975606,3,Orta,41,0,1,1,0,Orta,Eposta
YKM09072,18,122,32604.224515023958,61258.46162307111,3,Dusuk,31,0,1,0,1,Orta,Mobil_Bildirim
YKM09073,67,104,65209.44127858396,23267.43818554011,1,Dusuk,33,0,2,1,0,Yuksek,SMS
YKM09074,69,58,36027.46620866409,26165.852585997636,6,Orta,48,1,2,0,1,Yuksek,SMS
YKM09075,36,79,40002.614229446925,16429.8267212315,5,Orta,47,0,3,1,1,Orta,Eposta
YKM09076,48,32,70296.77913147416,25945.620456561435,6,Orta,41,1,2,1,1,Orta,Mobil_Bildirim
YKM09077,64,176,37788.82091258663,26460.926139294897,2,Dusuk,29,0,1,0,1,Orta,SMS
YKM09078,56,171,88517.0879231352,14587.564887510043,5,Orta,35,1,1,0,1,Orta,Eposta
YKM09079,38,148,79979.52816347056,16931.783630338465,5,Yuksek,39,0,4,1,1,Yuksek,Mobil_Bildirim
YKM09080,65,107,44671.68906964275,9551.196481656918,5,Orta,50,0,0,1,0,Orta,Eposta
YKM09081,26,40,34564.896498655915,21312.588313465945,5,Yuksek,34,0,1,0,1,Dusuk,Mobil_Bildirim
YKM09082,51,134,24672.526299851386,24267.240207063205,2,Yuksek,34,1,2,1,1,Orta,SMS
YKM09083,32,106,54488.0493197514,67845.79106,3,Dusuk,31,1,1,1,1,Yuksek,Mobil_Bildirim
YKM09084,35,138,33128.58804720358,10763.305743593482,1,Yuksek,27,0,0,1,0,Orta,Mobil_Bildirim
YKM09085,43,76,56086.00996972296,22456.9877778348,4,Yuksek,37,0,2,0,0,Yuksek,SMS
YKM09086,59,149,119147.92673405803,16067.340199343018,4,Yuksek,23,0,2,1,1,Orta,Mobil_Bildirim
YKM09087,26,108,54001.56243966418,18858.007518885617,4,Orta,32,1,3,1,1,Orta,Mobil_Bildirim
YKM09088,47,29,69244.90422224854,38068.998656490716,6,Orta,37,0,1,1,0,Orta,SMS
YKM09089,39,145,50516.58040122917,6030.9502843804885,4,Yuksek,39,0,1,1,1,Dusuk,Mobil_Bildirim
YKM09090,30,139,31439.032800312016,49591.78095413447,3,Orta,40,0,3,1,0,Orta,SMS
YKM09091,41,129,52173.57270285803,37779.48681486664,4,Dusuk,42,0,0,1,1,Yuksek,Mobil_Bildirim
YKM09092,34,88,54951.28533096425,24890.31647647044,6,Yuksek,24,0,1,1,0,Orta,SMS
YKM09093,47,25,19348.674255960606,39175.12436166004,5,Yuksek,43,0,2,1,0,Yuksek,Mobil_Bildirim
YKM09094,45,18,67248.51212006593,36495.185187893585,6,Orta,36,0,1,1,0,Orta,SMS
YKM09095,27,146,41358.378013213565,15470.325204700026,1,Orta,40,0,3,1,1,Yuksek,SMS
YKM09096,54,37,116552.43175039682,17628.130263444844,4,Orta,36,0,0,1,1,Dusuk,Mobil_Bildirim
YKM09097,43,129,24255.552720598305,56376.24925864656,2,Orta,40,1,2,0,0,Orta,Mobil_Bildirim
YKM09098,64,16,23518.08982312107,27761.553977450447,1,Yuksek,38,1,1,0,0,Orta,Mobil_Bildirim
YKM09099,52,183,43206.15547793125,85114.44391527583,4,Yuksek,35,1,1,1,1,Yuksek,Mobil_Bildirim
YKM09100,69,7,54178.3664498234,6908.450415784264,5,Yuksek,37,1,1,1,1,Yuksek,Mobil_Bildirim
YKM09101,66,38,86843.14125501536,16180.197626815961,2,Orta,40,0,0,0,1,Yuksek,Mobil_Bildirim
YKM09102,57,172,46290.96631546865,37452.97674569353,2,Orta,37,0,0,1,1,Dusuk,SMS
YKM09103,50,56,15959.02375756027,12294.275014834573,3,Dusuk,27,1,2,0,1,Orta,SMS
YKM09104,62,57,35607.89594830834,32930.068073311304,3,Dusuk,28,0,2,1,1,Orta,Eposta
YKM09105,40,177,37104.52607734451,23062.099803181663,2,Dusuk,54,0,2,1,1,Yuksek,Mobil_Bildirim
YKM09106,38,98,109471.42967015972,23119.824064939257,4,Yuksek,46,1,2,0,0,Orta,Mobil_Bildirim
YKM09107,45,141,40269.02076241746,27356.06895057192,3,Yuksek,32,0,0,1,1,Dusuk,Eposta
YKM09108,55,16,58964.355778019264,24160.77634493541,2,Orta,35,0,2,1,1,Orta,SMS
YKM09109,29,151,46256.26607970328,11670.99400747015,2,Orta,52,0,0,0,1,Yuksek,Mobil_Bildirim
YKM09110,50,106,48925.14447322072,24583.876012011984,3,Orta,36,1,1,1,1,Dusuk,Mobil_Bildirim
YKM09111,63,1,47940.38137990318,25485.859903593966,2,Orta,34,1,0,1,0,Yuksek,Eposta
YKM09112,56,24,42768.425815930255,41230.72986290642,5,Yuksek,39,0,2,1,1,Orta,Eposta
YKM09113,23,129,69026.72398893937,28858.846904105772,6,Orta,37,0,1,1,0,Orta,SMS
YKM09114,22,65,24683.73123550915,20780.522217794576,5,Dusuk,41,0,1,1,1,Dusuk,Mobil_Bildirim
YKM09115,51,93,22815.278990274433,18573.288544241284,4,Yuksek,44,0,1,1,0,Orta,Mobil_Bildirim
YKM09116,40,90,66258.27779766177,13525.660080125494,1,Dusuk,37,0,2,1,1,Yuksek,Eposta
YKM09117,19,124,44875.92936480609,13335.649748321006,3,Orta,43,0,2,1,1,Orta,Mobil_Bildirim
YKM09118,41,160,79852.2507962193,7666.828812883197,3,Yuksek,35,0,1,1,0,Yuksek,Eposta
YKM09119,49,158,49020.024367878024,52243.984647344674,2,Yuksek,36,0,2,1,0,Yuksek,SMS
YKM09120,20,139,44603.3917204238,10962.055122979787,3,Orta,47,0,2,1,1,Orta,Mobil_Bildirim
YKM09121,30,159,75538.54553937809,39648.968978349534,4,Dusuk,30,0,1,1,1,Orta,Mobil_Bildirim
YKM09122,37,98,24837.000885932073,41208.08988144958,6,Orta,36,0,0,1,0,Orta,Mobil_Bildirim
YKM09123,28,18,39206.74595574949,26854.671101372824,4,Orta,50,0,2,1,1,Yuksek,SMS
YKM09124,54,146,22969.977988417075,12829.556196886246,5,Orta,41,1,2,1,0,Orta,Eposta
YKM09125,36,122,16285.879602960986,24959.711409109303,4,Orta,35,0,1,1,0,Yuksek,Mobil_Bildirim
YKM09126,27,12,42114.10943073384,114485.11020328182,5,Dusuk,51,1,1,1,1,Orta,Mobil_Bildirim
YKM09127,48,1,99520.86746042653,30440.682018534888,2,Yuksek,33,1,2,0,1,Yuksek,SMS
YKM09128,39,151,22103.161002058263,38504.63859151952,6,Orta,39,0,1,0,1,Orta,Mobil_Bildirim
YKM09129,47,91,41454.879443274534,37386.82018489155,3,Orta,42,0,2,1,0,Orta,Eposta
YKM09130,40,12,60335.22899389364,23751.447377976594,3,Orta,38,1,4,1,1,Yuksek,SMS
YKM09131,47,100,19309.904102798286,40877.2961954459,2,Orta,42,0,1,1,0,Yuksek,Mobil_Bildirim
YKM09132,50,114,74168.55841167177,9091.40306249801,6,Yuksek,39,0,2,1,0,Orta,SMS
YKM09133,42,30,125624.08218592899,12745.30719945456,3,Yuksek,35,1,2,1,1,Yuksek,Mobil_Bildirim
YKM09134,27,139,59047.98605001807,26731.868727542394,4,Yuksek,38,0,1,0,1,Dusuk,Eposta
YKM09135,28,27,59593.472251146995,5608.488467352961,6,Orta,43,1,2,1,1,Orta,Mobil_Bildirim
YKM09136,34,153,66138.19522856144,22593.370373328333,6,Yuksek,37,1,0,1,1,Yuksek,Mobil_Bildirim
YKM09137,30,105,30266.862295465908,23390.6887760562,1,Orta,33,0,2,1,1,Dusuk,Mobil_Bildirim
YKM09138,30,90,34356.97350906549,21615.20111159163,1,Orta,44,0,3,1,1,Yuksek,Mobil_Bildirim
YKM09139,25,158,46119.95526249452,17407.111051212327,3,Orta,35,1,2,1,1,Orta,Mobil_Bildirim
YKM09140,38,172,59429.40114239618,26890.739135450953,5,Orta,32,0,1,1,0,Yuksek,Mobil_Bildirim
YKM09141,30,3,67909.50036470835,13901.912148191635,6,Yuksek,31,0,3,0,0,Orta,Eposta
YKM09142,30,59,77913.54358410723,20567.17309403114,2,Yuksek,35,0,2,1,0,Orta,Mobil_Bildirim
YKM09143,40,110,52086.67353629728,19316.736309773372,5,Orta,36,0,1,1,0,Yuksek,Mobil_Bildirim
YKM09144,25,47,47060.519772272455,20837.468505906974,2,Yuksek,28,0,0,1,0,Dusuk,Mobil_Bildirim
YKM09145,68,160,52448.77304533183,8997.647649905542,3,Orta,40,0,2,1,1,Orta,Mobil_Bildirim
YKM09146,67,180,66724.41698536705,13381.936471131581,1,Dusuk,24,0,1,1,1,Dusuk,Mobil_Bildirim
YKM09147,35,36,45267.994046177766,43009.72559225904,6,Yuksek,37,1,0,1,0,Orta,Mobil_Bildirim
YKM09148,51,148,16587.003128518394,35021.286695895586,6,Orta,42,0,2,0,1,Yuksek,Eposta
YKM09149,47,171,36015.10470914092,19152.07227696397,3,Orta,35,1,1,1,1,Dusuk,SMS
YKM09150,29,105,42095.22846228126,50822.70553880119,6,Yuksek,34,0,2,1,0,Orta,Mobil_Bildirim
YKM09151,39,91,37586.61392334994,20281.036063744334,6,Yuksek,39,1,0,1,1,Yuksek,Eposta
YKM09152,31,74,64058.2150237815,19589.032857356957,6,Yuksek,43,0,3,1,1,Yuksek,Mobil_Bildirim
YKM09153,55,116,45229.42134759796,21165.88335205848,1,Dusuk,35,0,3,1,1,Yuksek,Mobil_Bildirim
YKM09154,33,76,44356.74100793736,21197.3431121076,1,Yuksek,31,0,1,0,1,Orta,Mobil_Bildirim
YKM09155,29,152,24967.59959059927,19217.939087437102,6,Yuksek,28,0,0,1,0,Yuksek,SMS
YKM09156,44,9,36807.260345887946,37950.64730676415,1,Orta,44,0,1,1,0,Dusuk,SMS
YKM09157,30,129,43078.90992202608,45871.10394654268,4,Dusuk,47,0,1,1,1,Orta,SMS
YKM09158,27,127,95248.36210762968,15153.757404926404,5,Yuksek,42,0,1,0,1,Orta,Mobil_Bildirim
YKM09159,54,33,50954.1397978845,29570.054236489384,3,Yuksek,33,0,0,1,1,Orta,SMS
YKM09160,24,181,69053.81975900482,36123.32241992126,6,Yuksek,34,1,0,1,0,Orta,SMS
YKM09161,61,173,50964.42008508839,36256.819156492864,4,Dusuk,40,0,0,1,1,Dusuk,Eposta
YKM09162,23,137,41804.57854622092,32650.81290068831,6,Orta,35,0,2,1,1,Orta,SMS
YKM09163,24,31,103678.81288933016,17251.77498718075,1,Orta,40,0,3,1,0,Yuksek,SMS
YKM09164,40,92,82763.4757630274,65095.08477575836,2,Yuksek,50,0,0,1,0,Yuksek,SMS
YKM09165,24,78,46205.41504539719,38591.821615064255,1,Orta,30,0,3,1,1,Orta,SMS
YKM09166,53,133,50904.066836331695,28172.273472150664,3,Yuksek,38,0,2,1,1,Yuksek,Mobil_Bildirim
YKM09167,24,21,28704.02523544115,40143.42483365438,4,Yuksek,48,1,3,1,0,Orta,Eposta
YKM09168,62,92,75967.90352075908,18361.240997995414,3,Orta,35,1,0,0,1,Orta,Mobil_Bildirim
YKM09169,27,155,32405.589811515856,20068.372195151547,5,Orta,28,0,2,1,1,Dusuk,Eposta
YKM09170,59,95,63524.92185709388,20100.382207809256,1,Yuksek,47,1,4,1,1,Yuksek,SMS
YKM09171,43,83,34594.81201856544,17032.686244514938,6,Orta,44,0,0,0,0,Orta,SMS
YKM09172,59,48,23179.066430431976,23200.09873052308,2,Dusuk,37,0,0,1,1,Yuksek,Mobil_Bildirim
YKM09173,60,79,55689.08940020521,15997.92185754371,5,Dusuk,36,0,0,1,1,Orta,Eposta
YKM09174,52,17,27669.558084106644,43601.91478731529,2,Dusuk,33,1,2,0,1,Orta,Eposta
YKM09175,31,32,34226.09502016395,9926.263429376122,3,Dusuk,42,0,1,1,1,Orta,Mobil_Bildirim
YKM09176,66,110,65912.19594272056,29304.02155777352,4,Orta,33,0,3,0,1,Dusuk,SMS
YKM09177,48,149,47892.775041006425,12849.499968653517,5,Dusuk,41,0,0,1,0,Yuksek,SMS
YKM09178,50,1,56176.58805783064,48513.2083869629,5,Yuksek,30,0,1,1,0,Yuksek,Eposta
YKM09179,47,9,33511.916910185915,17230.620557792157,5,Yuksek,43,1,2,1,1,Yuksek,Eposta
YKM09180,68,64,44350.71537592016,19474.803843273035,4,Orta,39,0,2,1,1,Yuksek,Eposta
YKM09181,54,55,33547.87027417605,32115.251928660033,6,Yuksek,45,1,0,1,1,Yuksek,Eposta
YKM09182,58,112,37083.56548392349,13209.069511939773,6,Yuksek,46,1,0,1,1,Orta,SMS
YKM09183,45,56,51648.610434750495,17712.191250296353,6,Orta,41,0,1,1,1,Orta,SMS
YKM09184,63,165,78896.62625632757,14401.409300019952,6,Yuksek,34,0,0,1,1,Dusuk,Mobil_Bildirim
YKM09185,57,139,57753.51513582777,18223.67224959902,5,Orta,35,1,1,1,1,Dusuk,Mobil_Bildirim
YKM09186,61,3,53750.34053194351,14974.113082771999,6,Yuksek,39,1,2,1,1,Yuksek,Mobil_Bildirim
YKM09187,29,46,40289.50352734987,28826.243807067225,3,Orta,43,0,0,1,1,Dusuk,Mobil_Bildirim
YKM09188,36,30,21101.156588123573,52514.81254764561,3,Yuksek,53,0,1,1,0,Yuksek,SMS
YKM09189,44,104,57273.65432927069,24509.511683073448,2,Yuksek,44,1,2,1,1,Orta,Mobil_Bildirim
YKM09190,37,70,82167.61306572716,13301.33510535779,5,Orta,29,1,1,1,0,Orta,SMS
YKM09191,55,67,29748.20487804848,22177.694167580517,1,Yuksek,32,0,2,1,1,Orta,SMS
YKM09192,55,70,73551.40015497242,16328.629446917103,3,Dusuk,37,0,5,1,1,Dusuk,SMS
YKM09193,35,52,34278.1794575697,17287.490907054176,3,Orta,35,0,3,1,1,Yuksek,SMS
YKM09194,30,181,42293.51750348763,41167.347385320354,1,Yuksek,38,0,1,1,1,Orta,SMS
YKM09195,65,72,59821.88587070184,37679.04384692745,5,Dusuk,51,0,1,1,1,Yuksek,SMS
YKM09196,65,31,51701.76353131805,26420.430644498767,5,Dusuk,23,0,1,1,1,Orta,Eposta
YKM09197,45,26,26430.049826314553,19384.650426276516,1,Orta,33,0,0,0,0,Orta,SMS
YKM09198,44,137,66658.61626142076,35958.412457363294,3,Yuksek,42,0,2,1,1,Yuksek,Mobil_Bildirim
YKM09199,29,8,50511.90231164378,24601.936279700483,5,Orta,49,0,0,1,1,Orta,SMS
YKM09200,60,141,79298.74109015752,26230.407931106154,2,Dusuk,40,0,1,1,0,Orta,Eposta
YKM09201,21,17,104548.65225304915,39746.37866491677,3,Orta,36,1,0,0,0,Orta,Mobil_Bildirim
YKM09202,59,35,37118.17065204516,37721.94003902153,2,Yuksek,35,1,1,1,1,Orta,Mobil_Bildirim
YKM09203,67,124,71894.54988700223,13131.137301662453,6,Orta,33,0,1,1,1,Orta,Mobil_Bildirim
YKM09204,27,33,51035.67314298554,42322.52646491757,2,Orta,36,1,2,1,0,Dusuk,SMS
YKM09205,33,32,31420.094756996063,29361.825712668826,6,Orta,34,0,2,1,1,Yuksek,Mobil_Bildirim
YKM09206,48,122,34571.156135630015,23878.59498276062,4,Yuksek,26,0,2,1,1,Dusuk,SMS
YKM09207,22,185,25503.11219196556,44322.82126529794,2,Dusuk,39,1,4,1,1,Dusuk,SMS
YKM09208,47,79,24389.564038656485,14101.27726122546,5,Dusuk,35,0,1,1,1,Yuksek,Eposta
YKM09209,57,90,83127.72618702661,37940.08142017922,5,Dusuk,35,0,1,1,1,Orta,Mobil_Bildirim
YKM09210,48,24,43202.13833948771,20779.436747077445,2,Dusuk,55,0,0,1,1,Orta,Eposta
YKM09211,51,122,16462.74226235092,36436.10951312172,1,Yuksek,39,0,0,1,1,Yuksek,Mobil_Bildirim
YKM09212,27,106,36525.501149255055,9289.731491794879,2,Dusuk,40,0,1,0,0,Dusuk,SMS
YKM09213,57,89,30209.39122052858,27877.61118821559,2,Orta,37,0,3,1,0,Orta,SMS
YKM09214,27,76,22740.651148819477,37619.25934675998,6,Orta,32,0,1,1,0,Orta,Mobil_Bildirim
YKM09215,26,119,31301.366566671997,25107.20441116355,2,Yuksek,32,1,1,1,1,Orta,Mobil_Bildirim
YKM09216,50,26,37715.004760096635,50714.49542718098,6,Orta,32,0,1,0,1,Yuksek,Mobil_Bildirim
YKM09217,56,29,26478.700486539154,41820.013786163494,3,Yuksek,41,0,2,1,1,Yuksek,SMS
YKM09218,58,116,39739.78204223353,58600.36687514821,5,Yuksek,47,1,0,1,1,Dusuk,Mobil_Bildirim
YKM09219,62,143,66560.84512676043,24245.42238998852,3,Orta,33,0,2,1,0,Yuksek,Mobil_Bildirim
YKM09220,53,41,102440.5053067834,24815.395077601697,3,Orta,40,0,0,1,1,Orta,Mobil_Bildirim
YKM09221,39,169,52436.169818428636,23595.383647449617,1,Dusuk,36,1,3,1,1,Orta,Mobil_Bildirim
YKM09222,66,62,49723.91014959196,7553.710063843157,1,Orta,47,1,3,0,1,Orta,Mobil_Bildirim
YKM09223,54,19,51209.36926125591,22193.171505137536,5,Orta,42,1,1,1,1,Orta,SMS
YKM09224,22,15,42176.9849460411,10989.82967997193,2,Yuksek,38,1,1,0,1,Dusuk,SMS
YKM09225,32,105,82174.46051946041,25925.202610564837,4,Dusuk,23,1,0,1,1,Yuksek,SMS
YKM09226,22,8,43496.50428866863,52751.03457692834,3,Yuksek,36,0,0,1,1,Yuksek,Mobil_Bildirim
YKM09227,58,78,14218.888589748442,47127.51889674956,1,Orta,29,1,2,1,1,Yuksek,Mobil_Bildirim
YKM09228,55,95,114053.38709738468,33419.85629133225,1,Orta,43,0,0,1,1,Orta,Mobil_Bildirim
YKM09229,54,149,30304.42444137673,23674.899282299797,1,Orta,30,0,2,1,1,Yuksek,SMS
YKM09230,24,68,28532.153417930178,56883.50104004133,4,Orta,37,1,1,1,1,Yuksek,Eposta
YKM09231,23,12,55677.26655457927,12107.085904478972,2,Yuksek,29,1,1,1,1,Yuksek,Mobil_Bildirim
YKM09232,24,110,34850.73915061563,20146.279861286617,1,Orta,39,0,3,0,1,Orta,Mobil_Bildirim
YKM09233,30,155,20632.640568371266,49365.74556620835,1,Dusuk,35,0,0,0,0,Dusuk,Mobil_Bildirim
YKM09234,56,141,29285.430258225024,28347.721264081352,2,Yuksek,33,0,0,1,1,Dusuk,Mobil_Bildirim
YKM09235,70,73,34545.55429685436,22154.859127954445,3,Yuksek,40,0,1,1,0,Yuksek,Eposta
YKM09236,49,24,27467.375325630237,22172.57399302625,6,Yuksek,34,0,2,1,1,Orta,Mobil_Bildirim
YKM09237,65,108,65635.04084358193,13049.126239392657,2,Yuksek,41,0,3,0,0,Yuksek,Mobil_Bildirim
YKM09238,69,94,45590.5619347291,53641.43433669832,4,Orta,42,1,2,1,0,Orta,Eposta
YKM09239,67,72,22338.432996828,33851.45557056462,5,Orta,26,1,0,1,1,Orta,SMS
YKM09240,23,24,15814.256911956081,13374.53054856815,6,Orta,44,0,4,1,1,Orta,Eposta
YKM09241,30,118,53301.08379049497,36721.21941414382,6,Yuksek,38,0,2,1,1,Dusuk,Eposta
YKM09242,23,58,28116.709993359935,19953.567498795615,6,Dusuk,31,0,1,0,0,Dusuk,Mobil_Bildirim
YKM09243,29,159,34259.52102727618,34396.31587422056,5,Dusuk,28,0,4,1,1,Yuksek,Eposta
YKM09244,40,126,60565.15335158117,22506.92301113267,4,Dusuk,33,1,4,1,1,Orta,Mobil_Bildirim
YKM09245,69,53,33204.7321157104,26035.223776082985,5,Dusuk,57,0,1,0,0,Orta,Eposta
YKM09246,64,53,24474.84127147551,9572.907733875827,2,Dusuk,42,1,3,1,1,Yuksek,Eposta
YKM09247,49,148,51932.42109417285,21381.430644625114,4,Dusuk,43,1,1,1,0,Orta,Eposta
YKM09248,38,156,22053.679704239486,20961.08048441135,6,Orta,37,0,0,1,1,Yuksek,Mobil_Bildirim
YKM09249,44,127,46091.24669756174,78725.27165707269,3,Orta,36,0,3,1,0,Yuksek,SMS
YKM09250,68,12,40788.424109032574,23181.176608443697,6,Yuksek,35,0,1,1,1,Dusuk,SMS
YKM09251,61,22,25021.167728257635,95951.10644994916,5,Orta,40,0,1,1,1,Orta,Mobil_Bildirim
YKM09252,51,89,37504.4777679075,39625.696353574946,6,Yuksek,34,0,1,1,0,Yuksek,Eposta
YKM09253,37,158,20193.739166529984,16735.44134826154,2,Dusuk,43,0,2,1,1,Dusuk,Eposta
YKM09254,45,161,40275.010886013995,14662.134946633714,2,Orta,36,0,1,1,1,Dusuk,Mobil_Bildirim
YKM09255,36,12,40236.17465895998,57554.15414205163,6,Dusuk,31,0,0,1,1,Dusuk,Eposta
YKM09256,30,54,19280.849232925986,14706.803881309073,3,Orta,49,0,2,0,1,Dusuk,Mobil_Bildirim
YKM09257,31,168,50446.444137684215,35299.94885489584,1,Dusuk,26,1,1,1,0,Yuksek,Mobil_Bildirim
YKM09258,47,69,53992.667653040575,23174.35035112163,2,Orta,52,0,0,1,1,Dusuk,Mobil_Bildirim
YKM09259,59,114,48134.49411634855,24260.020528696525,1,Orta,43,1,4,0,0,Dusuk,SMS
YKM09260,41,134,42595.3996639165,38113.411272107514,1,Yuksek,44,0,0,1,1,Dusuk,Mobil_Bildirim
YKM09261,28,94,22536.990324865972,26165.35249902246,2,Orta,31,0,2,1,0,Dusuk,SMS
YKM09262,47,169,43816.776333596485,41410.268668428434,2,Orta,42,1,3,1,1,Yuksek,SMS
YKM09263,57,23,40269.3140621993,34070.55663745658,2,Yuksek,30,0,2,0,1,Orta,Eposta
YKM09264,60,1,42476.83403357733,33301.76277460871,2,Yuksek,41,0,2,1,1,Yuksek,Mobil_Bildirim
YKM09265,69,122,34570.10859957451,25701.409967074327,2,Orta,36,0,4,1,0,Yuksek,Eposta
YKM09266,30,29,31889.399629689324,22863.562471567322,6,Dusuk,35,1,0,1,1,Dusuk,Eposta
YKM09267,39,82,60352.41988688246,20651.80229738768,2,Yuksek,42,0,2,1,0,Yuksek,Mobil_Bildirim
YKM09268,67,75,46032.47995111118,40380.0519396082,2,Yuksek,31,0,1,1,0,Dusuk,Eposta
YKM09269,53,26,65684.35556182574,32049.47235985753,6,Orta,22,0,0,1,0,Orta,Mobil_Bildirim
YKM09270,56,46,31049.81319584919,11357.569988840536,5,Orta,45,0,1,1,0,Dusuk,Eposta
YKM09271,55,83,34453.31974975864,26751.46497374056,6,Orta,30,0,1,0,1,Orta,Mobil_Bildirim
YKM09272,58,104,39689.12129070412,51828.438586673794,1,Orta,26,0,1,1,1,Dusuk,SMS
YKM09273,61,43,64009.7281931919,23422.223466126965,4,Orta,36,0,4,1,0,Orta,Mobil_Bildirim
YKM09274,55,25,52439.07483744012,20295.68625288923,5,Orta,46,1,1,1,1,Orta,SMS
YKM09275,54,113,37416.388926366955,17831.020313186717,6,Orta,48,0,0,0,1,Orta,Mobil_Bildirim
YKM09276,65,134,82653.83184170994,36895.58545646773,5,Orta,51,0,1,0,1,Dusuk,Eposta
YKM09277,26,141,71908.37231834332,15320.405866454266,1,Orta,49,0,1,1,0,Orta,Eposta
YKM09278,66,111,65083.366108975984,14252.332683090688,5,Yuksek,45,0,2,1,1,Yuksek,Mobil_Bildirim
YKM09279,47,147,25812.95538655454,51271.01025763797,1,Yuksek,47,0,1,0,0,Orta,Mobil_Bildirim
YKM09280,52,48,71504.32392515197,15819.414248754669,3,Orta,34,0,0,1,1,Orta,Mobil_Bildirim
YKM09281,54,63,50453.03952792255,22429.481946464206,5,Dusuk,51,1,1,1,1,Orta,SMS
YKM09282,29,60,55064.869136828194,20238.114852738247,6,Yuksek,26,0,2,1,1,Yuksek,Mobil_Bildirim
YKM09283,61,19,50700.48576625706,22061.781948124793,4,Yuksek,61,0,4,1,1,Orta,SMS
YKM09284,62,125,70846.0830195607,22582.11207454448,5,Dusuk,39,0,1,1,1,Orta,SMS
YKM09285,51,183,44366.61502741643,12047.307963101975,5,Orta,44,1,1,1,1,Orta,Eposta
YKM09286,33,34,81021.78767616015,18019.03883103917,3,Yuksek,42,1,2,1,1,Orta,SMS
YKM09287,42,25,31573.93631666024,18740.38560393207,2,Orta,34,0,0,1,1,Yuksek,Mobil_Bildirim
YKM09288,23,134,41263.869161807226,27596.05697754318,3,Orta,33,1,1,1,1,Orta,Eposta
YKM09289,47,20,32986.7420696247,44828.54172481144,1,Orta,39,0,3,1,0,Orta,SMS
YKM09290,41,82,69394.73594563745,20471.940073070276,6,Orta,43,1,1,1,0,Yuksek,SMS
YKM09291,25,122,41211.80633386506,37315.80594139058,1,Dusuk,38,1,2,1,1,Orta,Mobil_Bildirim
YKM09292,53,137,53797.022545099244,25864.228231625722,1,Orta,35,1,2,1,1,Orta,Mobil_Bildirim
YKM09293,28,105,65283.764020858456,15043.454580680862,6,Orta,49,1,1,0,1,Yuksek,Mobil_Bildirim
YKM09294,21,132,29479.42461771028,48731.11575365938,4,Yuksek,40,0,1,1,1,Yuksek,Mobil_Bildirim
YKM09295,21,44,31241.210161838582,52783.26811660158,3,Yuksek,37,0,1,1,1,Orta,Mobil_Bildirim
YKM09296,35,42,116696.07042116334,12588.100805213151,6,Yuksek,44,1,0,1,1,Yuksek,Eposta
YKM09297,32,27,47257.13298290545,34130.21027258422,5,Orta,33,1,1,1,1,Orta,Mobil_Bildirim
YKM09298,33,111,41027.3082143564,10634.801121406423,5,Orta,49,1,3,1,0,Orta,Mobil_Bildirim
YKM09299,23,20,72713.8999039466,23087.74287885239,2,Orta,46,1,1,1,0,Yuksek,Eposta
YKM09300,59,59,35943.815663152,17493.8775979973,3,Dusuk,35,1,2,0,0,Orta,Eposta
YKM09301,40,72,27344.352018542562,43025.085008573245,3,Yuksek,45,0,1,0,0,Yuksek,Mobil_Bildirim
YKM09302,58,182,40065.5651553498,28447.556348596947,5,Orta,33,0,1,1,1,Orta,Mobil_Bildirim
YKM09303,46,69,80613.62766532665,17151.094250410624,4,Dusuk,38,1,3,1,0,Orta,SMS
YKM09304,62,52,25954.76124759848,22848.214548801287,1,Orta,38,1,2,1,1,Dusuk,SMS
YKM09305,26,131,46315.40712539947,15286.990494007938,4,Orta,35,1,1,1,0,Yuksek,SMS
YKM09306,60,1,16545.866529573228,21905.022682141604,1,Yuksek,36,0,0,1,1,Orta,Eposta
YKM09307,58,21,73506.57253676106,27338.73574469733,5,Orta,42,0,1,1,1,Orta,Mobil_Bildirim
YKM09308,41,24,49062.38218505909,10278.504924750678,3,Dusuk,38,0,0,1,1,Dusuk,Eposta
YKM09309,43,156,103113.23720880116,18982.278720155515,1,Orta,37,0,2,1,0,Yuksek,Eposta
YKM09310,60,67,33780.49001679276,37311.159050320115,1,Yuksek,37,0,2,1,1,Orta,Mobil_Bildirim
YKM09311,45,148,41951.58474907615,28791.35030223183,3,Orta,35,0,0,1,1,Orta,Mobil_Bildirim
YKM09312,45,166,35833.60033191342,27089.110032918925,3,Yuksek,52,1,0,1,1,Yuksek,Mobil_Bildirim
YKM09313,62,95,85967.2039738942,14324.192172245483,4,Orta,41,1,1,1,1,Yuksek,Eposta
YKM09314,23,49,72530.28776422868,22960.71675674362,6,Dusuk,34,1,4,1,1,Orta,Mobil_Bildirim
YKM09315,51,52,42603.94335605316,26492.19505254846,1,Dusuk,31,1,3,1,0,Orta,SMS
YKM09316,55,167,52501.54546825406,48488.204407282254,6,Orta,49,0,5,1,1,Orta,Eposta
YKM09317,55,94,46139.1192656802,20799.496498100314,3,Orta,40,0,1,1,1,Orta,Mobil_Bildirim
YKM09318,47,55,147998.73857665813,18003.04017155218,1,Orta,42,0,1,0,1,Yuksek,SMS
YKM09319,52,178,36670.666510389376,26589.627944789303,5,Yuksek,39,0,2,1,1,Yuksek,SMS
YKM09320,46,47,80941.31743448983,32444.53790800218,4,Yuksek,42,0,3,1,1,Orta,Eposta
YKM09321,65,105,80775.15626467024,21098.326340353717,1,Yuksek,36,0,1,0,1,Orta,SMS
YKM09322,55,75,19278.627640610222,31614.178802120194,4,Yuksek,36,1,2,1,1,Orta,SMS
YKM09323,65,95,110632.60286304675,14628.585692631073,5,Orta,38,0,1,1,0,Dusuk,Eposta
YKM09324,26,138,35370.018343852484,10169.036222617942,1,Yuksek,39,0,2,1,0,Orta,Mobil_Bildirim
YKM09325,57,50,37649.95063799268,46559.55508303379,3,Orta,43,0,0,0,0,Yuksek,Mobil_Bildirim
YKM09326,60,108,48863.53184248984,9687.279099983642,2,Yuksek,34,0,3,0,0,Yuksek,SMS
YKM09327,40,84,46288.71919725929,27358.944206034263,1,Orta,47,0,1,1,1,Dusuk,SMS
YKM09328,44,1,56734.31048697327,25503.561067894378,1,Yuksek,45,0,3,1,1,Dusuk,Eposta
YKM09329,52,67,72781.46075417838,20846.94668625878,4,Dusuk,39,0,1,1,0,Orta,SMS
YKM09330,49,3,63984.566462748604,52391.110921742,3,Dusuk,47,0,0,1,1,Yuksek,Mobil_Bildirim
YKM09331,43,72,32371.681811815728,17743.1574375597,3,Yuksek,35,0,5,0,0,Dusuk,SMS
YKM09332,51,27,42316.73510857059,13481.88964269469,6,Orta,37,0,0,0,1,Yuksek,Eposta
YKM09333,66,39,24204.129334014062,22622.72736641535,1,Orta,38,0,0,1,0,Dusuk,Eposta
YKM09334,30,6,32161.882643953868,11366.368149831065,1,Yuksek,44,1,1,1,1,Orta,SMS
YKM09335,38,18,49637.515339228616,14717.979029926519,6,Yuksek,43,0,3,1,1,Yuksek,SMS
YKM09336,25,114,26301.03999405838,19742.267624340373,4,Orta,36,1,0,1,1,Orta,Mobil_Bildirim
YKM09337,69,101,25467.18626826805,21250.083097946102,3,Orta,39,0,1,1,0,Yuksek,Mobil_Bildirim
YKM09338,32,36,139851.32405155522,30479.168077001646,2,Yuksek,28,0,2,1,0,Yuksek,Mobil_Bildirim
YKM09339,59,108,31650.403023334537,24423.4039268986,1,Orta,32,1,0,1,1,Yuksek,SMS
YKM09340,23,10,19486.895373380576,48808.18271688446,1,Orta,53,0,1,1,1,Orta,Eposta
YKM09341,66,38,35939.94146784637,16408.772040186173,4,Yuksek,50,0,0,1,0,Orta,Mobil_Bildirim
YKM09342,42,130,107288.72103068003,41800.71507241045,2,Yuksek,45,1,1,1,1,Yuksek,SMS
YKM09343,60,149,29934.893843956484,10475.943399921041,3,Dusuk,43,0,2,1,0,Orta,SMS
YKM09344,37,66,47770.7823961914,87835.71744247244,5,Yuksek,33,0,0,0,1,Dusuk,Mobil_Bildirim
YKM09345,33,38,39707.96227505018,41224.519454528156,2,Yuksek,32,1,2,1,0,Yuksek,Mobil_Bildirim
YKM09346,41,118,33710.06514053547,22450.94136542361,5,Dusuk,36,0,2,1,0,Dusuk,Mobil_Bildirim
YKM09347,23,93,25942.309926241756,21250.382075904326,2,Yuksek,51,0,1,1,0,Yuksek,Mobil_Bildirim
YKM09348,60,96,21650.08189034753,30944.458311294722,6,Dusuk,38,0,5,1,1,Yuksek,Mobil_Bildirim
YKM09349,33,80,61837.09826572029,19078.4844912672,1,Dusuk,46,0,1,0,1,Orta,SMS
YKM09350,38,79,44698.36159004402,24555.835480424874,6,Dusuk,35,0,3,0,1,Yuksek,SMS
YKM09351,39,171,22928.26080445622,32290.24373827782,4,Orta,42,0,0,0,1,Dusuk,SMS
YKM09352,36,172,37535.08031609751,12232.06921566668,4,Dusuk,34,0,1,1,1,Dusuk,Mobil_Bildirim
YKM09353,64,48,35195.73718294263,13080.978343945822,5,Orta,32,0,1,1,1,Orta,SMS
YKM09354,50,45,58755.76583880411,16292.949041981408,6,Orta,30,0,2,1,1,Yuksek,SMS
YKM09355,64,111,35006.49970810503,17772.05994751408,1,Yuksek,39,0,1,1,1,Orta,SMS
YKM09356,48,153,54873.13150460045,33755.026179471846,2,Orta,33,0,1,1,1,Yuksek,SMS
YKM09357,35,35,83411.49617063091,27320.670716368302,4,Yuksek,41,0,1,1,1,Yuksek,SMS
YKM09358,29,159,95293.32078239683,15868.993447209314,2,Yuksek,52,0,2,1,0,Dusuk,SMS
YKM09359,38,100,39944.57443641806,40214.614240997646,3,Dusuk,42,0,1,1,1,Yuksek,Mobil_Bildirim
YKM09360,65,39,24498.226787792646,20539.451304736023,1,Orta,40,0,0,1,0,Dusuk,Eposta
YKM09361,59,157,42669.21183208639,46490.73172669315,1,Yuksek,43,0,2,1,1,Yuksek,SMS
YKM09362,61,154,17821.948537882832,34364.68575966093,5,Orta,44,1,4,1,0,Yuksek,Mobil_Bildirim
YKM09363,49,119,37403.434277179615,37082.689093944195,6,Yuksek,41,0,1,0,0,Dusuk,Mobil_Bildirim
YKM09364,44,9,31271.302271694323,37802.88900413517,4,Yuksek,42,0,2,1,0,Orta,SMS
YKM09365,35,74,43837.53290501981,15936.474296184026,5,Orta,39,0,3,0,1,Orta,Eposta
YKM09366,52,133,31746.10535582676,39284.7080917439,2,Yuksek,46,0,0,1,0,Yuksek,Mobil_Bildirim
YKM09367,67,171,79798.23363280979,47597.820764744516,6,Dusuk,41,1,2,1,0,Yuksek,Mobil_Bildirim
YKM09368,56,69,46371.52632472704,43176.079622736186,3,Orta,36,0,0,0,1,Yuksek,SMS
YKM09369,48,137,27203.847699650465,9372.295630670269,1,Yuksek,35,1,1,1,1,Orta,Mobil_Bildirim
YKM09370,36,57,25174.66672426131,22144.476741027247,4,Orta,43,0,3,1,1,Dusuk,Eposta
YKM09371,51,93,59678.517522832444,17025.736817194887,5,Dusuk,43,1,1,1,1,Orta,Mobil_Bildirim
YKM09372,58,137,48174.8485543511,34623.0266482914,5,Dusuk,46,1,1,1,0,Orta,Mobil_Bildirim
YKM09373,52,93,43214.48911283353,72416.18953904595,2,Orta,40,0,3,1,0,Orta,Mobil_Bildirim
YKM09374,50,64,44446.54664642686,17009.467713441474,6,Dusuk,47,1,2,1,1,Orta,Mobil_Bildirim
YKM09375,32,1,86372.33907930183,26301.530606122567,4,Orta,43,0,2,0,1,Yuksek,SMS
YKM09376,36,16,48905.69207649815,21856.17754511865,2,Orta,37,0,1,1,0,Dusuk,SMS
YKM09377,52,143,28153.748399208274,10276.87160981573,2,Orta,41,0,2,1,0,Yuksek,SMS
YKM09378,51,112,97990.79611158196,16406.617952833814,3,Orta,49,0,2,1,1,Yuksek,SMS
YKM09379,25,16,11680.706716171937,53730.04239909863,2,Orta,35,0,1,1,1,Yuksek,Eposta
YKM09380,44,136,54924.48227628213,22723.462072401242,2,Orta,31,0,3,1,0,Yuksek,Eposta
YKM09381,52,135,68278.41272492068,70793.24320426983,6,Yuksek,34,0,0,1,1,Yuksek,Eposta
YKM09382,30,165,36438.95850263884,42717.32858764082,2,Orta,42,0,2,1,0,Orta,Mobil_Bildirim
YKM09383,40,148,23350.824922752654,35439.951524289085,3,Yuksek,31,1,0,1,1,Orta,Mobil_Bildirim
YKM09384,38,99,78116.64933504879,15982.42461577678,5,Dusuk,31,0,2,0,0,Yuksek,Mobil_Bildirim
YKM09385,46,72,51660.51424295576,43478.5359613227,3,Orta,45,1,0,0,1,Yuksek,Mobil_Bildirim
YKM09386,55,82,37663.074573246595,45339.812928913045,1,Dusuk,42,0,2,1,1,Orta,Mobil_Bildirim
YKM09387,50,38,26402.515549094773,49652.22674878268,3,Orta,46,0,0,1,0,Orta,Mobil_Bildirim
YKM09388,63,189,32860.07176919625,10735.046868114803,2,Yuksek,43,0,1,0,0,Orta,Mobil_Bildirim
YKM09389,44,75,43875.978361489106,16891.552322544336,2,Orta,46,1,2,1,1,Orta,Mobil_Bildirim
YKM09390,36,100,29826.997524852093,11280.095137301587,4,Yuksek,38,0,1,0,0,Orta,Mobil_Bildirim
YKM09391,45,1,28840.916475284062,35400.16698630662,4,Yuksek,42,0,2,1,0,Orta,SMS
YKM09392,65,173,41554.2630606198,21732.256850237573,3,Orta,39,0,1,1,1,Orta,Eposta
YKM09393,42,21,70445.77188764565,13169.595829439515,5,Yuksek,38,0,0,1,1,Yuksek,SMS
YKM09394,39,82,73175.69791431408,10348.331896936787,6,Dusuk,40,0,3,1,1,Yuksek,Mobil_Bildirim
YKM09395,37,53,138500.50436823707,13685.159491841812,2,Dusuk,46,0,0,1,1,Dusuk,Mobil_Bildirim
YKM09396,30,42,48642.40584197904,30918.11212732545,1,Dusuk,35,0,2,1,1,Orta,Mobil_Bildirim
YKM09397,52,102,37489.18875513041,42258.058207926275,3,Orta,32,0,1,1,1,Yuksek,Mobil_Bildirim
YKM09398,26,91,25769.687160414895,22690.512634190054,2,Dusuk,32,0,1,1,1,Dusuk,Eposta
YKM09399,64,30,84718.96719715,38718.462075256444,4,Orta,48,0,0,1,1,Orta,Eposta
YKM09400,51,154,53958.272275156836,10619.428511081614,5,Orta,31,0,3,1,1,Yuksek,Mobil_Bildirim
YKM09401,62,81,74000.40841799989,18213.11726364996,3,Orta,32,1,0,0,1,Orta,Mobil_Bildirim
YKM09402,70,80,31506.983248124994,40439.2681214359,3,Orta,50,0,1,1,1,Orta,Mobil_Bildirim
YKM09403,48,71,41777.43303198084,33023.05641480166,4,Dusuk,38,0,1,1,1,Orta,SMS
YKM09404,51,129,30351.007325886094,31222.96884434427,4,Yuksek,40,0,0,0,0,Yuksek,Eposta
YKM09405,61,83,22209.2525010714,35195.3812502863,4,Orta,30,0,2,1,0,Orta,Mobil_Bildirim
YKM09406,28,127,32895.34993884336,50509.80934546732,1,Orta,26,0,1,0,1,Orta,Eposta
YKM09407,39,21,20983.14776278384,33103.85990806998,3,Dusuk,47,1,2,1,1,Yuksek,Eposta
YKM09408,26,75,33631.67371673988,45399.19529032531,4,Orta,40,1,1,1,1,Orta,Mobil_Bildirim
YKM09409,51,102,43686.63103987008,27862.907636496453,4,Dusuk,32,0,2,1,1,Yuksek,Mobil_Bildirim
YKM09410,22,28,147512.3822833971,30265.542611993176,6,Dusuk,45,1,2,1,0,Orta,SMS
YKM09411,57,90,82246.17874514946,30594.59238565157,2,Dusuk,30,1,0,1,0,Dusuk,Mobil_Bildirim
YKM09412,56,134,51769.549547057344,44630.6264145042,4,Yuksek,43,1,1,1,0,Yuksek,Eposta
YKM09413,21,116,32750.841640865692,32326.773370108276,5,Dusuk,42,1,0,0,0,Orta,Mobil_Bildirim
YKM09414,47,117,25573.38579968214,12231.819541948274,2,Dusuk,37,1,3,0,1,Yuksek,Mobil_Bildirim
YKM09415,50,107,22252.341021945453,27008.343634994824,3,Orta,48,0,4,1,0,Orta,Eposta
YKM09416,21,16,16986.392051740062,13869.538378400368,6,Orta,43,0,4,1,1,Orta,Eposta
YKM09417,64,9,28798.788443475125,12780.768434111062,2,Orta,48,0,1,1,1,Orta,SMS
YKM09418,51,49,36766.07661226637,68557.05205281732,1,Dusuk,32,0,2,1,0,Yuksek,SMS
YKM09419,28,164,45137.73998399562,33069.57306010733,6,Yuksek,39,0,0,1,1,Orta,Eposta
YKM09420,58,155,46527.91109015732,32398.211652344693,4,Orta,32,1,2,1,1,Yuksek,Eposta
YKM09421,64,112,33884.03577111098,7299.121021439015,6,Orta,38,0,0,1,1,Orta,SMS
YKM09422,27,113,38840.95325715136,43448.06545121047,1,Yuksek,46,1,2,1,1,Yuksek,Mobil_Bildirim
YKM09423,42,107,100025.21127629309,26469.71293002936,5,Orta,37,1,0,1,1,Orta,Eposta
YKM09424,64,17,58433.27328693802,14155.754811297575,2,Dusuk,27,0,2,1,0,Orta,Mobil_Bildirim
YKM09425,40,93,76961.76147673091,31223.08763429306,5,Orta,36,0,2,0,1,Yuksek,Mobil_Bildirim
YKM09426,27,117,27860.648958594626,22691.437937230898,2,Orta,35,0,1,0,0,Orta,SMS
YKM09427,42,117,72835.66335442635,19542.861413030132,4,Yuksek,47,0,1,1,0,Yuksek,Eposta
YKM09428,53,105,75499.30592554499,27844.208357186504,6,Yuksek,32,0,3,1,1,Orta,Mobil_Bildirim
YKM09429,42,98,28823.146848826953,15320.723974683384,5,Dusuk,38,0,1,1,1,Orta,SMS
YKM09430,26,45,43633.64290027348,9463.155371064284,2,Orta,30,1,2,1,0,Orta,SMS
YKM09431,44,112,40288.4038894929,23680.82721340425,3,Dusuk,38,0,2,1,0,Yuksek,SMS
YKM09432,57,11,20748.912516261324,26112.754350534855,1,Dusuk,28,0,2,1,0,Yuksek,Mobil_Bildirim
YKM09433,36,42,25722.898106161596,21531.338553092985,2,Orta,27,1,2,1,0,Orta,Mobil_Bildirim
YKM09434,27,189,55254.92273810958,19049.565073472895,3,Dusuk,43,0,2,0,0,Orta,SMS
YKM09435,46,107,38113.326429657354,20477.864101420215,3,Orta,36,0,2,1,1,Orta,Eposta
YKM09436,29,6,37253.755407130724,47756.20569627489,3,Yuksek,38,1,2,1,1,Yuksek,Mobil_Bildirim
YKM09437,41,75,56419.089538133914,19032.730045796845,6,Yuksek,40,0,2,0,1,Orta,SMS
YKM09438,52,27,24808.84199697255,47504.308341341755,3,Yuksek,39,1,0,1,1,Dusuk,Mobil_Bildirim
YKM09439,33,34,43161.122917522094,36770.69157257722,4,Yuksek,43,0,3,1,1,Orta,SMS
YKM09440,27,121,27143.022853423186,17885.447235534997,2,Orta,37,0,0,0,1,Dusuk,Mobil_Bildirim
YKM09441,55,121,28824.83040377645,30616.340070369166,5,Dusuk,39,1,3,1,1,Yuksek,Mobil_Bildirim
YKM09442,58,119,70993.86622175158,21863.75000663832,5,Orta,32,0,0,1,0,Orta,Mobil_Bildirim
YKM09443,21,77,24299.52809750697,31472.605301220516,6,Dusuk,41,1,1,1,0,Dusuk,Mobil_Bildirim
YKM09444,46,143,48837.560944315956,36051.93319741053,4,Orta,34,0,0,1,1,Yuksek,Mobil_Bildirim
YKM09445,55,87,29418.292991760492,22948.708128042726,6,Orta,42,0,4,1,1,Yuksek,Mobil_Bildirim
YKM09446,63,11,34294.29147706686,22218.88767681239,4,Yuksek,53,0,5,0,0,Yuksek,Eposta
YKM09447,22,138,46522.71118346473,98493.34047678452,3,Orta,36,1,2,1,1,Orta,Mobil_Bildirim
YKM09448,35,79,33767.09796151112,35081.00352835809,2,Orta,54,0,2,1,1,Orta,SMS
YKM09449,61,150,19484.82433963494,22248.7143902018,6,Yuksek,43,1,1,1,1,Yuksek,SMS
YKM09450,62,71,29308.351629430606,47223.23704949694,6,Yuksek,38,0,3,1,1,Dusuk,Mobil_Bildirim
YKM09451,65,75,58537.075082029674,13158.12882238655,1,Dusuk,49,0,1,1,0,Yuksek,Eposta
YKM09452,34,22,34829.7554451331,15368.21821780425,4,Yuksek,49,1,0,1,0,Yuksek,SMS
YKM09453,50,57,59110.76636167773,15224.320217922696,2,Yuksek,39,0,2,1,1,Orta,SMS
YKM09454,35,84,77486.76696803354,23331.68198773145,2,Dusuk,43,1,3,1,1,Yuksek,SMS
YKM09455,39,93,65554.10819960483,19224.090019175164,4,Orta,39,1,2,1,1,Orta,Mobil_Bildirim
YKM09456,58,60,22136.962443271885,19322.39973974104,4,Orta,41,1,1,1,1,Dusuk,SMS
YKM09457,48,136,34947.12583783903,47412.54455549147,2,Dusuk,32,0,0,1,0,Orta,Mobil_Bildirim
YKM09458,40,149,59922.86090608928,14830.632660540954,6,Dusuk,33,0,2,1,0,Dusuk,Eposta
YKM09459,52,180,31865.81268779339,28538.82987599183,4,Orta,27,0,0,1,0,Orta,SMS
YKM09460,32,117,32566.90221296566,34119.56280350102,1,Orta,40,0,1,1,1,Yuksek,Mobil_Bildirim
YKM09461,25,173,93542.39324009207,20211.190764798885,1,Dusuk,41,0,3,1,0,Dusuk,Mobil_Bildirim
YKM09462,33,77,45865.97222050602,50800.42485923903,4,Orta,38,0,2,1,1,Dusuk,Eposta
YKM09463,46,73,72415.9160768573,21337.06759049077,4,Yuksek,36,0,2,1,1,Yuksek,Mobil_Bildirim
YKM09464,41,170,47675.561753433336,53286.98197959816,4,Yuksek,35,0,0,1,0,Dusuk,Mobil_Bildirim
YKM09465,31,125,59491.35920898515,26637.607327483733,2,Yuksek,34,0,1,1,1,Orta,Mobil_Bildirim
YKM09466,38,13,17380.287472612807,50952.94192950185,2,Dusuk,46,0,3,1,1,Orta,Eposta
YKM09467,22,113,31586.381742545425,21846.883783293684,5,Yuksek,48,1,1,1,0,Dusuk,Mobil_Bildirim
YKM09468,23,57,23911.340347157628,15177.81557060968,3,Orta,43,0,1,0,1,Orta,Mobil_Bildirim
YKM09469,47,77,51283.35387164484,49971.69725284246,1,Yuksek,32,0,0,1,0,Yuksek,Mobil_Bildirim
YKM09470,23,58,48445.92341030617,11543.769235639258,6,Dusuk,40,0,0,1,1,Orta,SMS
YKM09471,57,166,42292.373931142225,13233.532736805893,1,Yuksek,43,0,2,1,0,Orta,Eposta
YKM09472,38,1,39923.353041514674,13735.39393382452,5,Orta,40,0,2,1,1,Dusuk,Mobil_Bildirim
YKM09473,44,166,38507.75500346727,26498.03967280165,6,Yuksek,48,1,1,1,1,Orta,SMS
YKM09474,68,130,38454.28474076024,15365.031577461521,4,Yuksek,45,1,1,1,1,Yuksek,Mobil_Bildirim
YKM09475,38,68,45031.28630751964,42344.86400791013,1,Yuksek,39,0,1,1,0,Orta,Eposta
YKM09476,66,93,46126.94082524103,37033.911745389654,5,Yuksek,28,0,1,1,1,Orta,SMS
YKM09477,35,100,74941.61358681791,27093.53865548965,6,Orta,31,0,1,0,1,Dusuk,SMS
YKM09478,44,36,65580.82821766027,23012.616525727444,6,Yuksek,42,0,2,1,1,Orta,Mobil_Bildirim
YKM09479,53,124,69399.65743389624,39525.18281043323,6,Dusuk,28,1,1,1,0,Orta,SMS
YKM09480,30,70,27084.319548642852,12070.079680369958,3,Yuksek,32,0,1,1,1,Dusuk,Mobil_Bildirim
YKM09481,32,69,27151.581734142877,14173.054548610866,6,Orta,38,1,0,1,1,Orta,Mobil_Bildirim
YKM09482,53,1,41171.92650156717,24734.132810318137,3,Orta,34,1,2,1,0,Dusuk,SMS
YKM09483,58,53,70044.6241941565,30878.919974905064,6,Orta,40,0,3,1,1,Orta,Eposta
YKM09484,60,124,25896.607761974414,60969.34453169685,3,Yuksek,31,0,1,1,1,Orta,Eposta
YKM09485,20,66,33804.67061224133,10783.113295090836,6,Dusuk,31,0,4,1,1,Yuksek,Eposta
YKM09486,47,83,30945.756561889513,25572.728655688312,3,Yuksek,39,0,0,1,1,Orta,Eposta
YKM09487,42,184,52724.671271697836,43952.06454904376,5,Dusuk,35,0,5,1,1,Orta,Mobil_Bildirim
YKM09488,28,104,20525.818085204584,24071.49219975752,5,Yuksek,35,1,4,1,0,Dusuk,Mobil_Bildirim
YKM09489,39,162,50969.18598313208,26615.123057606972,2,Dusuk,41,1,1,0,0,Orta,Mobil_Bildirim
YKM09490,34,76,44577.09247469383,31853.864859732996,6,Orta,23,1,0,1,1,Orta,Mobil_Bildirim
YKM09491,24,54,45295.998340960476,25992.868691883403,6,Orta,36,1,1,1,1,Orta,SMS
YKM09492,45,25,41557.75208240026,14136.420018911938,2,Yuksek,37,0,0,1,1,Orta,SMS
YKM09493,33,67,65906.02595951293,18307.32697046574,3,Yuksek,35,0,1,0,0,Orta,SMS
YKM09494,55,78,97723.11198786918,58870.47685996451,4,Dusuk,40,0,1,1,1,Yuksek,Mobil_Bildirim
YKM09495,32,128,43131.74652796242,18412.87557569335,4,Yuksek,23,0,1,1,0,Dusuk,SMS
YKM09496,57,136,66953.38922634053,33146.82250204356,3,Orta,39,0,1,1,1,Orta,Eposta
YKM09497,57,84,21639.402968470866,24391.996750547314,6,Orta,40,1,0,1,0,Yuksek,Mobil_Bildirim
YKM09498,42,151,58048.93071512182,42852.72731152867,6,Orta,35,0,0,1,1,Yuksek,SMS
YKM09499,33,69,63716.44234232449,18120.266503665138,6,Yuksek,40,0,3,1,1,Yuksek,Mobil_Bildirim
YKM09500,38,64,68483.38886592537,14375.125984084365,1,Orta,32,0,1,1,1,Yuksek,Mobil_Bildirim
YKM09501,40,45,28447.2765495131,8335.549177833107,5,Orta,38,0,2,1,1,Yuksek,SMS
YKM09502,39,68,19323.42114667918,21813.96273997243,6,Orta,40,0,3,1,1,Yuksek,Mobil_Bildirim
YKM09503,23,12,41101.244812742145,11357.569081732443,4,Orta,47,0,1,1,0,Orta,Eposta
YKM09504,62,16,61643.07600730776,34515.66099382729,2,Dusuk,39,0,1,1,0,Yuksek,Eposta
YKM09505,25,60,23977.623663723767,54345.65167369316,3,Orta,35,1,1,1,1,Dusuk,SMS
YKM09506,46,45,63280.11164298525,22881.976550926393,6,Yuksek,38,0,2,1,1,Orta,Mobil_Bildirim
YKM09507,38,55,73443.55263126727,23231.82180010354,6,Yuksek,36,0,2,0,1,Yuksek,Mobil_Bildirim
YKM09508,59,17,38042.561738548044,53262.7977453985,1,Yuksek,40,0,0,0,1,Orta,Mobil_Bildirim
YKM09509,36,70,23568.644561041092,16227.550756215893,5,Dusuk,37,0,0,1,1,Orta,SMS
YKM09510,26,65,107508.27616143304,11938.95899455061,3,Orta,37,0,3,1,1,Dusuk,SMS
YKM09511,61,92,50993.82369748826,20692.198372834428,4,Orta,54,0,3,0,1,Dusuk,Mobil_Bildirim
YKM09512,66,172,36338.328389701004,13273.976046928035,1,Yuksek,34,0,3,1,0,Yuksek,Eposta
YKM09513,64,24,51731.11812628129,36391.07093917726,2,Orta,31,0,0,0,0,Dusuk,Mobil_Bildirim
YKM09514,35,50,81894.60256872856,23517.62297267124,6,Yuksek,34,0,1,1,0,Orta,Mobil_Bildirim
YKM09515,43,15,34857.93069829616,42757.65042214213,6,Orta,43,0,1,1,1,Yuksek,Mobil_Bildirim
YKM09516,24,60,89348.27985752311,18424.298061627378,1,Yuksek,36,0,1,1,1,Yuksek,Mobil_Bildirim
YKM09517,46,1,60220.96586157912,39870.392213430394,6,Yuksek,35,1,1,1,1,Yuksek,SMS
YKM09518,51,145,41338.69101279445,54313.12407010118,4,Dusuk,35,1,1,1,0,Yuksek,Mobil_Bildirim
YKM09519,63,1,82897.17251325204,34611.41724102734,2,Orta,37,0,1,0,0,Yuksek,Mobil_Bildirim
YKM09520,22,46,107014.62283418728,14405.116649218224,2,Dusuk,29,0,0,1,1,Orta,Mobil_Bildirim
YKM09521,54,122,57985.493675053425,25774.259191135545,4,Orta,37,0,0,1,0,Orta,Mobil_Bildirim
YKM09522,29,10,29714.255428334436,14889.336695751317,2,Yuksek,63,1,4,1,0,Orta,Mobil_Bildirim
YKM09523,49,69,41984.790481387885,32058.536646322813,5,Orta,36,0,1,1,1,Yuksek,Mobil_Bildirim
YKM09524,25,164,49371.886912665264,33168.2380056092,4,Dusuk,49,0,3,1,1,Orta,Mobil_Bildirim
YKM09525,28,126,46169.115537253434,32066.35517961029,5,Orta,48,0,0,1,0,Yuksek,Eposta
YKM09526,67,26,81025.5431355483,26393.394752219483,1,Dusuk,37,0,0,1,1,Yuksek,SMS
YKM09527,60,165,59077.64970972463,26868.46551785278,4,Orta,28,1,3,0,1,Orta,Mobil_Bildirim
YKM09528,51,134,45308.0716846087,46951.06138585386,2,Orta,39,0,1,1,1,Dusuk,Mobil_Bildirim
YKM09529,65,36,46041.55267954996,22832.608684598745,1,Yuksek,42,0,1,1,1,Yuksek,Mobil_Bildirim
YKM09530,50,103,121535.66700562029,12259.697415041657,5,Dusuk,33,0,2,1,0,Yuksek,Mobil_Bildirim
YKM09531,57,40,45785.89477218363,28473.67609140534,2,Orta,36,1,0,1,1,Orta,Mobil_Bildirim
YKM09532,20,159,103418.96544669081,51089.15571702772,5,Yuksek,50,1,3,1,0,Dusuk,Mobil_Bildirim
YKM09533,40,83,48534.01396557885,37446.48071538603,4,Yuksek,32,0,2,1,0,Yuksek,Eposta
YKM09534,44,8,71000.20057086762,48465.56700714024,4,Dusuk,48,0,3,1,0,Orta,SMS
YKM09535,64,160,62006.7246775578,22802.004748443313,3,Yuksek,35,1,2,1,1,Orta,Eposta
YKM09536,46,14,39329.28620073569,19755.55929027184,1,Yuksek,43,1,0,0,1,Yuksek,Eposta
YKM09537,46,107,45583.411347598616,43825.14148912297,5,Yuksek,41,1,2,1,1,Dusuk,Mobil_Bildirim
YKM09538,58,139,33236.18944475779,31217.265907438097,6,Yuksek,50,1,0,0,1,Orta,Eposta
YKM09539,37,1,28589.207763535924,26187.64225607233,5,Orta,40,1,3,1,1,Yuksek,SMS
YKM09540,31,8,30686.532876728113,69732.92227189169,2,Yuksek,29,1,1,0,1,Orta,Mobil_Bildirim
YKM09541,47,113,21500.313608007535,77753.88711190116,1,Dusuk,46,0,3,1,1,Orta,Mobil_Bildirim
YKM09542,22,29,51262.880295594936,47559.725565124645,1,Orta,26,1,0,1,0,Orta,SMS
YKM09543,52,86,102873.67091467151,66169.39465076778,2,Yuksek,41,0,5,1,1,Yuksek,SMS
YKM09544,60,143,53213.218859043904,57819.30350219242,2,Orta,35,0,1,1,1,Yuksek,Mobil_Bildirim
YKM09545,68,161,49164.176749681166,64733.40327005722,2,Orta,53,1,1,1,1,Yuksek,Mobil_Bildirim
YKM09546,51,60,65265.74509234423,26513.481445587095,3,Yuksek,32,0,0,1,1,Yuksek,Mobil_Bildirim
YKM09547,55,45,78358.10119652946,48907.22379124121,3,Yuksek,33,0,1,1,0,Orta,SMS
YKM09548,40,112,57781.524467915406,34903.19569139566,3,Orta,37,0,2,1,1,Orta,Mobil_Bildirim
YKM09549,67,153,39402.533407058,52968.383302723065,1,Orta,39,0,2,1,1,Orta,SMS
YKM09550,58,111,55718.36963034677,28291.54789951794,4,Dusuk,22,0,0,1,1,Dusuk,Mobil_Bildirim
YKM09551,49,79,22312.273132261842,20085.87127900159,1,Dusuk,49,0,5,1,1,Orta,Eposta
YKM09552,48,30,75612.07122974118,23800.557834355855,5,Yuksek,34,0,3,1,1,Yuksek,Mobil_Bildirim
YKM09553,25,108,60070.17751756119,15425.254476586868,5,Yuksek,45,1,0,1,0,Yuksek,SMS
YKM09554,47,85,47885.89717133468,49913.37619821148,1,Yuksek,33,0,0,1,0,Yuksek,Mobil_Bildirim
YKM09555,52,128,41827.79200289487,13837.103216816138,5,Yuksek,37,1,3,1,1,Yuksek,Eposta
YKM09556,59,53,25980.504388643894,41632.745997773665,5,Yuksek,46,0,2,1,0,Yuksek,Mobil_Bildirim
YKM09557,26,126,69649.06714270437,50304.932335502774,5,Yuksek,38,0,2,1,1,Yuksek,Mobil_Bildirim
YKM09558,32,6,33556.402880865266,13988.4475375978,3,Dusuk,25,0,1,1,1,Yuksek,Mobil_Bildirim
YKM09559,48,1,28194.983105381038,35349.16842435382,3,Orta,39,1,0,1,0,Orta,Eposta
YKM09560,54,108,76937.54072802335,27679.390633840427,3,Yuksek,29,0,0,0,0,Orta,SMS
YKM09561,40,105,79368.589085486,36734.689257718936,6,Orta,34,0,2,1,1,Orta,Eposta
YKM09562,66,130,68961.69935198785,34789.01961868324,3,Dusuk,34,0,2,1,1,Yuksek,SMS
YKM09563,57,82,50371.37949436317,30288.433983816627,6,Dusuk,41,0,2,1,1,Orta,Mobil_Bildirim
YKM09564,69,76,45893.47100705135,44197.74399895833,5,Orta,27,0,3,1,0,Dusuk,Eposta
YKM09565,34,133,67737.87040907858,26348.6211230097,4,Dusuk,40,1,0,1,0,Yuksek,Eposta
YKM09566,37,155,13701.625400387005,13437.157144358529,5,Orta,50,0,2,1,1,Orta,Mobil_Bildirim
YKM09567,42,147,27530.115859023892,24014.581360215452,4,Orta,44,0,1,1,0,Yuksek,SMS
YKM09568,34,78,85465.19340821455,13323.615836236513,5,Orta,30,1,1,1,0,Orta,SMS
YKM09569,63,54,44263.83635550629,32460.25671035822,2,Orta,42,0,2,1,1,Yuksek,SMS
YKM09570,56,18,89919.53241383862,9353.857738778994,5,Yuksek,55,0,2,1,1,Orta,SMS
YKM09571,47,81,27699.44367767542,10851.142978526508,3,Orta,24,0,1,0,1,Dusuk,Mobil_Bildirim
YKM09572,54,8,51473.16584696027,18069.68768038872,6,Orta,28,0,3,0,0,Orta,Mobil_Bildirim
YKM09573,22,10,38030.658156513186,30195.528878133693,6,Yuksek,50,1,1,1,1,Orta,SMS
YKM09574,44,93,53710.527131027244,23278.61401570225,6,Yuksek,40,0,1,1,1,Orta,SMS
YKM09575,49,122,25551.095014744977,20478.68732417223,6,Dusuk,37,1,0,0,1,Yuksek,Mobil_Bildirim
YKM09576,42,133,61814.26307020453,26863.061473715625,6,Orta,38,0,0,1,1,Dusuk,Mobil_Bildirim
YKM09577,35,75,43402.413062312706,28771.680019066378,1,Yuksek,43,0,0,0,1,Yuksek,Mobil_Bildirim
YKM09578,46,122,57270.95738531986,21283.19540356451,3,Yuksek,35,1,3,0,0,Orta,Mobil_Bildirim
YKM09579,62,155,38266.890209309415,14199.14779754801,6,Orta,36,1,1,0,0,Yuksek,Mobil_Bildirim
YKM09580,58,52,62953.00294258274,45747.0020324982,5,Yuksek,27,0,0,0,1,Orta,Mobil_Bildirim
YKM09581,20,133,36482.95058472057,44364.87368267963,4,Orta,36,0,0,0,0,Orta,Eposta
YKM09582,20,131,117834.2027359009,120386.7714347278,6,Orta,34,1,0,1,1,Orta,Mobil_Bildirim
YKM09583,28,38,67432.3343304248,36321.7591661823,6,Orta,37,0,1,1,1,Yuksek,Mobil_Bildirim
YKM09584,53,98,52460.72550703997,48658.03384862142,5,Dusuk,37,1,1,1,0,Yuksek,Mobil_Bildirim
YKM09585,29,97,122878.88845105383,12098.769477893631,6,Orta,34,0,4,1,0,Yuksek,Mobil_Bildirim
YKM09586,42,84,39466.76457920065,17477.3773652307,6,Orta,55,1,2,1,0,Orta,SMS
YKM09587,56,30,101640.41683171359,29627.935051206347,4,Yuksek,24,1,2,1,1,Yuksek,Eposta
YKM09588,69,109,34344.3909778969,26741.968050054875,4,Dusuk,35,0,2,0,1,Yuksek,Mobil_Bildirim
YKM09589,52,47,76051.612724486,22194.046076053604,6,Dusuk,46,0,2,0,0,Dusuk,SMS
YKM09590,31,143,39604.740585483916,32356.351857428548,1,Dusuk,37,1,2,1,0,Dusuk,Eposta
YKM09591,59,7,64253.98861208245,17481.969444702416,2,Orta,32,0,1,1,0,Yuksek,SMS
YKM09592,32,173,78995.67329079966,50792.816379787415,2,Yuksek,36,0,1,0,0,Orta,Mobil_Bildirim
YKM09593,65,117,20211.888748448197,37390.729699179756,4,Dusuk,35,1,0,1,0,Orta,Mobil_Bildirim
YKM09594,32,1,32880.24286738469,40772.5764989571,1,Orta,45,0,0,1,0,Orta,Mobil_Bildirim
YKM09595,53,29,37061.42537026868,63388.771679877376,1,Orta,35,0,0,1,1,Yuksek,Eposta
YKM09596,52,52,65544.38391079033,12502.697144850428,2,Yuksek,34,0,1,0,0,Orta,Eposta
YKM09597,39,38,40052.50144897698,7115.247396500946,4,Orta,46,1,0,1,1,Orta,Mobil_Bildirim
YKM09598,39,127,42301.876905109195,19537.253954064712,2,Orta,35,1,0,1,1,Orta,Mobil_Bildirim
YKM09599,66,136,75379.73153179866,11555.614825532486,6,Orta,42,0,1,1,1,Orta,Mobil_Bildirim
YKM09600,29,66,23020.376169500698,14351.264332583314,3,Orta,49,0,2,0,1,Dusuk,Mobil_Bildirim
YKM09601,47,53,30202.299740424645,11704.299519356802,6,Orta,39,1,4,1,1,Orta,SMS
YKM09602,38,7,44269.85181184019,38866.168632231536,4,Orta,49,0,3,0,1,Yuksek,Eposta
YKM09603,26,65,67810.66481513866,14419.563578883155,4,Dusuk,33,0,1,1,1,Orta,Eposta
YKM09604,65,129,73917.12567683542,28387.40295752047,2,Yuksek,41,0,2,1,1,Yuksek,Mobil_Bildirim
YKM09605,45,5,34921.207466186956,20348.001900369578,1,Yuksek,46,1,0,0,1,Yuksek,Eposta
YKM09606,30,66,52615.59302879626,30929.87644376628,3,Orta,47,0,0,0,1,Orta,SMS
YKM09607,25,25,54088.87101948542,9700.963258096486,4,Yuksek,51,0,2,1,1,Orta,SMS
YKM09608,26,49,31706.361520814247,29641.063479737448,2,Dusuk,35,1,0,1,1,Orta,Eposta
YKM09609,70,84,68782.05183212076,33607.40870006288,3,Dusuk,39,1,1,1,0,Yuksek,Mobil_Bildirim
YKM09610,35,102,58305.70132614005,24558.35746373922,1,Dusuk,41,1,0,1,1,Orta,Mobil_Bildirim
YKM09611,27,7,27126.49045245877,21437.979008727656,1,Orta,31,0,0,1,0,Orta,Mobil_Bildirim
YKM09612,53,24,45124.21751667693,55374.91484077664,2,Orta,37,1,3,1,1,Orta,Mobil_Bildirim
YKM09613,34,136,60575.45057799517,12632.296601100543,1,Dusuk,43,1,0,1,0,Dusuk,Mobil_Bildirim
YKM09614,54,79,66159.53425517697,16350.018571969515,1,Yuksek,36,0,0,1,0,Yuksek,Eposta
YKM09615,36,1,39551.50095644334,27419.698125531635,5,Dusuk,38,0,3,1,1,Orta,SMS
YKM09616,31,143,133547.28608257044,21318.464963044014,3,Orta,32,0,2,0,0,Orta,SMS
YKM09617,30,164,98464.42680896352,24814.390791503105,4,Dusuk,52,1,0,1,1,Yuksek,Mobil_Bildirim
YKM09618,65,149,21414.954152476374,35321.2447172342,6,Dusuk,59,0,0,1,0,Yuksek,SMS
YKM09619,30,149,25068.09166245237,31073.983568426924,2,Orta,27,1,3,1,0,Yuksek,Mobil_Bildirim
YKM09620,40,124,57621.91282192382,41317.28845754292,4,Yuksek,43,1,2,1,1,Orta,Mobil_Bildirim
YKM09621,38,68,24807.191217773587,49310.64854726521,5,Yuksek,33,0,0,1,1,Dusuk,Mobil_Bildirim
YKM09622,59,15,21385.577546281456,57172.910429956115,4,Yuksek,23,0,5,1,1,Yuksek,SMS
YKM09623,24,113,36148.41429081908,41187.641648008575,4,Dusuk,27,0,1,1,0,Orta,Eposta
YKM09624,23,65,42435.102554264755,47725.62894968476,3,Yuksek,36,1,2,1,0,Orta,Mobil_Bildirim
YKM09625,38,26,32206.38893385568,26067.64762200534,1,Orta,31,1,0,1,1,Yuksek,Mobil_Bildirim
YKM09626,49,29,66297.38943246471,22356.12049426619,5,Yuksek,30,1,0,1,1,Orta,SMS
YKM09627,51,45,69223.6947644035,16734.96057079874,3,Orta,37,0,0,0,1,Yuksek,SMS
YKM09628,24,19,30706.1207865352,25821.794857623514,1,Orta,34,0,3,1,1,Orta,Eposta
YKM09629,60,121,73933.17201908355,17972.185502944536,1,Dusuk,32,1,1,1,1,Dusuk,Mobil_Bildirim
YKM09630,37,1,33694.55415325398,30435.439665780286,2,Yuksek,41,1,1,0,1,Dusuk,SMS
YKM09631,64,142,25986.650254216816,25418.550580397754,4,Yuksek,22,0,2,1,1,Orta,Mobil_Bildirim
YKM09632,61,93,14682.627357695506,52299.131125483844,2,Yuksek,47,0,2,1,1,Yuksek,Mobil_Bildirim
YKM09633,39,81,43117.20814356663,26580.386583373274,4,Orta,37,1,1,1,1,Dusuk,SMS
YKM09634,50,3,81842.0952534448,18127.167849833728,6,Orta,31,0,2,1,1,Yuksek,SMS
YKM09635,64,30,60345.4197690682,16281.540220266246,4,Orta,35,0,2,1,0,Dusuk,Mobil_Bildirim
YKM09636,33,39,41077.3429857405,65666.28614225547,4,Dusuk,31,0,2,1,1,Dusuk,Mobil_Bildirim
YKM09637,46,33,51564.80872528714,31382.2506905854,2,Orta,29,0,1,1,1,Dusuk,Eposta
YKM09638,65,85,32637.80369246841,38219.154185865504,1,Dusuk,31,1,1,1,1,Orta,Mobil_Bildirim
YKM09639,45,46,40272.42082517862,39420.881694622636,5,Orta,49,0,2,1,0,Dusuk,Mobil_Bildirim
YKM09640,40,86,66182.79113350248,32268.723758358818,4,Orta,47,1,3,0,1,Yuksek,Mobil_Bildirim
YKM09641,62,8,32526.207896378877,18237.333056995863,1,Yuksek,38,1,0,1,0,Orta,Eposta
YKM09642,26,43,49854.704797134575,25379.37104460982,5,Dusuk,28,0,3,1,1,Dusuk,Mobil_Bildirim
YKM09643,49,48,68381.75843007838,123284.30107487805,6,Yuksek,33,0,0,1,1,Orta,Mobil_Bildirim
YKM09644,33,23,53053.40090692339,29574.348610047306,3,Orta,50,0,1,0,0,Yuksek,Mobil_Bildirim
YKM09645,51,12,80765.48180870023,17298.286617512724,6,Orta,26,0,2,1,1,Yuksek,SMS
YKM09646,45,42,39944.31307419251,30721.389755212484,1,Dusuk,32,0,0,1,0,Orta,Eposta
YKM09647,64,168,50769.10330569126,16960.0632456507,2,Orta,35,1,3,1,1,Yuksek,Mobil_Bildirim
YKM09648,63,78,29900.348588629502,15968.804596650318,1,Yuksek,43,1,4,1,0,Yuksek,SMS
YKM09649,58,32,71453.69922761731,25341.826049167834,6,Yuksek,33,1,0,1,1,Yuksek,Mobil_Bildirim
YKM09650,42,108,53875.2130809899,17760.236887916995,2,Yuksek,31,0,3,1,1,Orta,Mobil_Bildirim
YKM09651,66,40,37698.86039838968,13747.846194173278,5,Orta,47,0,0,1,1,Orta,Eposta
YKM09652,54,115,69375.49344330173,49041.9677732582,6,Orta,43,0,1,1,0,Yuksek,Mobil_Bildirim
YKM09653,22,163,67371.38484250336,50511.928249589786,6,Yuksek,34,0,1,0,1,Yuksek,SMS
YKM09654,41,87,88878.27119863711,52397.5543369329,3,Orta,41,0,0,0,1,Dusuk,Eposta
YKM09655,33,186,28347.333635450064,23538.172869450595,5,Yuksek,43,0,1,1,0,Orta,Mobil_Bildirim
YKM09656,20,24,11977.079945821915,18017.49789689306,1,Orta,35,0,1,1,1,Yuksek,Eposta
YKM09657,51,164,63544.93047182663,52995.82017326428,2,Yuksek,43,0,2,1,1,Yuksek,Mobil_Bildirim
YKM09658,32,122,30850.31752240119,24137.070369446086,5,Orta,42,0,2,1,1,Dusuk,Eposta
YKM09659,39,58,87735.20651821789,27370.302616501725,6,Yuksek,39,0,2,1,1,Orta,Mobil_Bildirim
YKM09660,36,12,23243.134499779873,21886.607819189136,3,Orta,46,0,2,1,1,Orta,SMS
YKM09661,49,2,46676.97719248555,35630.9606528081,3,Orta,35,0,0,1,1,Orta,SMS
YKM09662,47,101,40614.81399353087,28866.193533284808,2,Orta,42,0,3,1,0,Dusuk,Eposta
YKM09663,60,141,31021.87068376033,35357.50601422382,1,Yuksek,39,1,0,1,1,Orta,SMS
YKM09664,46,171,39102.37290165322,37222.048057612104,3,Yuksek,53,0,2,1,1,Yuksek,Mobil_Bildirim
YKM09665,45,44,102971.68559673418,25894.43650860898,1,Orta,28,0,1,1,0,Yuksek,Mobil_Bildirim
YKM09666,66,89,76490.76876999611,12909.515558486983,3,Orta,44,0,2,1,1,Orta,Mobil_Bildirim
YKM09667,20,27,70681.81128210494,13530.619985096824,5,Orta,29,0,1,1,1,Yuksek,Mobil_Bildirim
YKM09668,46,127,71603.47516209856,22583.045069031312,2,Orta,36,0,2,1,1,Yuksek,Mobil_Bildirim
YKM09669,27,53,66556.19699920379,25010.080833324708,2,Orta,27,0,3,1,0,Yuksek,SMS
YKM09670,42,30,129585.02511677022,15962.972032712738,3,Yuksek,47,0,1,1,0,Dusuk,Mobil_Bildirim
YKM09671,30,110,48137.49443699862,19776.380424047966,6,Orta,44,1,3,1,1,Dusuk,Mobil_Bildirim
YKM09672,44,100,26473.106481601255,20994.759983823085,6,Dusuk,36,0,1,1,1,Orta,Eposta
YKM09673,51,136,72603.58881300058,44806.33153679633,2,Yuksek,39,0,1,1,0,Orta,Mobil_Bildirim
YKM09674,30,16,22147.682939273618,21124.943125227714,2,Dusuk,39,1,1,1,0,Yuksek,Mobil_Bildirim
YKM09675,62,20,27934.417519180013,24188.34909027198,5,Dusuk,46,0,3,0,0,Yuksek,SMS
YKM09676,51,44,24275.816561240983,14904.087641394068,4,Yuksek,29,0,2,1,0,Dusuk,Mobil_Bildirim
YKM09677,42,102,57511.28465453272,33136.25497155611,2,Orta,45,0,3,1,1,Yuksek,SMS
YKM09678,45,48,25830.37455487683,16891.153099208437,5,Dusuk,49,0,3,1,0,Dusuk,SMS
YKM09679,20,147,27497.41530826728,29091.456231140884,5,Dusuk,29,1,1,0,1,Yuksek,Mobil_Bildirim
YKM09680,30,1,74070.02582556041,19545.778847050897,4,Orta,37,1,1,1,1,Yuksek,Eposta
YKM09681,62,133,70412.98786867491,17220.947337282407,2,Yuksek,22,0,2,1,1,Dusuk,Eposta
YKM09682,58,125,67756.24265591362,18849.077379748225,5,Orta,36,0,1,1,1,Dusuk,SMS
YKM09683,36,9,24990.90513729085,22568.44316135673,1,Dusuk,40,0,3,1,0,Orta,SMS
YKM09684,71,127,54453.11647473547,27833.205663802597,6,Orta,43,1,1,1,0,Yuksek,Mobil_Bildirim
YKM09685,67,161,45786.294976829085,19163.10888438355,5,Yuksek,43,1,2,1,1,Orta,SMS
YKM09686,51,173,52859.42882434316,31864.98153885957,4,Orta,35,1,0,1,0,Dusuk,Mobil_Bildirim
YKM09687,35,29,29060.05936294532,35301.1299112905,2,Dusuk,39,0,1,1,0,Yuksek,Mobil_Bildirim
YKM09688,34,28,52876.7161775943,17715.730791697017,1,Orta,39,1,2,1,0,Orta,SMS
YKM09689,62,30,77174.28176702514,13150.48650372344,3,Dusuk,34,1,0,1,0,Orta,Mobil_Bildirim
YKM09690,53,5,41315.81092948587,15160.137911166723,1,Orta,43,0,0,1,1,Orta,Mobil_Bildirim
YKM09691,55,139,33351.39598644957,29168.50252324502,3,Orta,46,0,2,1,0,Yuksek,SMS
YKM09692,28,104,56918.02245502118,16589.141467522153,2,Orta,41,1,2,1,1,Yuksek,Mobil_Bildirim
YKM09693,50,145,48887.246162485055,50799.767865365284,5,Yuksek,40,0,1,1,0,Yuksek,Eposta
YKM09694,70,71,54542.77139402045,11927.186120757286,5,Yuksek,33,1,0,0,0,Orta,Mobil_Bildirim
YKM09695,51,160,57146.285431722834,15492.165106196144,3,Yuksek,46,0,0,0,0,Yuksek,Eposta
YKM09696,23,120,25435.808216086694,13609.404478843655,5,Dusuk,33,0,4,1,1,Dusuk,Eposta
YKM09697,24,40,31972.025692485393,37486.44695120364,4,Orta,26,0,2,1,1,Dusuk,SMS
YKM09698,70,91,59702.77107392874,25295.08947652577,6,Yuksek,51,1,0,1,1,Yuksek,SMS
YKM09699,28,38,21391.319808890905,22663.48851970973,5,Dusuk,47,0,1,1,1,Yuksek,Mobil_Bildirim
YKM09700,24,114,33648.594259045785,22786.106875575235,5,Orta,32,1,2,1,1,Orta,SMS
YKM09701,45,96,26047.920488334883,12284.670363586974,6,Yuksek,48,0,2,0,1,Dusuk,Mobil_Bildirim
YKM09702,39,21,69321.39708698793,14780.294097327496,1,Orta,27,0,0,0,0,Yuksek,SMS
YKM09703,56,47,51422.32924199639,30253.08031380024,6,Yuksek,33,1,3,1,1,Orta,Eposta
YKM09704,30,139,47845.6088398848,17026.398336782884,4,Yuksek,40,0,0,1,1,Dusuk,Mobil_Bildirim
YKM09705,34,22,26295.136266851263,22753.070725498663,4,Dusuk,41,0,2,1,0,Orta,Mobil_Bildirim
YKM09706,22,65,49335.66675091407,12880.647583574879,1,Orta,41,1,3,1,1,Yuksek,SMS
YKM09707,48,91,49796.43393557787,19694.08748201107,2,Yuksek,35,0,1,1,1,Yuksek,Mobil_Bildirim
YKM09708,55,2,42381.623046800356,49510.745831570544,1,Yuksek,33,0,1,1,1,Dusuk,SMS
YKM09709,44,165,42131.9660876933,29392.167931567394,1,Yuksek,28,0,3,1,0,Yuksek,Eposta
YKM09710,50,74,77152.4968861074,19584.394445004826,5,Dusuk,38,0,1,1,0,Orta,Eposta
YKM09711,64,133,65170.621959348864,76817.64276941238,2,Yuksek,42,0,2,1,1,Yuksek,Mobil_Bildirim
YKM09712,39,159,76678.3680725724,61629.69167908108,6,Yuksek,55,0,1,1,1,Dusuk,SMS
YKM09713,32,109,52077.827170257464,44437.835630404996,6,Yuksek,43,0,3,0,1,Dusuk,Mobil_Bildirim
YKM09714,42,162,33530.92359163455,80716.97589923609,6,Yuksek,26,0,0,1,1,Dusuk,Mobil_Bildirim
YKM09715,40,117,54338.93325098517,23839.776088461178,6,Orta,43,1,1,0,0,Dusuk,Eposta
YKM09716,44,1,33965.66815436288,8260.371639237028,5,Dusuk,36,1,2,1,0,Orta,Mobil_Bildirim
YKM09717,42,85,102524.32567135946,16444.74117871519,4,Orta,44,1,1,1,1,Orta,Mobil_Bildirim
YKM09718,30,69,30074.39244837702,21802.51518865357,4,Yuksek,33,1,0,1,1,Orta,SMS
YKM09719,62,27,20344.963562700697,37677.96162862981,3,Orta,33,0,3,0,1,Yuksek,Eposta
YKM09720,33,47,162586.22524742788,27926.388877345722,5,Dusuk,34,0,1,1,0,Dusuk,Mobil_Bildirim
YKM09721,30,56,58795.507316194016,18529.691479440084,2,Orta,50,0,0,0,0,Dusuk,Mobil_Bildirim
YKM09722,24,169,33718.32689928607,43990.40588076645,1,Orta,34,0,3,1,1,Dusuk,Mobil_Bildirim
YKM09723,45,164,56167.87344146338,15559.088816487078,4,Yuksek,30,0,0,0,1,Orta,Eposta
YKM09724,27,139,45081.0084863363,31733.349201484136,2,Yuksek,32,1,1,1,0,Orta,Eposta
YKM09725,57,30,46335.38874723814,34250.14160688102,3,Yuksek,39,0,2,0,1,Yuksek,Eposta
YKM09726,36,162,17929.23261426843,23045.70606306407,1,Yuksek,50,0,1,1,0,Orta,Eposta
YKM09727,36,75,55105.925825616374,30929.113721811555,5,Orta,54,0,1,1,1,Dusuk,Mobil_Bildirim
YKM09728,29,77,17922.27663628229,36819.95965573832,6,Orta,38,0,1,1,1,Dusuk,Eposta
YKM09729,67,145,17753.812535958306,40372.147109955054,3,Yuksek,43,0,0,0,0,Orta,Mobil_Bildirim
YKM09730,72,44,48162.74691379387,34778.630861602694,2,Orta,41,0,0,1,0,Orta,Eposta
YKM09731,58,33,58004.93191964839,29988.513133352808,1,Dusuk,40,0,0,1,1,Yuksek,Mobil_Bildirim
YKM09732,46,25,48571.57233994171,14735.15686419198,3,Yuksek,32,0,3,1,0,Orta,SMS
YKM09733,41,32,41845.67399453765,8442.061448317121,2,Dusuk,35,0,0,1,0,Yuksek,Mobil_Bildirim
YKM09734,60,57,83115.43998609837,25751.97630478491,5,Yuksek,34,0,1,0,1,Yuksek,Mobil_Bildirim
YKM09735,29,42,34074.67903513993,52553.33528743659,4,Orta,32,1,2,0,1,Yuksek,SMS
YKM09736,33,187,45711.80675217778,24889.576753769896,6,Dusuk,26,0,4,1,0,Orta,SMS
YKM09737,64,47,30143.248328251542,46197.55944008165,4,Orta,29,0,2,0,0,Orta,Mobil_Bildirim
YKM09738,25,78,20981.93972613049,33398.158209108835,3,Dusuk,42,1,1,1,1,Yuksek,Eposta
YKM09739,34,148,37471.48295961832,14979.708170468952,4,Dusuk,37,0,1,1,1,Dusuk,Mobil_Bildirim
YKM09740,30,35,26950.541358702834,27183.669080952175,6,Orta,42,1,1,1,0,Dusuk,Mobil_Bildirim
YKM09741,45,18,39454.2625302508,49302.28855462184,3,Dusuk,39,1,0,1,1,Orta,SMS
YKM09742,28,18,49389.389964231195,14161.355154177021,2,Yuksek,47,0,1,0,1,Dusuk,SMS
YKM09743,52,30,67670.12108620697,63610.47710251087,5,Yuksek,38,0,4,1,1,Yuksek,Mobil_Bildirim
YKM09744,50,8,51390.92745182034,71598.57488626262,5,Yuksek,25,0,0,1,0,Yuksek,Mobil_Bildirim
YKM09745,50,8,67248.84387696716,20106.91075075671,5,Orta,37,0,1,1,0,Yuksek,SMS
YKM09746,61,90,49509.146132402435,23324.864788548522,4,Yuksek,39,0,6,1,0,Yuksek,Eposta
YKM09747,56,162,66733.74748189047,44261.65247179627,6,Orta,44,0,1,1,1,Orta,Eposta
YKM09748,33,94,34941.78631191109,63644.2711209758,1,Orta,37,0,1,1,1,Orta,Eposta
YKM09749,50,140,14843.938462986549,31595.286582652294,1,Orta,22,0,4,1,0,Orta,SMS
YKM09750,46,5,63168.31786194134,47500.0353996266,4,Yuksek,44,0,1,1,1,Yuksek,Mobil_Bildirim
YKM09751,44,42,47679.024371005245,26542.28836956197,4,Orta,50,1,1,1,0,Yuksek,Mobil_Bildirim
YKM09752,71,1,35580.32677936657,22963.80660475613,3,Yuksek,41,0,0,1,0,Orta,Eposta
YKM09753,30,100,67382.91354652768,20371.732705719176,1,Yuksek,40,0,2,1,0,Orta,Mobil_Bildirim
YKM09754,51,184,22656.768240578695,15924.74433578754,5,Orta,41,0,1,1,0,Yuksek,Mobil_Bildirim
YKM09755,67,17,20445.654019748148,11724.413616511487,6,Dusuk,43,0,2,1,1,Yuksek,Mobil_Bildirim
YKM09756,61,34,39312.88059677291,46457.59297337952,5,Orta,56,1,2,1,1,Orta,SMS
YKM09757,26,49,46004.928000327694,28305.43998365866,1,Orta,34,0,2,1,1,Dusuk,SMS
YKM09758,28,176,28773.528271790157,24273.948318992858,5,Yuksek,46,0,0,1,1,Orta,SMS
YKM09759,52,121,24062.684606653034,31237.58868098621,6,Dusuk,36,0,2,1,1,Orta,Eposta
YKM09760,47,12,37292.70416394303,43128.175252243556,4,Dusuk,42,0,0,1,0,Orta,Eposta
YKM09761,63,43,57790.538301408014,40144.43071105873,5,Yuksek,45,0,2,1,0,Orta,SMS
YKM09762,33,104,38516.28835736395,15878.741715094013,4,Dusuk,36,0,2,1,1,Orta,Mobil_Bildirim
YKM09763,67,21,65796.86633077386,21451.735614827827,3,Dusuk,25,1,0,1,1,Yuksek,SMS
YKM09764,24,132,48212.297576037236,49146.087263317924,2,Yuksek,41,0,2,1,1,Dusuk,SMS
YKM09765,42,128,47384.986529143,35939.796623153255,3,Yuksek,39,0,2,0,0,Dusuk,Mobil_Bildirim
YKM09766,29,64,53779.198364109034,15679.491991352399,4,Orta,34,0,2,1,0,Yuksek,SMS
YKM09767,23,25,50280.019487333186,11692.213365204972,1,Dusuk,42,0,3,1,0,Orta,Eposta
YKM09768,23,48,33523.51618729552,29524.021216061727,1,Yuksek,38,0,0,1,0,Orta,Mobil_Bildirim
YKM09769,68,100,60421.823051520674,20427.720465520866,4,Orta,45,0,4,1,0,Yuksek,SMS
YKM09770,44,114,79785.28359836781,11304.445979405979,2,Dusuk,29,0,2,1,1,Yuksek,SMS
YKM09771,37,142,42712.64827706863,23880.324097868965,4,Yuksek,43,1,0,1,1,Orta,Mobil_Bildirim
YKM09772,28,131,27582.36806843117,98770.08730738665,1,Yuksek,36,0,1,1,1,Orta,Mobil_Bildirim
YKM09773,57,126,34576.82808294231,21096.237978513785,4,Yuksek,28,0,2,0,1,Orta,Mobil_Bildirim
YKM09774,55,54,41203.42918702952,14924.302256618043,6,Orta,38,0,1,1,1,Orta,SMS
YKM09775,57,173,48522.978517009746,32640.00531048016,4,Orta,31,1,2,1,1,Yuksek,Eposta
YKM09776,60,163,28129.606227083135,18032.465477742855,1,Orta,47,1,1,1,0,Orta,Mobil_Bildirim
YKM09777,22,178,41259.53376687061,64634.56570708387,6,Yuksek,46,1,3,0,0,Orta,Eposta
YKM09778,48,23,38704.40776797782,58294.47520698371,4,Yuksek,42,1,0,0,1,Yuksek,Mobil_Bildirim
YKM09779,29,147,52692.922475573156,10961.735891979126,4,Orta,39,1,2,1,1,Yuksek,Eposta
YKM09780,63,14,30438.882031400663,20585.816131562115,6,Orta,47,0,1,0,1,Yuksek,SMS
YKM09781,63,111,35276.30134115052,26489.694490779122,3,Yuksek,43,0,2,0,1,Orta,SMS
YKM09782,52,93,43108.823781408886,8833.453854466617,2,Yuksek,50,0,1,0,1,Orta,Mobil_Bildirim
YKM09783,33,62,159186.57854094545,32339.643260151475,5,Dusuk,39,0,1,1,0,Dusuk,Mobil_Bildirim
YKM09784,37,89,61470.04210261394,56181.638761097725,6,Orta,38,0,1,1,0,Yuksek,SMS
YKM09785,26,177,26262.356947769553,44605.378162383386,2,Dusuk,34,1,4,1,1,Dusuk,SMS
YKM09786,44,106,30606.933622984772,11051.195191882816,2,Dusuk,41,0,1,1,0,Yuksek,SMS
YKM09787,32,92,179551.2115355121,11731.31755437075,2,Orta,36,0,1,1,0,Yuksek,SMS
YKM09788,50,46,25494.60751640146,35948.63424413795,2,Yuksek,27,0,0,1,1,Yuksek,Mobil_Bildirim
YKM09789,54,156,25480.324187856302,11932.92596669116,2,Yuksek,29,0,3,0,1,Yuksek,Mobil_Bildirim
YKM09790,41,77,24299.100825186837,12170.47378688279,6,Dusuk,35,0,0,1,1,Yuksek,Mobil_Bildirim
YKM09791,30,43,146302.0516684397,23991.431087974437,3,Orta,36,0,1,1,0,Yuksek,SMS
YKM09792,59,98,33052.01684357531,32900.416543308966,6,Orta,42,0,2,1,0,Orta,Mobil_Bildirim
YKM09793,52,68,60013.03312853451,32721.67106211076,6,Orta,34,1,2,1,0,Yuksek,Eposta
YKM09794,60,44,90401.09929822487,33888.80513047151,3,Dusuk,31,0,2,1,1,Orta,SMS
YKM09795,38,39,26141.719350935036,24692.028202745143,6,Dusuk,50,1,1,1,1,Dusuk,Mobil_Bildirim
YKM09796,69,40,23158.675517564756,21059.500999579035,3,Orta,34,0,0,0,1,Yuksek,Mobil_Bildirim
YKM09797,37,50,91018.0231729592,28163.112202798522,1,Orta,32,1,1,1,1,Dusuk,Mobil_Bildirim
YKM09798,33,90,50664.36550141681,65550.60191275645,2,Dusuk,37,0,0,0,1,Yuksek,SMS
YKM09799,47,82,41759.23578413425,37914.736131368,3,Orta,46,0,2,1,0,Orta,Eposta
YKM09800,24,106,113722.16209815258,32497.552188739555,5,Orta,40,1,1,0,0,Orta,SMS
YKM09801,28,48,43817.58679939605,12251.941464472846,1,Dusuk,47,1,1,1,1,Yuksek,SMS
YKM09802,35,122,15540.467415560302,34032.15843885446,1,Yuksek,42,0,2,1,1,Dusuk,Mobil_Bildirim
YKM09803,59,26,39752.92697865527,13570.365155460453,4,Orta,33,1,0,1,0,Orta,Mobil_Bildirim
YKM09804,38,173,46287.87329504854,30801.24304365751,3,Orta,41,0,2,1,1,Dusuk,Mobil_Bildirim
YKM09805,42,172,51427.09680733199,19584.65344135102,3,Orta,36,0,2,1,0,Orta,Mobil_Bildirim
YKM09806,62,80,31396.78992515901,11045.598432725252,6,Yuksek,42,0,0,1,1,Yuksek,Mobil_Bildirim
YKM09807,43,40,52088.265106071995,29908.16162119838,5,Dusuk,39,0,0,1,1,Orta,SMS
YKM09808,43,167,35659.977613509276,20134.66337179292,3,Yuksek,35,0,0,0,1,Yuksek,SMS
YKM09809,44,102,99500.50444471277,15107.637149917922,5,Dusuk,38,1,0,1,0,Orta,Mobil_Bildirim
YKM09810,25,173,53447.2586793638,30185.678594595214,4,Yuksek,32,1,3,1,1,Yuksek,Mobil_Bildirim
YKM09811,59,33,21823.200490242787,19817.078833072574,2,Orta,38,0,3,1,1,Yuksek,Eposta
YKM09812,26,129,45173.28055814681,17823.995708858376,1,Yuksek,35,0,1,1,1,Orta,Mobil_Bildirim
YKM09813,58,14,17233.45854557424,27728.051150060877,4,Yuksek,37,0,1,1,0,Orta,Eposta
YKM09814,24,82,41858.16100066459,25258.333352797323,1,Orta,34,1,1,1,1,Orta,SMS
YKM09815,53,116,48964.38484950673,19940.337297953043,5,Yuksek,32,0,1,1,1,Yuksek,Eposta
YKM09816,39,158,48331.67690300059,24893.36019240275,1,Yuksek,44,0,1,1,1,Orta,SMS
YKM09817,58,8,128570.168429742,41475.962085641295,2,Yuksek,28,1,3,1,0,Dusuk,Mobil_Bildirim
YKM09818,63,78,52955.819219584955,18132.951388745663,2,Dusuk,46,0,3,1,0,Dusuk,SMS
YKM09819,24,60,118951.93042385767,20216.384007826815,4,Dusuk,36,0,0,1,1,Yuksek,SMS
YKM09820,45,43,50780.700128183824,33462.37247567572,5,Dusuk,31,0,0,1,0,Yuksek,Eposta
YKM09821,44,148,53920.802277771225,20976.328500846084,3,Orta,33,1,0,0,0,Dusuk,SMS
YKM09822,55,49,60630.35289740584,33526.6735331357,3,Yuksek,46,0,3,1,0,Dusuk,Mobil_Bildirim
YKM09823,27,145,34500.80351023719,17501.789999149096,3,Dusuk,41,0,0,1,1,Orta,Eposta
YKM09824,32,177,33479.90771488416,34400.294653580124,4,Yuksek,33,1,4,1,1,Orta,Mobil_Bildirim
YKM09825,62,17,22316.060246163244,29545.016351799437,1,Dusuk,42,0,2,1,0,Yuksek,Mobil_Bildirim
YKM09826,54,19,29518.358135157632,34281.35192032322,6,Orta,33,0,1,1,1,Yuksek,SMS
YKM09827,27,1,25959.685593620237,24842.098729083154,1,Orta,38,0,1,1,1,Orta,SMS
YKM09828,50,70,101016.1958304843,20495.64782134163,4,Dusuk,35,0,0,1,1,Dusuk,SMS
YKM09829,29,9,100703.73590509791,5530.465862062841,3,Orta,41,0,1,1,1,Yuksek,SMS
YKM09830,20,160,45557.720867858196,20661.516529585693,2,Orta,38,0,1,1,1,Orta,SMS
YKM09831,40,157,57819.463187394715,15558.067231288118,4,Orta,43,0,0,0,1,Orta,Mobil_Bildirim
YKM09832,44,151,25855.745951701145,41621.75361872313,5,Orta,47,0,0,1,0,Yuksek,Mobil_Bildirim
YKM09833,55,128,34055.83688666798,60688.534011139636,5,Yuksek,40,0,1,1,1,Orta,Mobil_Bildirim
YKM09834,46,129,31808.556835175074,7273.707759272711,1,Orta,41,0,0,1,1,Orta,SMS
YKM09835,63,6,98308.59957639436,26642.459128967803,5,Orta,38,0,2,1,1,Dusuk,SMS
YKM09836,55,152,39145.424299190745,21957.941469534704,1,Yuksek,57,1,2,1,0,Orta,SMS
YKM09837,28,167,24922.03385487182,14413.627821894257,4,Yuksek,21,0,1,0,1,Orta,Mobil_Bildirim
YKM09838,44,18,30612.950764671106,34780.30658330338,2,Orta,38,0,2,1,1,Orta,Eposta
YKM09839,46,134,45843.46527804307,38322.09735270483,3,Dusuk,27,1,2,0,1,Orta,SMS
YKM09840,58,133,45014.62278927737,29846.22292636402,1,Yuksek,33,1,1,1,1,Yuksek,Mobil_Bildirim
YKM09841,57,160,67289.23014126944,15741.139796161902,6,Yuksek,40,0,2,0,0,Yuksek,SMS
YKM09842,38,109,123121.70230326965,27482.273246531822,3,Dusuk,24,0,1,1,1,Dusuk,Mobil_Bildirim
YKM09843,39,171,47043.72310518738,21483.498729580944,5,Orta,41,0,2,1,1,Yuksek,Mobil_Bildirim
YKM09844,26,48,65076.49887487236,13085.357518549687,6,Orta,38,0,0,1,1,Orta,Eposta
YKM09845,25,57,71498.86709318092,11765.13495315825,5,Dusuk,30,0,3,1,1,Dusuk,Mobil_Bildirim
YKM09846,41,69,29754.210809694978,42401.72406676862,5,Dusuk,33,1,0,0,0,Orta,Eposta
YKM09847,33,135,37875.96406313642,26395.450072401818,4,Dusuk,36,0,0,1,1,Yuksek,SMS
YKM09848,27,144,27080.994059468023,18338.172468276953,6,Dusuk,40,0,1,1,0,Dusuk,Eposta
YKM09849,51,147,39117.34728445366,8808.207187017568,1,Dusuk,44,0,3,1,1,Orta,SMS
YKM09850,55,186,20188.21105049616,25174.40066953199,6,Yuksek,29,0,2,1,0,Dusuk,Eposta
YKM09851,24,145,48114.87000373978,13763.707065793496,2,Orta,36,1,2,1,1,Orta,Mobil_Bildirim
YKM09852,35,108,49411.48042115865,37679.42124172118,2,Yuksek,35,0,1,1,0,Yuksek,SMS
YKM09853,39,149,25026.371109511478,16466.645479399293,6,Yuksek,36,1,2,1,1,Orta,Eposta
YKM09854,36,1,16089.947525264677,38506.25607704879,4,Yuksek,40,0,1,0,0,Yuksek,Eposta
YKM09855,27,105,31299.30225575741,15040.905140604973,5,Yuksek,40,0,1,1,1,Dusuk,Mobil_Bildirim
YKM09856,49,112,40246.10119021266,64399.10920457914,6,Dusuk,35,0,5,1,0,Yuksek,Eposta
YKM09857,38,58,27507.392665702744,14889.044749894954,3,Dusuk,28,1,0,1,1,Orta,Mobil_Bildirim
YKM09858,37,26,92925.1553962943,40037.10584477441,1,Dusuk,43,1,1,1,1,Orta,SMS
YKM09859,56,44,21030.401941682638,19565.912404963223,4,Orta,31,1,1,1,1,Orta,Eposta
YKM09860,44,83,30972.070556320556,15517.2004643653,2,Orta,38,1,1,1,1,Dusuk,SMS
YKM09861,30,132,31922.162321518288,21168.80813051206,5,Orta,44,0,1,1,0,Orta,SMS
YKM09862,59,166,42006.39817507195,20763.888414374065,1,Dusuk,48,0,1,1,1,Orta,Eposta
YKM09863,34,50,44178.451782153126,22349.492832783384,5,Yuksek,34,0,0,1,0,Yuksek,Mobil_Bildirim
YKM09864,24,113,47133.94399845921,25495.394513572246,4,Dusuk,25,0,1,1,1,Yuksek,SMS
YKM09865,56,80,51207.20027951524,57976.26819340841,1,Orta,46,0,2,1,1,Orta,SMS
YKM09866,23,160,71654.86890653805,51410.15108705317,5,Orta,31,1,2,1,1,Orta,SMS
YKM09867,43,44,45564.79369438795,51842.613284340405,5,Dusuk,25,0,1,1,0,Yuksek,SMS
YKM09868,69,1,37464.89301521887,17087.36819419395,1,Yuksek,29,0,2,1,1,Orta,SMS
YKM09869,49,166,73906.16062305828,16925.512011376337,4,Orta,53,0,3,1,1,Orta,Eposta
YKM09870,64,8,73235.84087665626,24139.267569470503,2,Orta,49,0,5,1,0,Orta,SMS
YKM09871,53,177,38681.75024443025,29697.3825002052,4,Orta,31,0,1,1,0,Yuksek,SMS
YKM09872,24,63,110717.6780395142,13194.353668519887,1,Dusuk,43,1,5,1,1,Dusuk,Mobil_Bildirim
YKM09873,39,50,86801.80739899397,71896.20126181822,4,Yuksek,42,0,3,1,0,Dusuk,Mobil_Bildirim
YKM09874,45,26,31804.11754384508,51814.79057530304,2,Yuksek,40,1,2,0,1,Orta,SMS
YKM09875,54,9,42216.67201408244,17227.246079389923,2,Orta,24,0,0,1,1,Orta,SMS
YKM09876,58,122,16990.79422059172,77301.09970884875,3,Dusuk,39,1,1,1,1,Dusuk,Mobil_Bildirim
YKM09877,64,42,19196.738454556023,11325.62923290789,2,Dusuk,41,1,1,0,1,Yuksek,SMS
YKM09878,42,86,37635.88828457869,22080.16884355306,4,Orta,44,0,2,1,0,Orta,SMS
YKM09879,51,168,45666.38220511924,10142.694890561601,6,Dusuk,29,0,1,1,1,Yuksek,SMS
YKM09880,50,52,41471.9333219997,32993.13502743319,1,Yuksek,48,0,3,1,1,Yuksek,SMS
YKM09881,37,125,50691.55496197908,10540.119460580137,5,Yuksek,34,0,2,1,0,Yuksek,Mobil_Bildirim
YKM09882,35,57,64280.75493642547,13520.936479300344,5,Orta,34,0,2,1,1,Yuksek,Mobil_Bildirim
YKM09883,55,112,15255.224876752554,28114.29649842052,1,Orta,41,1,2,1,1,Orta,SMS
YKM09884,44,99,27637.370551517604,32937.51149761887,4,Yuksek,40,0,3,0,1,Orta,SMS
YKM09885,39,105,85357.0349910143,24001.690253381887,1,Orta,46,0,3,1,1,Yuksek,SMS
YKM09886,36,183,54264.53799017397,27824.098803415698,3,Yuksek,46,0,2,1,1,Orta,Mobil_Bildirim
YKM09887,41,125,27589.636668130624,12117.397353358812,5,Yuksek,44,0,1,1,1,Yuksek,SMS
YKM09888,62,67,23002.657197067223,20807.91589663783,1,Yuksek,46,1,3,1,1,Yuksek,Mobil_Bildirim
YKM09889,28,137,86495.97688504508,13191.01513991001,3,Yuksek,26,1,3,1,0,Dusuk,SMS
YKM09890,36,76,66883.43191918774,64700.154846904945,3,Yuksek,38,1,1,0,1,Yuksek,Eposta
YKM09891,28,47,40813.4971659742,9433.29380115088,1,Dusuk,49,1,1,1,1,Yuksek,SMS
YKM09892,32,133,52846.467740594075,23340.136990551153,6,Dusuk,38,0,0,1,1,Orta,SMS
YKM09893,48,179,42281.77228564684,12434.601234113155,5,Orta,43,1,1,1,1,Orta,Eposta
YKM09894,54,123,22464.263571956442,31299.08786983205,5,Yuksek,37,1,4,1,1,Dusuk,Eposta
YKM09895,29,181,12485.903191116358,19821.481896995057,1,Yuksek,38,1,1,1,0,Orta,Eposta
YKM09896,28,64,30011.36501901184,40149.201604159134,5,Orta,38,1,1,1,0,Dusuk,SMS
YKM09897,26,137,53594.0641479118,17460.233844130766,4,Dusuk,37,0,2,1,1,Yuksek,SMS
YKM09898,65,168,34420.78897364453,23175.40708652592,1,Orta,22,1,0,1,1,Orta,Mobil_Bildirim
YKM09899,28,21,62388.38850105391,19203.551778878344,6,Yuksek,41,1,0,1,0,Dusuk,Mobil_Bildirim
YKM09900,28,114,31656.71914741118,61235.11124665593,2,Yuksek,45,0,0,0,1,Orta,Eposta
YKM09901,55,134,29492.290014708422,18331.275629840184,6,Yuksek,33,1,1,1,1,Orta,Eposta
YKM09902,61,41,22754.535519317058,83509.30821841492,6,Yuksek,42,0,1,1,1,Dusuk,Eposta
YKM09903,59,128,41294.55178837528,12033.810602908616,2,Orta,41,0,1,1,1,Yuksek,Eposta
YKM09904,50,88,40529.05039746246,53986.2855650471,5,Orta,48,0,0,1,0,Yuksek,SMS
YKM09905,46,64,61633.01561886539,104330.02543241461,3,Orta,34,0,2,1,1,Orta,SMS
YKM09906,44,53,46192.923178622055,31904.269149378448,5,Yuksek,29,0,1,1,1,Yuksek,Mobil_Bildirim
YKM09907,62,32,25918.985906037356,13931.61571703781,4,Yuksek,46,1,2,1,1,Yuksek,Mobil_Bildirim
YKM09908,35,97,41734.80440032297,24690.04030890538,6,Orta,27,0,1,1,1,Orta,SMS
YKM09909,35,51,36915.908756539684,48544.464646689245,5,Orta,38,1,2,0,0,Yuksek,Mobil_Bildirim
YKM09910,28,35,29049.12067282485,29293.064572450192,6,Orta,33,0,0,1,1,Yuksek,Eposta
YKM09911,58,110,28161.407484834188,29133.32036336979,3,Dusuk,38,0,2,1,1,Yuksek,SMS
YKM09912,36,5,38544.358932317715,21357.52243539394,2,Yuksek,29,0,3,1,0,Yuksek,Mobil_Bildirim
YKM09913,32,35,56485.410799404985,39405.21406480381,1,Dusuk,47,0,2,1,1,Dusuk,Eposta
YKM09914,58,5,45944.601978492734,65629.57520948462,3,Orta,37,0,1,1,1,Yuksek,Eposta
YKM09915,57,1,31846.576051305663,18575.02276439809,3,Yuksek,18,0,6,1,1,Yuksek,SMS
YKM09916,24,19,29689.427266103074,24545.699946469802,1,Dusuk,43,1,1,1,1,Orta,Eposta
YKM09917,58,124,30141.206793609937,13839.590942180967,4,Dusuk,54,1,1,1,0,Yuksek,Mobil_Bildirim
YKM09918,54,46,30891.750218940204,44345.78783255307,1,Orta,30,0,1,1,0,Orta,Mobil_Bildirim
YKM09919,68,118,69089.73908504509,38034.92680057418,3,Dusuk,26,0,0,0,1,Orta,Mobil_Bildirim
YKM09920,28,66,64934.54156237957,13870.534909685155,5,Yuksek,30,0,0,1,0,Yuksek,SMS
YKM09921,41,79,33092.84536490463,9819.382441902013,5,Yuksek,28,1,1,1,0,Dusuk,Mobil_Bildirim
YKM09922,63,146,41500.45926185072,33576.60018523104,2,Dusuk,43,0,1,1,1,Orta,Mobil_Bildirim
YKM09923,53,54,88100.77862828306,11096.93116376501,6,Orta,39,1,0,0,0,Yuksek,Mobil_Bildirim
YKM09924,54,16,68243.11015284766,19236.476789358352,2,Orta,34,0,4,1,0,Orta,Mobil_Bildirim
YKM09925,45,151,41473.1896595741,30014.078956003217,3,Yuksek,27,0,0,1,1,Dusuk,Eposta
YKM09926,40,147,37842.46735991913,30665.42947678212,6,Orta,38,0,1,1,1,Yuksek,SMS
YKM09927,37,62,30263.174685539125,22525.64670610805,3,Yuksek,49,1,1,1,1,Dusuk,SMS
YKM09928,37,109,66057.41185911304,17760.74065414854,4,Dusuk,39,0,1,0,1,Yuksek,SMS
YKM09929,56,42,73196.8101968179,23484.41711441557,3,Dusuk,30,1,0,1,1,Orta,Mobil_Bildirim
YKM09930,52,22,31714.760753781105,14893.940210433175,6,Yuksek,48,0,1,1,0,Dusuk,Mobil_Bildirim
YKM09931,52,65,37589.143758609134,27488.87565922675,3,Yuksek,41,0,2,0,1,Orta,SMS
YKM09932,61,87,67417.23375874486,38205.031126771304,3,Yuksek,42,0,1,1,1,Yuksek,Mobil_Bildirim
YKM09933,57,139,50510.19487288931,33599.74952059014,6,Yuksek,38,0,0,1,1,Yuksek,Mobil_Bildirim
YKM09934,69,3,84119.81932200992,29063.677605954275,5,Dusuk,36,0,1,1,1,Yuksek,Mobil_Bildirim
YKM09935,44,164,107406.93083611492,27962.559580585483,5,Orta,35,0,1,1,0,Yuksek,Mobil_Bildirim
YKM09936,61,154,49443.14009683783,8864.781291213318,5,Orta,42,1,2,1,1,Orta,SMS
YKM09937,41,101,55179.613883591104,18237.565126579313,2,Yuksek,32,0,3,1,1,Orta,Mobil_Bildirim
YKM09938,64,69,29238.04295429666,171816.33351617132,1,Orta,32,0,1,1,1,Orta,Eposta
YKM09939,32,104,98730.2713090487,29412.031841587566,2,Orta,41,1,2,1,0,Orta,SMS
YKM09940,23,86,35692.103852143875,10495.390351693488,4,Orta,37,0,2,0,0,Orta,Mobil_Bildirim
YKM09941,54,168,56516.65240967163,47932.399283104154,2,Dusuk,41,0,1,1,1,Yuksek,Eposta
YKM09942,48,57,111905.95362459529,9729.572938591504,3,Dusuk,34,1,0,1,1,Orta,Mobil_Bildirim
YKM09943,45,115,50550.199268519435,15751.489732220602,5,Orta,39,1,0,1,1,Dusuk,Eposta
YKM09944,56,166,44076.82263938273,8313.341125885467,1,Yuksek,49,0,0,1,0,Yuksek,Mobil_Bildirim
YKM09945,64,146,74158.06565376926,13296.003102015571,6,Dusuk,35,1,1,1,0,Yuksek,SMS
YKM09946,28,108,39286.547163162875,20228.453057714996,5,Yuksek,45,0,1,0,0,Orta,Mobil_Bildirim
YKM09947,44,77,34436.27476898774,38062.244800883345,3,Orta,42,0,1,1,0,Dusuk,SMS
YKM09948,67,98,18853.68508977986,46300.68566572152,5,Orta,32,0,1,1,1,Orta,Mobil_Bildirim
YKM09949,56,57,58029.841313288576,37655.62911096619,4,Orta,32,1,2,1,1,Orta,SMS
YKM09950,29,177,32594.925215692165,19024.82507063594,3,Yuksek,30,0,0,1,1,Dusuk,Eposta
YKM09951,68,22,47306.07517500171,5619.572270485334,3,Orta,33,1,1,1,1,Yuksek,SMS
YKM09952,32,10,63233.44808037667,29667.998037976187,4,Dusuk,44,0,1,1,0,Orta,SMS
YKM09953,37,174,41780.79671541035,28208.98058165505,6,Yuksek,49,0,1,1,0,Orta,Eposta
YKM09954,38,179,55804.14807062665,16603.921751407586,3,Orta,28,0,1,1,0,Orta,SMS
YKM09955,20,54,51445.6208038406,20922.858986451964,2,Orta,28,0,2,1,0,Dusuk,Mobil_Bildirim
YKM09956,48,172,25315.627602542994,25090.770321521686,2,Orta,35,1,2,1,0,Dusuk,Eposta
YKM09957,55,165,11742.275099855871,32974.39481241613,5,Orta,43,0,1,1,0,Yuksek,Mobil_Bildirim
YKM09958,44,184,37546.41045794938,41509.172744925585,1,Yuksek,34,1,1,1,0,Orta,Eposta
YKM09959,49,111,56035.20651032731,20287.647672812112,6,Yuksek,44,0,1,1,1,Orta,Mobil_Bildirim
YKM09960,48,104,89444.46969950905,48871.87889399531,1,Dusuk,41,0,0,1,0,Yuksek,SMS
YKM09961,44,68,26913.245996506343,17488.136326625605,3,Dusuk,37,0,0,1,1,Yuksek,Mobil_Bildirim
YKM09962,24,165,27435.65903890617,20916.963331036204,3,Orta,46,0,1,1,0,Dusuk,SMS
YKM09963,23,173,50836.32686324611,13114.35497329723,5,Yuksek,43,0,2,1,1,Orta,Mobil_Bildirim
YKM09964,38,96,54908.76678153903,61386.002450164146,4,Orta,35,0,0,1,0,Yuksek,Eposta
YKM09965,34,22,41590.329204970025,53523.066408715174,3,Orta,47,0,1,1,0,Orta,Eposta
YKM09966,36,101,60026.28006775519,30250.419464299463,1,Dusuk,42,0,1,1,0,Orta,Mobil_Bildirim
YKM09967,56,126,95637.6496981882,47862.215830287394,1,Dusuk,37,1,0,1,1,Orta,Mobil_Bildirim
YKM09968,54,130,74779.02821659541,21849.965701584577,5,Yuksek,44,0,4,0,1,Yuksek,SMS
YKM09969,35,97,23762.12230272644,17755.57367634747,1,Orta,43,1,1,0,1,Dusuk,SMS
YKM09970,39,96,34517.2622654705,29035.319836633586,5,Dusuk,49,0,1,1,1,Yuksek,SMS
YKM09971,33,33,34574.82486660515,12621.311972289963,2,Yuksek,35,0,2,0,1,Orta,Mobil_Bildirim
YKM09972,47,146,42461.60415277632,27249.725083578,4,Yuksek,36,0,3,1,0,Orta,Mobil_Bildirim
YKM09973,63,19,43705.58442900257,21068.52971905798,3,Dusuk,31,0,1,0,0,Yuksek,SMS
YKM09974,56,44,75140.46962715879,16549.25719254124,6,Orta,43,0,0,1,1,Yuksek,Eposta
YKM09975,28,44,74393.13722213566,8284.561904153103,3,Dusuk,28,0,1,1,0,Yuksek,SMS
YKM09976,29,183,27096.827895763065,23162.845139596888,6,Orta,37,0,2,1,1,Orta,Mobil_Bildirim
YKM09977,49,171,77010.27575252506,25283.16064951618,6,Yuksek,40,0,1,1,0,Yuksek,Mobil_Bildirim
YKM09978,47,152,82947.47539426918,29581.477965546972,6,Orta,44,0,0,1,0,Orta,Mobil_Bildirim
YKM09979,29,96,46251.75183153302,37801.595678727674,4,Dusuk,49,0,3,1,1,Yuksek,Eposta
YKM09980,54,28,75668.51484874861,14591.383333395423,2,Yuksek,34,0,1,1,1,Yuksek,Mobil_Bildirim
YKM09981,30,39,56406.09685569872,39411.70666442294,1,Dusuk,50,0,2,1,1,Dusuk,Eposta
YKM09982,26,42,40671.97227077594,48455.46330647614,3,Yuksek,34,0,1,1,0,Orta,Mobil_Bildirim
YKM09983,55,22,29841.937945345453,18948.304258834913,2,Yuksek,40,0,2,1,1,Yuksek,Mobil_Bildirim
YKM09984,57,42,57543.392600784915,19551.465846054707,4,Orta,28,0,3,1,1,Dusuk,Mobil_Bildirim
YKM09985,68,38,41862.0723139925,14803.161076748182,1,Dusuk,39,0,3,1,1,Orta,Mobil_Bildirim
YKM09986,62,69,101403.67010285269,36334.57223184796,5,Orta,36,0,1,1,1,Yuksek,Eposta
YKM09987,34,52,47230.22471824419,32233.670204636812,3,Yuksek,19,0,2,1,0,Yuksek,Mobil_Bildirim
YKM09988,43,51,27612.86020813647,51980.28268107757,3,Yuksek,39,1,0,1,0,Orta,Mobil_Bildirim
YKM09989,38,62,65366.404144966764,25104.04223906562,4,Dusuk,34,0,1,1,1,Orta,SMS
YKM09990,54,143,105667.5574518617,19362.748746113964,1,Orta,36,0,4,1,1,Orta,Eposta
YKM09991,32,67,33254.58749003469,40416.16853303137,1,Orta,38,1,2,1,1,Orta,SMS
YKM09992,34,86,59543.531755384785,19869.889373346094,3,Yuksek,34,0,1,1,0,Yuksek,SMS
YKM09993,45,107,18480.192694303005,21886.481317454763,2,Orta,35,0,3,1,1,Orta,Eposta
YKM09994,22,118,57836.420869937814,29636.69794174462,5,Yuksek,35,0,2,1,1,Orta,Mobil_Bildirim
YKM09995,47,45,147369.76112137447,16634.028454999574,1,Orta,40,0,1,0,1,Yuksek,SMS
YKM09996,54,110,40251.259126523495,20837.845814372933,1,Dusuk,49,0,2,0,1,Yuksek,SMS
YKM09997,43,66,35299.80948990474,17402.421384405458,5,Orta,58,0,1,0,0,Yuksek,Mobil_Bildirim
YKM09998,69,151,24612.5411841854,22797.663426283954,2,Yuksek,34,0,1,1,0,Orta,SMS
YKM09999,29,17,80022.15058886062,27722.91827959952,1,Yuksek,36,0,0,0,1,Orta,Mobil_Bildirim
YKM10000,60,143,30523.96496068271,22565.576949118822,3,Dusuk,44,1,2,1,1,Yuksek,SMS
